X0(143) PERIOD MATRIX IN THE MANIN BASIS - v6
Convention: entry = int_path f dz ; certified via L(11a,1) and all 13 L-values.
Rows: 1=f1(143a) | 2-5=f2 quartic emb | 6-11=f3 sextic emb | 12=11a(q) | 13=11a(q^13)
a2 per row: [0, -0.19712629759995263679653035237925485764797195904732, 1.7474684539079483038727993375104435470795054132220, -1.1267570596172168172849817847392338761770276144193, 2.5764149033092211502087127996080451867454941602446, 2.4466510034818040282628751211415692101606052449367, 1.3653644962925056583543996489859418930306818439900, 1.2312713859754463100412194596285719741740495501492, -0.63303622567224008934548519173751180230631945660995, -1.7012607013273055722120888441189194566181597421685, -2.7089899587502103351009201938996518184408574402973, -2, -2]
a3 per row: [-1, -2.8757635815038299541849943195219929251604406644230, 0.82478794234553002752760951875265570391283539697560, 2.2392542998477585002872471707434537261766867195656, -0.18827866068945857362986236997411650492908145211815, -2.3345989032974461731300420840665984426737118622683, 3.3086410617213611898447496002406874619668369417327, 0.35710678724973230439268425527068764069694332243904, 2.2794400425111663274994965062637285431209283759403, -2.4375187628155980023074176921885865397628662257839, 1.8269297746307843537005294144800813366518694479402, -1, -1]

GENERATOR MANIFEST (29 Manin-symbol paths, free basis of H1(X,cusps))
  g1: path [+oo, 0]  (c:d) mod 143 = [1, 0]  bd 143->1
  g2: path [0, 1/8]  (c:d) mod 143 = [8, 1]  bd 1->1
  g3: path [1/8, 1/7]  (c:d) mod 143 = [7, 8]  bd 1->1
  g4: path [1/7, 1/6]  (c:d) mod 143 = [6, 7]  bd 1->1
  g5: path [1/6, 2/11]  (c:d) mod 143 = [11, 6]  bd 1->11
  g6: path [2/11, 1/5]  (c:d) mod 143 = [5, 11]  bd 11->1
  g7: path [1/5, 2/9]  (c:d) mod 143 = [9, 5]  bd 1->1
  g8: path [2/9, 5/22]  (c:d) mod 143 = [22, 9]  bd 1->11
  g9: path [5/22, 3/13]  (c:d) mod 143 = [13, 22]  bd 11->13
  g10: path [3/13, 1/4]  (c:d) mod 143 = [4, 13]  bd 13->1
  g11: path [1/4, 4/15]  (c:d) mod 143 = [15, 4]  bd 1->1
  g12: path [4/15, 7/26]  (c:d) mod 143 = [26, 15]  bd 1->13
  g13: path [5/17, 8/27]  (c:d) mod 143 = [27, 17]  bd 1->1
  g14: path [3/10, 7/23]  (c:d) mod 143 = [23, 10]  bd 1->1
  g15: path [7/23, 4/13]  (c:d) mod 143 = [13, 23]  bd 1->13
  g16: path [4/13, 1/3]  (c:d) mod 143 = [3, 13]  bd 13->1
  g17: path [9/25, 4/11]  (c:d) mod 143 = [11, 25]  bd 1->11
  g18: path [4/11, 7/19]  (c:d) mod 143 = [19, 11]  bd 11->1
  g19: path [7/19, 3/8]  (c:d) mod 143 = [8, 19]  bd 1->1
  g20: path [5/13, 7/18]  (c:d) mod 143 = [18, 13]  bd 13->1
  g21: path [7/18, 2/5]  (c:d) mod 143 = [5, 18]  bd 1->1
  g22: path [2/5, 5/12]  (c:d) mod 143 = [12, 5]  bd 1->1
  g23: path [5/12, 3/7]  (c:d) mod 143 = [7, 12]  bd 1->1
  g24: path [4/9, 5/11]  (c:d) mod 143 = [11, 9]  bd 1->11
  g25: path [5/9, 4/7]  (c:d) mod 143 = [7, 9]  bd 1->1
  g26: path [13/21, 5/8]  (c:d) mod 143 = [8, 21]  bd 1->1
  g27: path [9/14, 11/17]  (c:d) mod 143 = [17, 14]  bd 1->1
  g28: path [11/17, 2/3]  (c:d) mod 143 = [3, 17]  bd 1->1
  g29: path [12/17, 17/24]  (c:d) mod 143 = [24, 17]  bd 1->1

CUSPIDAL INTEGER BASIS K (29 x 26), columns = integer combos of generators; Omega_cusp = Omega*K
[0, 0, 0, 0, 0, 0, 0, 0, 0, 0, 0, 0, 0, 0, 0, 0, 0, 0, 0, 0, 0, 0, 0, 0, 0, 0; 1, 0, 0, 0, 0, 0, 0, 0, 0, 0, 0, 0, 0, 0, 0, 0, 0, 0, 0, 0, 0, 0, 0, 0, 0, 0; 0, 1, 0, 0, 0, 0, 0, 0, 0, 0, 0, 0, 0, 0, 0, 0, 0, 0, 0, 0, 0, 0, 0, 0, 0, 0; 0, 0, 1, 0, 0, 0, 0, 0, 0, 0, 0, 0, 0, 0, 0, 0, 0, 0, 0, 0, 0, 0, 0, 0, 0, 0; 0, 0, 0, 0, 0, 0, 0, 0, 0, 0, 0, 0, 0, 0, 0, 0, -1, -1, 0, 0, 0, -1, -1, -1, 0, -1; 0, 0, 0, 0, 0, 0, 0, 0, 0, 0, 0, 0, 0, 0, 0, 0, -1, 0, 0, 0, 0, 0, 0, 0, 0, 0; 0, 0, 0, 1, 0, 0, 0, 0, 0, 0, 0, 0, 0, 0, 0, 0, 0, 0, 0, 0, 0, 0, 0, 0, 0, 0; 0, 0, 0, 0, 0, 0, 0, 0, 0, 0, 0, 0, 0, 0, 0, 0, 0, 1, 0, 0, 0, 0, 0, 0, 0, 0; 0, 0, 0, 0, 0, 0, 0, 0, 0, 0, 0, 0, 0, 0, 0, 0, 0, 0, 0, 0, 0, 0, 0, 0, 0, -1; 0, 0, 0, 0, 0, 0, 0, 0, 0, 0, 0, 0, 0, 0, 0, 0, 0, 0, 1, 1, 1, 0, 0, 0, 1, -1; 0, 0, 0, 0, 1, 0, 0, 0, 0, 0, 0, 0, 0, 0, 0, 0, 0, 0, 0, 0, 0, 0, 0, 0, 0, 0; 0, 0, 0, 0, 0, 0, 0, 0, 0, 0, 0, 0, 0, 0, 0, 0, 0, 0, 1, 0, 0, 0, 0, 0, 0, 0; 0, 0, 0, 0, 0, 1, 0, 0, 0, 0, 0, 0, 0, 0, 0, 0, 0, 0, 0, 0, 0, 0, 0, 0, 0, 0; 0, 0, 0, 0, 0, 0, 1, 0, 0, 0, 0, 0, 0, 0, 0, 0, 0, 0, 0, 0, 0, 0, 0, 0, 0, 0; 0, 0, 0, 0, 0, 0, 0, 0, 0, 0, 0, 0, 0, 0, 0, 0, 0, 0, 0, 1, 0, 0, 0, 0, 0, 0; 0, 0, 0, 0, 0, 0, 0, 0, 0, 0, 0, 0, 0, 0, 0, 0, 0, 0, 0, 0, -1, 0, 0, 0, 0, 0; 0, 0, 0, 0, 0, 0, 0, 0, 0, 0, 0, 0, 0, 0, 0, 0, 0, 0, 0, 0, 0, 1, 0, 0, 0, 0; 0, 0, 0, 0, 0, 0, 0, 0, 0, 0, 0, 0, 0, 0, 0, 0, 0, 0, 0, 0, 0, 0, -1, 0, 0, 0; 0, 0, 0, 0, 0, 0, 0, 1, 0, 0, 0, 0, 0, 0, 0, 0, 0, 0, 0, 0, 0, 0, 0, 0, 0, 0; 0, 0, 0, 0, 0, 0, 0, 0, 0, 0, 0, 0, 0, 0, 0, 0, 0, 0, 0, 0, 0, 0, 0, 0, -1, 0; 0, 0, 0, 0, 0, 0, 0, 0, 1, 0, 0, 0, 0, 0, 0, 0, 0, 0, 0, 0, 0, 0, 0, 0, 0, 0; 0, 0, 0, 0, 0, 0, 0, 0, 0, 1, 0, 0, 0, 0, 0, 0, 0, 0, 0, 0, 0, 0, 0, 0, 0, 0; 0, 0, 0, 0, 0, 0, 0, 0, 0, 0, 1, 0, 0, 0, 0, 0, 0, 0, 0, 0, 0, 0, 0, 0, 0, 0; 0, 0, 0, 0, 0, 0, 0, 0, 0, 0, 0, 0, 0, 0, 0, 0, 0, 0, 0, 0, 0, 0, 0, 1, 0, 0; 0, 0, 0, 0, 0, 0, 0, 0, 0, 0, 0, 1, 0, 0, 0, 0, 0, 0, 0, 0, 0, 0, 0, 0, 0, 0; 0, 0, 0, 0, 0, 0, 0, 0, 0, 0, 0, 0, 1, 0, 0, 0, 0, 0, 0, 0, 0, 0, 0, 0, 0, 0; 0, 0, 0, 0, 0, 0, 0, 0, 0, 0, 0, 0, 0, 1, 0, 0, 0, 0, 0, 0, 0, 0, 0, 0, 0, 0; 0, 0, 0, 0, 0, 0, 0, 0, 0, 0, 0, 0, 0, 0, 1, 0, 0, 0, 0, 0, 0, 0, 0, 0, 0, 0; 0, 0, 0, 0, 0, 0, 0, 0, 0, 0, 0, 0, 0, 0, 0, 1, 0, 0, 0, 0, 0, 0, 0, 0, 0, 0]

T2_29 (Merel route, integer): 
[3, 0, 0, 0, 0, 0, 0, 0, 0, 0, 0, 0, 0, 0, 0, 0, 0, 0, 0, 0, 0, 0, 0, 0, 0, 0, 0, 0, 0; 0, 1, 0, -1, 0, 0, 0, 0, 0, 1, 0, 0, 1, -1, 1, 0, 0, 0, 0, 0, 0, 0, 0, 0, 1, 1, -1, 0, 0; 0, 1, 0, -1, 0, 0, -1, 0, 0, 1, 1, 0, 1, -1, 1, 0, 0, 0, 0, 0, 0, 0, 0, 0, 2, 1, 0, -1, 0; 1, 1, 0, 0, 0, 0, -1, 0, 0, 0, 0, 0, 1, -1, 0, 1, 0, 0, 1, 0, 0, 0, 0, 0, 0, 0, 0, 0, 0; 0, 1, -1, 0, 0, 0, 0, 0, 0, 0, 0, 0, 0, 0, 0, 0, 1, 0, 0, 0, 0, 0, 0, 0, -1, 0, 0, 0, 0; 1, 1, 0, 0, 0, 0, 0, 0, 0, 0, -1, 0, 1, 0, 0, -1, 0, 0, 1, 0, 0, 0, 0, 0, -1, 0, 0, 0, 0; 1, 2, -1, -1, 0, 0, 0, 0, 0, 0, 0, 0, 0, 0, 0, 0, 0, 0, 0, 0, 0, -1, 1, 0, 0, 0, 0, 0, 0; 0, 1, 0, 0, 0, 0, 0, 0, 0, -1, 0, 0, 0, 1, 0, 0, 1, 0, 0, 0, 0, 0, 0, 1, 0, 0, 1, 0, 1; 0, 1, -1, 0, -1, 1, 0, -1, 2, -1, 1, 0, -1, 1, 0, 0, 0, 0, 0, 0, 0, 0, 0, 0, 0, 0, 0, 0, 0; 1, 1, 0, 0, 0, 0, 0, -1, 0, 0, 0, 0, 0, 0, -1, 1, 0, 0, 1, 0, 0, 0, 0, 0, 0, 0, 0, 0, 0; 1, -1, 1, 0, 1, -1, 0, 0, 0, 0, -1, 1, 0, 0, 0, 0, 0, 0, 0, 0, 0, 0, 0, 0, 0, 0, 0, 0, 0; 1, 0, 1, 0, 1, -1, 0, 0, 0, 0, 0, 1, 1, -1, 1, 0, 0, 0, 0, -1, 0, 0, 0, 0, 0, 1, 0, 0, 1; 0, 0, 0, 1, -1, 1, 0, 0, 0, -1, -1, 0, 0, 0, 0, 0, 0, 0, 0, 0, 0, 0, 0, 0, -1, 1, 0, 1, 0; 0, 0, 0, 0, -1, 1, 0, 0, 1, -1, 0, 0, 0, 0, 0, 0, 0, 1, -1, 0, 0, 0, 0, 0, 0, 1, 0, 1, 1; 1, 0, 0, 1, 0, 0, 0, 0, 1, -2, 0, 1, 0, 0, 0, -1, 0, 0, 1, -1, -1, 0, 0, 0, 0, 0, 0, 1, 1; 0, 0, 0, 1, 0, -1, 0, 0, 0, 0, 0, 0, 0, 0, 0, 0, 0, 0, 0, 1, -1, 0, 0, 0, 0, 1, 0, 1, 1; 1, 0, 0, 0, 2, -1, 0, 1, -1, 0, 0, 0, 0, 0, 0, -1, 0, -2, 1, 0, 0, 0, 0, 1, 0, -1, 0, 0, 0; 1, 0, 0, 0, 0, 1, 0, 0, 0, 0, 0, 0, 0, 0, 0, 0, -1, 0, 0, 0, 0, 0, 0, -1, 0, -1, 0, 1, 1; 1, 0, 0, 0, 0, 1, 0, 0, 0, 0, 0, 0, 0, 0, 0, 0, 0, 0, 0, 0, 0, -1, 0, -1, 0, -1, 1, 0, 1; 1, 0, 0, 0, 0, 1, 0, 0, 0, 0, 1, -1, 0, 0, -1, 1, 0, 0, 0, 0, 0, 0, 0, 0, 0, 0, 0, 0, 1; 1, 0, 0, 0, 0, 1, 0, 0, 0, 0, 0, 0, 0, 1, -1, 0, 1, 0, 0, 0, 0, 0, -1, 0, 0, 0, 1, 0, 1; 0, 0, 0, 0, 0, 0, 0, 0, 0, 0, 0, 0, 0, 0, 0, 0, 0, 1, -1, 0, 0, 0, 0, 0, -1, 0, 0, 0, 1; 1, 0, 0, 0, 0, 0, 1, 0, 0, 0, 0, 0, 0, 0, 0, 0, 0, 0, 0, 0, -1, 0, 0, 0, -1, 0, 1, -1, 1; 1, 0, 0, 0, 0, 0, 0, 1, 0, 0, 0, 0, 0, 0, 0, 0, 0, -1, 0, 0, 0, 0, 0, 0, 0, 0, -1, 1, 0; 0, 1, 0, 0, -1, 0, 0, 0, 0, 0, 0, 0, 0, 0, 0, 0, 0, 0, 0, 0, 0, -1, 0, 0, 0, 0, 0, 0, 0; 0, 0, 1, -1, 0, 0, 0, 0, 0, 1, 0, 0, 1, 0, 0, 1, 0, 0, -1, 0, 1, 0, 0, 0, 0, 0, 0, 0, 0; 0, -1, 1, 0, 0, 0, 0, 0, 0, 0, 0, 0, 1, 0, 0, 1, 0, 1, 0, -1, 1, -1, 0, -1, 0, 0, 0, 0, 0; 0, 0, 0, 0, 0, 0, 0, 0, 0, 0, 0, 0, 1, 0, 0, 1, 0, 1, 0, -1, 1, 0, -1, 0, 0, 0, 0, 0, 0; 0, 0, 0, 0, 0, 0, 0, 0, 0, 0, 0, 0, -1, 1, 0, 0, 1, 0, 0, 1, -1, 1, 0, 0, 0, 0, 1, 0, 1]
T3_29: 
[4, 0, 0, 0, 0, 0, 0, 0, 0, 0, 0, 0, 0, 0, 0, 0, 0, 0, 0, 0, 0, 0, 0, 0, 0, 0, 0, 0, 0; 0, 0, 0, 0, 0, 0, 0, 0, 0, 0, 0, 0, 0, -1, 1, 0, 0, -1, 2, 1, -1, 1, -1, 0, 0, 1, -1, 1, 1; 0, 0, 0, 0, 0, 0, 0, 0, 0, 0, 0, 0, 0, -1, 1, -1, 0, -1, 1, 1, 0, 1, -1, 0, 0, 1, 0, 0, 1; 1, 1, 0, 0, 0, 0, 0, -1, 0, 0, 1, -1, 1, -1, 1, 0, 0, -1, 1, 1, 0, 0, 0, 0, 1, 1, -2, 2, 1; 0, 0, 0, 0, 0, 0, 0, 0, 0, 0, -1, 1, 0, -1, 1, 0, 0, -1, 0, 1, 0, 0, -1, 0, 0, 1, -1, 1, 1; 1, 1, 0, 0, 0, 0, -1, -1, 1, 0, 1, 0, 1, -1, 1, 0, 0, 1, -1, 0, 1, 0, 0, -1, 1, 1, 0, 0, 2; 1, 1, 0, 0, 0, -1, 0, 0, 0, 0, 1, -1, 1, -1, 1, 0, 0, 0, 0, 0, 0, 0, 1, 0, 0, 0, 0, 1, 1; 1, 1, 0, -1, 0, -1, 0, 1, 0, 0, 0, 0, 1, -1, 1, 0, 0, -1, 1, 0, 0, 0, 0, 0, -1, -1, 0, 0, 0; 0, 0, 0, 0, -1, 1, 0, -1, 2, -1, 0, 1, 0, -1, 1, 0, -1, 0, 1, 1, -1, 0, -1, -1, 0, -1, 0, 1, 1; 1, 1, 0, 0, 0, 0, 0, -1, 0, 0, 1, -1, 1, -1, 0, 1, 0, 0, 0, 1, 1, 0, 0, -1, 1, 0, -1, 1, 1; 1, 1, 0, 0, 0, -1, 0, 0, 0, 0, 1, -1, 1, 0, 0, 0, 1, 0, 0, -2, 2, 1, 1, 0, 0, 0, 0, -1, -1; 2, 1, 0, 0, 1, -1, 0, 0, 0, 0, 0, 0, 1, 1, 0, -2, 2, 0, -1, -2, 1, 0, 1, 0, 0, 0, 1, -1, 0; 1, -1, 0, 0, 0, 0, 0, 0, 0, 0, 0, 0, 0, 1, -1, 0, 0, 1, -1, -1, 0, -1, 2, -1, 0, -1, 0, 0, -1; 1, -1, -1, 1, 0, 0, 0, 0, 0, -1, 0, 0, -1, 1, 0, -1, -1, 1, 0, -1, 0, -2, 2, -2, 0, 0, -1, 0, -1; 1, 1, -1, 1, 0, 0, 0, 0, 1, -2, 1, 0, 0, -1, 2, -1, -1, 0, 0, -2, 1, -1, 1, 0, 1, 1, -2, 1, 0; 1, 1, -2, 0, 0, 0, 0, 1, -1, 0, 0, -1, 0, -1, 0, 0, -1, 0, 0, 0, 0, -2, 1, 0, 0, 0, -1, 0, -1; 0, 2, 0, 0, 1, -1, -1, 0, 0, 0, 2, 0, 1, 0, 0, 0, 2, -1, 0, 0, 0, 1, -1, 2, 1, 0, 1, 0, 2; 1, 2, -1, 1, -2, 1, 1, -2, 1, -1, 0, 0, 0, 0, 0, 0, 0, 0, 0, 0, 0, 1, -1, 0, 0, 0, 1, 0, 1; 1, 2, 0, 1, -1, 0, 0, -1, 1, 0, 0, 0, 0, 1, 0, 0, 1, 0, 0, 0, 0, 1, -1, 0, 0, 0, 1, 0, 1; 1, 0, 1, 1, 0, 0, 0, -1, 0, 1, 0, -1, 0, 1, -1, 0, 1, 0, 0, 0, 0, 1, 0, 0, 0, 0, 1, 0, 1; 1, -1, 2, 0, 1, 0, 0, -1, 0, 1, 1, -1, 0, 1, 0, 0, 1, 0, 0, 0, 0, 1, 0, 0, 0, 0, 1, 0, 1; 0, 0, 1, -1, 0, 0, 0, 0, 0, 1, 0, 0, 1, 0, 0, -1, 0, 0, 0, 0, 0, 0, 0, 0, -1, 0, 0, 0, 0; 1, 0, 1, 0, 0, 0, 1, -1, 0, 0, 0, 0, 1, 1, 0, -1, 1, 0, -1, 0, 0, 0, 0, 0, 0, 0, 1, 0, 1; 1, 0, -1, 2, 0, 0, 1, -1, 0, -2, 0, 0, -1, 0, 0, 0, 1, 0, -1, 0, 0, 0, 0, 0, 1, 0, 1, 0, 1; 0, 0, 0, 0, 0, 0, 0, 0, 0, 0, 0, 0, 0, 0, 0, 0, 0, 0, 0, 1, -1, -1, 0, 0, 0, -1, 0, 1, 1; 1, -1, 0, 0, 0, 0, 1, 0, -1, 0, -1, 0, -1, 1, -1, 0, 0, 0, 0, 0, 0, 0, 0, 0, -2, -1, 2, -2, -1; 1, -1, 0, 0, -1, 0, 2, 0, 0, -1, -1, 0, 0, -1, 0, 0, -1, 0, 0, 0, 0, 0, 0, 0, -1, 0, 0, 0, -1; 1, 0, -1, 1, -1, -1, 2, 0, 0, -1, -1, 0, 0, -1, 0, 0, -1, 0, 0, 0, 0, 0, 0, 0, -1, -1, 0, 0, -1; 0, 0, 1, -1, 1, 1, -1, 0, 0, 1, 0, 0, 0, 1, 0, 0, 1, 0, 0, 0, 0, 0, 0, 0, 1, 0, 0, 0, 0]
charpoly T2 cuspidal: x^26 + 2*x^25 - 37*x^24 - 76*x^23 + 589*x^22 + 1254*x^21 - 5273*x^20 - 11792*x^19 + 29073*x^18 + 69770*x^17 - 101103*x^16 - 270680*x^15 + 214415*x^14 + 695542*x^13 - 233667*x^12 - 1164348*x^11 - 2413*x^10 + 1203450*x^9 + 330073*x^8 - 669152*x^7 - 358824*x^6 + 117120*x^5 + 126352*x^4 + 30336*x^3 + 2304*x^2
charpoly T3 cuspidal: x^26 - 48*x^24 - 8*x^23 + 992*x^22 + 312*x^21 - 11572*x^20 - 5192*x^19 + 83936*x^18 + 48328*x^17 - 392672*x^16 - 276024*x^15 + 1187094*x^14 + 994888*x^13 - 2252576*x^12 - 2236216*x^11 + 2500256*x^10 + 2987912*x^9 - 1399700*x^8 - 2185080*x^7 + 271072*x^6 + 798712*x^5 + 33504*x^4 - 123144*x^3 - 10703*x^2 + 5880*x + 784

OMEGA (13 x 29): lines  i j Re Im
1 1 0 0
1 2 0 0
1 3 0 -0.31352300915287423503215575582714111095417953831197
1 4 0 0.31352300915287423503215575582714111095417953831197
1 5 0.32082012949187626141765594659353593589657145341926 -0.15676150457643711751607787791357055547708976915598
1 6 0 0
1 7 0 0
1 8 0 0.31352300915287423503215575582714111095417953831197
1 9 0 0
1 10 -0.32082012949187626141765594659353593589657145341926 -0.15676150457643711751607787791357055547708976915598
1 11 0.32082012949187626141765594659353593589657145341926 -0.15676150457643711751607787791357055547708976915598
1 12 0 0.31352300915287423503215575582714111095417953831197
1 13 0 -0.31352300915287423503215575582714111095417953831197
1 14 0 0
1 15 0 -0.31352300915287423503215575582714111095417953831197
1 16 0 0
1 17 0 -0.31352300915287423503215575582714111095417953831197
1 18 0.32082012949187626141765594659353593589657145341926 0.15676150457643711751607787791357055547708976915598
1 19 -0.32082012949187626141765594659353593589657145341926 -0.15676150457643711751607787791357055547708976915598
1 20 0.32082012949187626141765594659353593589657145341926 -0.15676150457643711751607787791357055547708976915598
1 21 0 0.31352300915287423503215575582714111095417953831197
1 22 -0.32082012949187626141765594659353593589657145341926 -0.15676150457643711751607787791357055547708976915598
1 23 0 0
1 24 -0.32082012949187626141765594659353593589657145341926 0.15676150457643711751607787791357055547708976915598
1 25 0.32082012949187626141765594659353593589657145341926 -0.15676150457643711751607787791357055547708976915598
1 26 0 -0.31352300915287423503215575582714111095417953831197
1 27 0 0
1 28 0 -0.31352300915287423503215575582714111095417953831197
1 29 0 -0.31352300915287423503215575582714111095417953831197
2 1 0 -0.11802609082396967132805540241495530177702244878158
2 2 -0.0061225006189702213900099860809319288248563654696698 -0.43562042331118781777720055744976290175176292113349
2 3 0.22314604604106434371530057195148248951319612689476 0.58710033845893712751726405945566296312747559426808
2 4 0 -0.66564101025865884661619726548764646037843937220429
2 5 0.21234586356968780498113455638125147974358434905009 0.29936668080554978489609053315287847059052946174913
2 6 -0.12037645517441678165927592657771068645460788472108 0.28773365765338734262117352630278449253694613251896
2 7 -0.27793418239258446517785552745522232785569418033297 -0.065607673941490754942165316239312802219138905763407
2 8 0.18128709214490712451184086816238245362196230362896 -0.070646068564147277938944708057571628942094553620955
2 9 0 -0.11802609082396967132805540241495530177702244878158
2 10 0.42936940899178192730642514225180204043192411047518 0.33282050512932942330809863274382323018921968610215
2 11 -0.031058771424780680469293688218869026121622045421129 0.37001274936969706283503524121045009953262401537008
2 12 -0.18128709214490712451184086816238245362196230362896 -0.18867215938811694926700011047252693071911700240253
2 13 -0.060910636970490342852564941584671767167354418907878 0.21708758908924006468222881824521286359485157889800
2 14 0.36257418428981424902368173632476490724392460725792 0
2 15 -0.18128709214490712451184086816238245362196230362896 0.18867215938811694926700011047252693071911700240253
2 16 0 0
2 17 0.18128709214490712451184086816238245362196230362896 -0.070646068564147277938944708057571628942094553620955
2 18 0.21234586356968780498113455638125147974358434905009 -0.29936668080554978489609053315287847059052946174913
2 19 -0.091969408395271023321858629803540793288976464329008 0.58710033845893712751726405945566296312747559426808
2 20 -0.42936940899178192730642514225180204043192411047518 0.33282050512932942330809863274382323018921968610215
2 21 0 -0.66564101025865884661619726548764646037843937220429
2 22 0.10957627270304024292510991100747967668499610687642 0
2 23 0.27793418239258446517785552745522232785569418033297 -0.065607673941490754942165316239312802219138905763407
2 24 0.21234586356968780498113455638125147974358434905009 0.29936668080554978489609053315287847059052946174913
2 25 -0.10957627270304024292510991100747967668499610687642 0
2 26 -0.18128709214490712451184086816238245362196230362896 0.18867215938811694926700011047252693071911700240253
2 27 0.28405668301155468656786551353615425668055054580264 -0.37001274936969706283503524121045009953262401537008
2 28 -0.22314604604106434371530057195148248951319612689476 0.58710033845893712751726405945566296312747559426808
2 29 -0.21702354542209412232529058587055056068833976142509 0.15147991514774930974006350200590006137571267313460
3 1 0 -0.31907650107501814237234534773151038228285157177865
3 2 0.54966009184250115077709169531005126517708327226621 0.45282304006623505261215740044097645154075566877239
3 3 -0.34312833599004815685347706583304884662867933341868 0.096194491371600892207343515659026551994998944397147
3 4 0 -0.27728849209127661802412153659764228319679127459411
3 5 0.038238179174612250614301051393313740470196645417202 -0.091296784317179493435094800069671479654507404093838
3 6 -0.055112340075091711046879946598560760083819681581946 0.18749127568878038564243831572869803164950634849098
3 7 0.12488890837017209759614803392058717303733150320976 0.24227644628060475128570215843869065172366029798306
3 8 -0.27630832414753338047288271679902883150191576047535 0.11924980946845080789136044193261432016258796669550
3 9 0 -0.31907650107501814237234534773151038228285157177865
3 10 0.24476993502706524453791568087031615901860058426474 0.13864424604563830901206076829882114159839563729706
3 11 -0.31454650332214563108718376819234257197211240589255 -0.21054659378563030132645524200228579981709537078934
3 12 0.27630832414753338047288271679902883150191576047535 -0.19982669160656733448098490579889606212026360508315
3 13 0.33142066422262509151976266339758959158573544205730 0.30674108515723119353379875766131235181209431518648
3 14 -0.55261664829506676094576543359805766300383152095070 0
3 15 0.27630832414753338047288271679902883150191576047535 0.19982669160656733448098490579889606212026360508315
3 16 0 0
3 17 -0.27630832414753338047288271679902883150191576047535 0.11924980946845080789136044193261432016258796669550
3 18 0.038238179174612250614301051393313740470196645417202 0.091296784317179493435094800069671479654507404093838
3 19 0.016874160900479460432578895205247019613623036164744 0.096194491371600892207343515659026551994998944397147
3 20 -0.24476993502706524453791568087031615901860058426474 0.13864424604563830901206076829882114159839563729706
3 21 0 -0.27728849209127661802412153659764228319679127459411
3 22 0.43647885523975211851465806382492334718269566041782 0
3 23 -0.12488890837017209759614803392058717303733150320976 0.24227644628060475128570215843869065172366029798306
3 24 0.038238179174612250614301051393313740470196645417202 -0.091296784317179493435094800069671479654507404093838
3 25 -0.43647885523975211851465806382492334718269566041782 0
3 26 0.27630832414753338047288271679902883150191576047535 0.19982669160656733448098490579889606212026360508315
3 27 -0.67454900021267324837323972923063843821441477547597 0.21054659378563030132645524200228579981709537078934
3 28 0.34312833599004815685347706583304884662867933341868 0.096194491371600892207343515659026551994998944397147
3 29 -0.20653175585245299392361462947700241854840393884753 0.54901753143783594481950091610000300353575461316954
4 1 0 -0.16503959270856378442470871410425711515538042982411
4 2 0.32938829905958124766478550952847629044637708560166 -0.096659072512463745072300853100545550693884238023818
4 3 -0.013034249911541419977296394277568059630163833581482 0.053493330899715535852991182714693352749265074082438
4 4 0 0.26993757464254625844010347477422516728690022491765
4 5 -0.14358352449416521856469307183499437193260369213339 0.073236547000038864423966647102996729456549481306665
4 6 -0.36227495753858263820938806748813416806134035523540 -0.019743216100323328570975464388303376707284407224227
4 7 -0.10282859156643799983369930068778586824928641476026 0.15207703394221920455896226254587984250418934672579
4 8 0.14874949995698081035559825292501180549441351797549 -0.17549955945464408520729646854342866374152410344295
4 9 0 -0.16503959270856378442470871410425711515538042982411
4 10 0.17277052465387460912279604341591385888360955988678 -0.13496878732127312922005173738711258364345011245882
4 11 0.29233302445114602892029132476000617742701721010889 0.24873610645468294963126311564642539319807358474961
4 12 -0.14874949995698081035559825292501180549441351797549 -0.34053915216320786963200518264768577889690453326705
4 13 0.21352545758160182785378981456312236256692683725991 -0.19524277555496741377827193293173204044880851066717
4 14 0.29749899991396162071119650585002361098882703595099 0
4 15 -0.14874949995698081035559825292501180549441351797549 0.34053915216320786963200518264768577889690453326705
4 16 0 0
4 17 0.14874949995698081035559825292501180549441351797549 -0.17549955945464408520729646854342866374152410344295
4 18 -0.14358352449416521856469307183499437193260369213339 -0.073236547000038864423966647102996729456549481306665
4 19 0.50585848203274785677408113932312853999394404736880 0.053493330899715535852991182714693352749265074082438
4 20 -0.17277052465387460912279604341591385888360955988678 -0.13496878732127312922005173738711258364345011245882
4 21 0 0.26993757464254625844010347477422516728690022491765
4 22 0.23172568295595883962199138993070785575890049668349 0
4 23 0.10282859156643799983369930068778586824928641476026 0.15207703394221920455896226254587984250418934672579
4 24 -0.14358352449416521856469307183499437193260369213339 0.073236547000038864423966647102996729456549481306665
4 25 -0.23172568295595883962199138993070785575890049668349 0
4 26 -0.14874949995698081035559825292501180549441351797549 0.34053915216320786963200518264768577889690453326705
4 27 -0.22655970749314324783108620884069042219709067084139 -0.24873610645468294963126311564642539319807358474961
4 28 0.013034249911541419977296394277568059630163833581482 0.053493330899715535852991182714693352749265074082438
4 29 -0.31635404914803982768748911525090823081621325202018 -0.043165741612748209219309670385852197944619163941379
5 1 0 -0.35644704278746053001683181841598954690322565793849
5 2 0.33878996511901183539913437670698407956422596485746 -0.050834047243963748065923870676363090582704037682179
5 3 0.37629628068800541653331726013764054293089010385996 0.32082772075860579531350899316073909302066185691022
5 4 0 0.31125675442608763803442297305005756310951813109877
5 5 -0.32211884302832750854472113894255713053776437608284 -0.069175007940225336247964790593415237089491226838938
5 6 -0.15625467990018474076458147448680361833962425388893 0.39000272869883113156147378375415433011015308374916
5 7 -0.10521605877993132437658879784094351536637499083303 -0.40096327042951528711491132640935312142022674613997
5 8 -0.45361550712690118679128136451687748878911682399547 0.28095421524532620280102266513957479374803148161885
5 9 0 -0.35644704278746053001683181841598954690322565793849
5 10 0.39296740277868974338773049790206749195735169263458 -0.15562837721304381901721148652502878155475906554938
5 11 -0.13149666409857367824656022557432035825135244791263 -0.35012922318555153904898745573299003083752270845779
5 12 0.45361550712690118679128136451687748878911682399547 -0.075492827542134327215809153276414753155194176319636
5 13 0.60987018702708592755586283900368110712874107788440 0.67095694394415733436249644889372912385818456536802
5 14 -0.90723101425380237358256272903375497757823364799093 0
5 15 0.45361550712690118679128136451687748878911682399547 0.075492827542134327215809153276414753155194176319636
5 16 0 0
5 17 -0.45361550712690118679128136451687748878911682399547 0.28095421524532620280102266513957479374803148161885
5 18 -0.32211884302832750854472113894255713053776437608284 0.069175007940225336247964790593415237089491226838938
5 19 0.47837352292851224930930261342936074887738862997177 0.32082772075860579531350899316073909302066185691022
5 20 -0.39296740277868974338773049790206749195735169263458 -0.15562837721304381901721148652502878155475906554938
5 21 0 0.31125675442608763803442297305005756310951813109877
5 22 -0.54216044381614818431345692459339405512903022605387 0
5 23 0.10521605877993132437658879784094351536637499083303 -0.40096327042951528711491132640935312142022674613997
5 24 -0.32211884302832750854472113894255713053776437608284 -0.069175007940225336247964790593415237089491226838938
5 25 0.54216044381614818431345692459339405512903022605387 0
5 26 0.45361550712690118679128136451687748878911682399547 0.075492827542134327215809153276414753155194176319636
5 27 -0.23357390633908051102254557886604056419785097402444 0.35012922318555153904898745573299003083752270845779
5 28 -0.37629628068800541653331726013764054293089010385996 0.32082772075860579531350899316073909302066185691022
5 29 -0.71508624580701725193245163684462462249511606871742 0.26999367351464204724758512248437600243795781922804
6 1 0 -0.31315827248077964855985424484232023022740002871963
6 2 0.78341776124158112052642423048433146869659041841038 0.14103982658928107023399880502290819745219530109834
6 3 -0.14808532038647417830216472686921281826627392003555 0.47526394449450303984101581020824051710619520153964
6 4 -0.43501358116258962205428139609233828723926616537752 0
6 5 -0.41782565027381213119711880556894950681068341568607 -0.15883795278818058415782950164364088676332397932562
6 6 0.40803418511346871483539330668086371903211005057288 -0.20113384224277515366147044596663544975730775918747
6 7 0.16917839983219007852134126465194329430250251589912 -0.32852702092670335484178160187538393544541272366120
6 8 0.058119855909448148867524932282311637095703931902830 -0.086642907914305601571762567389129329355670019789312
6 9 0 0.31315827248077964855985424484232023022740002871963
6 10 0.21750679058129481102714069804616914361963308268876 0.14430754581482387735733086874518759756766649459273
6 11 -0.35970579436436398232959387328663786971497948378324 0.24548086070248618572959206903277021611899399911493
6 12 -0.058119855909448148867524932282311637095703931902830 0.22651536456647404698809167745319090087173000893032
6 13 0.46615404102291686370291823896317535612781398247571 0.28777675015708075523323301335576477911297777897678
6 14 -0.11623971181889629773504986456462327419140786380566 0
6 15 0.058119855909448148867524932282311637095703931902830 0.22651536456647404698809167745319090087173000893032
6 16 -0.36298480760764147179350540977638358521609366355239 0.47757390998407998782137586225832683683552705739482
6 17 -0.058119855909448148867524932282311637095703931902830 0.086642907914305601571762567389129329355670019789312
6 18 -0.41782565027381213119711880556894950681068341568607 0.15883795278818058415782950164364088676332397932562
6 19 0.0097914651603434163617254988880857877785733651131867 -0.35997179503095573781929994761027633652063173851309
6 20 -0.21750679058129481102714069804616914361963308268876 0.14430754581482387735733086874518759756766649459273
6 21 0.43501358116258962205428139609233828723926616537752 0
6 22 -0.13829385522613076194043922798112703048770055492236 0.43296805503990847033737486588524595411221142167779
6 23 -0.16917839983219007852134126465194329430250251589912 -0.32852702092670335484178160187538393544541272366120
6 24 0.41782565027381213119711880556894950681068341568607 0.15883795278818058415782950164364088676332397932562
6 25 0.13829385522613076194043922798112703048770055492236 0.43296805503990847033737486588524595411221142167779
6 26 0.42110466351708962066103034205869522231179759545522 0.70408927455055403480946753971151773770725706632515
6 27 -0.61423936140939104200508296583238817439408790251126 -0.18748719433742228460778279685247573799321742256286
6 28 0.14808532038647417830216472686921281826627392003555 0.47526394449450303984101581020824051710619520153964
6 29 -0.63533244085510694222425950361511865043031649837483 0.61630377108378411007501461523114871455839050263798
7 1 0 -0.32810695924033040397624355029876484123146149945197
7 2 0.80465326962545835698079727902998740159652234900444 0.31221550896694198372024156605714081847448913758638
7 3 -0.73916723094978328691573742698041218531456282715377 0.15213951865494370438605075946151112744151127701940
7 4 0.49265970255165052267440892615986265811895471347961 0
7 5 -0.31181588995150033140226431512950654534143687859047 0.084979596257258461272833265344706767208842106434904
7 6 -0.27469547283626289384864348518394829986675952269982 0.22021738360482859639797784507332699217283751725744
7 7 0.10421545126956583652764156948936703319740022628490 -0.41640476893283838205078143872584091724251638147511
7 8 0.23596606024237212738606176774415648295131881826559 -0.26816764229387590245348873186613802084632155038810
7 9 0 0.32810695924033040397624355029876484123146149945197
7 10 -0.24632985127582526133720446307993132905947735673981 0.22122766463881374540288204056459387189338102158871
7 11 -0.075849829709128204016202547385350062390118060324877 0.18318804603661744118065546652143125363747944395320
7 12 -0.23596606024237212738606176774415648295131881826559 0.059939316946454501522754818432626820385139949063865
7 13 -0.038729412593890766462581717439791816915440704434231 0.047950258689047306055510886792811028673484033130666
7 14 -0.47193212048474425477212353548831296590263763653119 0
7 15 0.23596606024237212738606176774415648295131881826559 0.059939316946454501522754818432626820385139949063865
7 16 0.44054548457859082677715864765882077477130244988121 0.0055302638556119162159891060348307382149793544022659
7 17 -0.23596606024237212738606176774415648295131881826559 0.26816764229387590245348873186613802084632155038810
7 18 -0.31181588995150033140226431512950654534143687859047 -0.084979596257258461272833265344706767208842106434904
7 19 0.58651136278776322525090780031345484520819640129029 0.30519697986208705767081111041803375938167962369234
7 20 0.24632985127582526133720446307993132905947735673981 0.22122766463881374540288204056459387189338102158871
7 21 -0.49265970255165052267440892615986265811895471347961 0
7 22 -0.15265586816202006166482962666695734010636642586348 0.28737730600251383951119533919013135240550668784193
7 23 -0.10421545126956583652764156948936703319740022628490 -0.41640476893283838205078143872584091724251638147511
7 24 0.31181588995150033140226431512950654534143687859047 -0.084979596257258461272833265344706767208842106434904
7 25 0.15265586816202006166482962666695734010636642586348 0.28737730600251383951119533919013135240550668784193
7 26 -0.20457942433621869939109687991466429181998363161562 0.065469580802066417738743924467457558600119303466130
7 27 -0.70043781835589252045315570954062036839912212271954 -0.10418925996589639833053987266870009876802724388873
7 28 0.73916723094978328691573742698041218531456282715377 0.15213951865494370438605075946151112744151127701940
7 29 -0.065486038675675070065059852049575216281959521850665 0.46435502762188568810629232551865194591600041460578
8 1 0 -0.26870032763908895056664065825859584510545679861654
8 2 0.12138026276798016092304920708049448738482905723828 0.12685153297984216804922987581351265645178921355132
8 3 0.061300946036739341321787215637741333621168058994875 -0.027827269898031496084177173806881023193917076734107
8 4 0.31174642648669448816738612128280380865086096876462 0
8 5 -0.33855442204806674632852948335963772533142760061547 0.21559523917161816744350714304999260516686699348654
8 6 0.12828161244413771878536362757649330137056808044313 0.018281703324541598532538070631119323848723335804075
8 7 -0.16719049725112146135088370800412274339270423431854 0.12032301264016236764997012025480354917503455023837
8 8 0.22159009361170324481035650314586526302813327010857 -0.23762897904651463814756089289255450628163002285966
8 9 0 0.26870032763908895056664065825859584510545679861654
8 10 -0.15587321324334724408369306064140190432543048438231 0.045919174614339888841919186798028393319282331687210
8 11 -0.11696432843636350151817298021377246230329433050690 0.022033739874896470704053749842561901114763029373123
8 12 -0.22159009361170324481035650314586526302813327010857 0.031071348592574312419079765366041338823826775756882
8 13 0.34987170605584096359572013072235856439870135055170 0.21934727572197303961502282226143518243290668705559
8 14 -0.44318018722340648962071300629173052605626654021714 0
8 15 0.22159009361170324481035650314586526302813327010857 0.031071348592574312419079765366041338823826775756882
8 16 0.024731730055460992600469313597272836982461930617447 0.23900467559555779772096181539462173611454568675589
8 17 -0.22159009361170324481035650314586526302813327010857 0.23762897904651463814756089289255450628163002285966
8 18 -0.33855442204806674632852948335963772533142760061547 -0.21559523917161816744350714304999260516686699348654
8 19 0.21027280960392902754316585578314442396085952017234 0.23387694249615976597604521368111192901559032929061
8 20 0.15587321324334724408369306064140190432543048438231 0.045919174614339888841919186798028393319282331687210
8 21 -0.31174642648669448816738612128280380865086096876462 0
8 22 0.27157375564066836886495307142088575758202757916721 -0.22514080574510806499514624622575430451206073441657
8 23 0.16719049725112146135088370800412274339270423431854 0.12032301264016236764997012025480354917503455023837
8 24 0.33855442204806674632852948335963772533142760061547 -0.21559523917161816744350714304999260516686699348654
8 25 -0.27157375564066836886495307142088575758202757916721 -0.22514080574510806499514624622575430451206073441657
8 26 0.19685836355624225220988718954859242604567133949112 0.27007602418813211014004158076066307493837246251277
8 27 -0.28857076001910162227393291508461723077753329155682 0.24717454562000453569919999606831620562682376378969
8 28 -0.061300946036739341321787215637741333621168058994875 -0.027827269898031496084177173806881023193917076734107
8 29 -0.18268120880471950224483642271823582100599711623316 0.099024263081810671965052702006631633257872136817215
9 1 0 -0.20052481928862197730570686894195851997843589621626
9 2 0.17446441780942230561395262276359092109592776579333 -0.045450707358415887844981418518578414923736749972813
9 3 0.15205342546610828770909943076726845161720739997609 0.31974617678468601388189270103318487027181695072463
9 4 -0.21258947644810467109476644885226598545344437238435 0
9 5 -0.22022310505147825777566882910472637998641297957725 -0.070313179121808150018213596562356679659860234929757
9 6 -0.14890896998150893063296833556494774744729959402722 -0.10583708477447902637184505665282495044054278844955
9 7 0.16496465105552240176861649488769001644101348275567 0.19579858165918049849359950636265177516819147288067
9 8 0.31046216220151712218740389420811710371942127704097 -0.36425696631097159815866573222443328007572888518294
9 9 0 0.20052481928862197730570686894195851997843589621626
9 10 0.10629473822405233554738322442613299272672218619218 0.0034574710158399987129908170102912557097840696058046
9 11 0.090239057150038864411735065103390723733008297463725 0.43457014543277974817687932878678995973558912011270
9 12 -0.31046216220151712218740389420811710371942127704097 -0.16373214702234962085295886328247476009729298896668
9 13 0.16155319222000819155443555864316935627212168301375 0.47009405108545062453051078887725823051627167363249
9 14 -0.62092432440303424437480778841623420743884255408194 0
9 15 0.31046216220151712218740389420811710371942127704097 -0.16373214702234962085295886328247476009729298896668
9 16 0.23225307094969528078665718191179314591390381610917 -0.13385441678775726182619249164357351163571822092871
9 17 -0.31046216220151712218740389420811710371942127704097 0.36425696631097159815866573222443328007572888518294
9 18 -0.22022310505147825777566882910472637998641297957725 0.070313179121808150018213596562356679659860234929757
9 19 0.36913207503298718840863716466967412743371257360447 -0.17615026389628717639005865321518163010040302337931
9 20 -0.10629473822405233554738322442613299272672218619218 0.0034574710158399987129908170102912557097840696058046
9 21 0.21258947644810467109476644885226598545344437238435 0
9 22 0.52118550049909547611773659543694257905091997358056 0.28422227113201513752826124094271659949113439720484
9 23 -0.16496465105552240176861649488769001644101348275567 0.19579858165918049849359950636265177516819147288067
9 24 0.22022310505147825777566882910472637998641297957725 0.070313179121808150018213596562356679659860234929757
9 25 -0.52118550049909547611773659543694257905091997358056 0.28422227113201513752826124094271659949113439720484
9 26 0.078209091251821841400746712296323957805517460931800 -0.29758656381010688267915135492604827173301120989539
9 27 -0.0094997667538999038453361278759009046549142830376547 0.15034787430076461064861808784407336024445472290786
9 28 -0.15205342546610828770909943076726845161720739997609 0.31974617678468601388189270103318487027181695072463
9 29 -0.32651784327553059332305205353085937271313516576942 0.27429546942627012603691128251460645534808020075182
10 1 0 -0.047262033500914929515489410128103264747242022877387
10 2 -0.10162956979908069729478907483507614916930146695392 -0.67563800528007872589944846805493274519021895711054
10 3 0.36857541067112497114681142670910804379598738807670 0.33477444096269247963366107578936141242553740982019
10 4 -0.088730403405339697817605285545970174103388420033342 0
10 5 -0.22258063916937442494321970910104680757499171110611 0.13147830335870782688597766171692699276115090899616
10 6 0.12202174972203095703046978438146194521161356739995 0.32802646844470087174317515653277311827842869750446
10 7 0.39905987421812013511271912857154327279326326284018 0.12393266625401834081975183983342266156315722332800
10 8 -0.25413578306810681829116656107897332337819090911734 -0.11109557038133296629713960410062444707690437354211
10 9 0 0.047262033500914929515489410128103264747242022877387
10 10 0.044365201702669848908802642772985087051694210016671 -0.25664729445959334889529914067674760475077266117157
10 11 -0.47671642223748124323438627018002013095318262022346 -0.020382732977374860588838057616302545684246535454047
10 12 0.25413578306810681829116656107897332337819090911734 -0.063833536880418036781650193972521182329662350664724
10 13 -0.13211403334607586126069677669751137816657734171740 -0.21693089806336790544603555243214867120152432396234
10 14 0.50827156613621363658233312215794664675638181823468 0
10 15 -0.25413578306810681829116656107897332337819090911734 -0.063833536880418036781650193972521182329662350664724
10 16 0.47453664838133161356846989085863565632925729563119 0.43288954865926555374278730353655610958946264389108
10 17 0.25413578306810681829116656107897332337819090911734 0.11109557038133296629713960410062444707690437354211
10 18 -0.22258063916937442494321970910104680757499171110611 -0.13147830335870782688597766171692699276115090899616
10 19 0.10055888944734346791274992471958486236337814370617 0.45950477180340869862915281824970011103957960650061
10 20 -0.044365201702669848908802642772985087051694210016671 -0.25664729445959334889529914067674760475077266117157
10 21 0.088730403405339697817605285545970174103388420033342 0
10 22 0.46913430011846843905956135142869290615936553178287 0.53132260604868552449085857060520753794281519832849
10 23 -0.39905987421812013511271912857154327279326326284018 0.12393266625401834081975183983342266156315722332800
10 24 0.22258063916937442494321970910104680757499171110611 -0.13147830335870782688597766171692699276115090899616
10 25 -0.46913430011846843905956135142869290615936553178287 0.53132260604868552449085857060520753794281519832849
10 26 -0.72867243144943843185963645193760897970744820474853 0.36905601177884751696113710956403492725980029322636
10 27 0.50068944401720083240750820340661942196256472979410 -0.55170533902606038507969662822151008362706173378254
10 28 -0.36857541067112497114681142670910804379598738807670 0.33477444096269247963366107578936141242553740982019
10 29 -0.26694584087204427385202235187403189462668592112279 -0.34086356431738624626578739226557133276468154729035
11 1 0 -0.11829252221138374904058495462069722424412065900480
11 2 0.032650364484323933278905368622358658082524491831058 0.60899322000771679137516356676855423121627247995286
11 3 0.11779335609254061777716196663461987664792980447534 -0.53890406979491800160121447585716113115280863800539
11 4 -0.70295850664664529968302304239889744165387920815407 0
11 5 0.20103553274645809878544418594247018609648530777064 -0.32357797330091818910406956831997759887926855420322
11 6 0.16954878571615960357774512426590905651509120789855 0.41287297899382292805370478879895838806050152890814
11 7 -0.34240408936167054720980214869815231511427473199917 -0.14529671845660869318504043579275596960607619462852
11 8 0.32329902422237549468812435968922179332963782040701 -0.33766541075001302464261344391759551851788917622709
11 9 0 0.11829252221138374904058495462069722424412065900480
11 10 0.35147925332332264984151152119944872082693960407704 -0.37178134529950314837070543202928172305992537126055
11 11 0.52433455696883359347356854563169197942612312817766 0.66124338405093121374668301223757311739715773043031
11 12 -0.32329902422237549468812435968922179332963782040701 -0.21937288853862927560202848929689829427376851722229
11 13 0.49284780993853509826586948395513084984472902830556 -0.075207568243809903411091344881362869542612352681047
11 14 -0.64659804844475098937624871937844358665927564081402 0
11 15 0.32329902422237549468812435968922179332963782040701 -0.21937288853862927560202848929689829427376851722229
11 16 0.60974967860023200682151395662024100258708690778433 0.42310943573313149457793884008546408181643436708133
11 17 -0.32329902422237549468812435968922179332963782040701 0.33766541075001302464261344391759551851788917622709
11 18 0.20103553274645809878544418594247018609648530777064 0.32357797330091818910406956831997759887926855420322
11 19 -0.37058431846261770236318931020837924261157651566919 0.089295005692904738949635220478980789181232974704920
11 20 -0.35147925332332264984151152119944872082693960407704 -0.37178134529950314837070543202928172305992537126055
11 21 0.70295850664664529968302304239889744165387920815407 0
11 22 -0.25279096237007708458602734357375936596364671119386 0.19754688249982311555655988126177485578696144510597
11 23 0.34240408936167054720980214869815231511427473199917 -0.14529671845660869318504043579275596960607619462852
11 24 -0.20103553274645809878544418594247018609648530777064 0.32357797330091818910406956831997759887926855420322
11 25 0.25279096237007708458602734357375936596364671119386 0.19754688249982311555655988126177485578696144510597
11 26 -0.28645065437785651213338959693101920925744908737731 0.20373654719450221897591035078856578754266584985904
11 27 -0.37505445384599448048870751732051097319679922383023 0.46369650155110809819012313097579826161019628532434
11 28 -0.11779335609254061777716196663461987664792980447534 -0.53890406979491800160121447585716113115280863800539
11 29 -0.15044372057686455105606733525697853473045429630639 0.070089150212798789773949090911393100063463841947476
12 1 0 -0.040400186918863279214419198537327720301074412601929
12 2 -0.23217787565035748556871976847827031973908791546717 0.10100046729715819803604799634331930075268603150482
12 3 0 -0.20200093459431639607209599268663860150537206300965
12 4 0.23217787565035748556871976847827031973908791546717 -0.10100046729715819803604799634331930075268603150482
12 5 0 0.040400186918863279214419198537327720301074412601929
12 6 0 -0.040400186918863279214419198537327720301074412601929
12 7 0.23217787565035748556871976847827031973908791546717 -0.10100046729715819803604799634331930075268603150482
12 8 0 0.040400186918863279214419198537327720301074412601929
12 9 0 -0.040400186918863279214419198537327720301074412601929
12 10 0 0.20200093459431639607209599268663860150537206300965
12 11 0 0
12 12 0 0
12 13 0 0
12 14 0 0
12 15 0 0.20200093459431639607209599268663860150537206300965
12 16 -0.23217787565035748556871976847827031973908791546717 -0.10100046729715819803604799634331930075268603150482
12 17 0 0.040400186918863279214419198537327720301074412601929
12 18 0 -0.040400186918863279214419198537327720301074412601929
12 19 0 0
12 20 0 0.20200093459431639607209599268663860150537206300965
12 21 -0.23217787565035748556871976847827031973908791546717 -0.10100046729715819803604799634331930075268603150482
12 22 0 0.20200093459431639607209599268663860150537206300965
12 23 -0.23217787565035748556871976847827031973908791546717 -0.10100046729715819803604799634331930075268603150482
12 24 0 0.040400186918863279214419198537327720301074412601929
12 25 0 0.20200093459431639607209599268663860150537206300965
12 26 0.23217787565035748556871976847827031973908791546717 0.10100046729715819803604799634331930075268603150482
12 27 0 0.20200093459431639607209599268663860150537206300965
12 28 0 -0.20200093459431639607209599268663860150537206300965
12 29 0.23217787565035748556871976847827031973908791546717 -0.10100046729715819803604799634331930075268603150482
13 1 0 -0.0031077066860664060934168614259482861770057240463023
13 2 -0.017859836588489037351439982190636178441468301189782 0.0077692667151660152335421535648707154425143101157557
13 3 0.035719673176978074702879964381272356882936602379564 -0.015538533430332030467084307129741430885028620231511
13 4 -0.017859836588489037351439982190636178441468301189782 -0.0077692667151660152335421535648707154425143101157557
13 5 0.017859836588489037351439982190636178441468301189782 0.026415506831564451794043322120560432504548654393569
13 6 -0.035719673176978074702879964381272356882936602379564 0.012430826744265624373667445703793144708022896185209
13 7 0.017859836588489037351439982190636178441468301189782 -0.0077692667151660152335421535648707154425143101157557
13 8 0 -0.012430826744265624373667445703793144708022896185209
13 9 0 -0.0031077066860664060934168614259482861770057240463023
13 10 0.017859836588489037351439982190636178441468301189782 -0.0077692667151660152335421535648707154425143101157557
13 11 -0.017859836588489037351439982190636178441468301189782 0.038846333575830076167710767824353577212571550578778
13 12 0 -0.015538533430332030467084307129741430885028620231511
13 13 0.035719673176978074702879964381272356882936602379564 0
13 14 0 0
13 15 0 0
13 16 0.017859836588489037351439982190636178441468301189782 0.0077692667151660152335421535648707154425143101157557
13 17 0 -0.012430826744265624373667445703793144708022896185209
13 18 0.017859836588489037351439982190636178441468301189782 -0.026415506831564451794043322120560432504548654393569
13 19 0.017859836588489037351439982190636178441468301189782 0.038846333575830076167710767824353577212571550578778
13 20 -0.017859836588489037351439982190636178441468301189782 -0.0077692667151660152335421535648707154425143101157557
13 21 0.017859836588489037351439982190636178441468301189782 -0.0077692667151660152335421535648707154425143101157557
13 22 0.017859836588489037351439982190636178441468301189782 0.054384867006162106634795074954095008097600170810290
13 23 -0.017859836588489037351439982190636178441468301189782 -0.0077692667151660152335421535648707154425143101157557
13 24 0.017859836588489037351439982190636178441468301189782 0.026415506831564451794043322120560432504548654393569
13 25 -0.017859836588489037351439982190636178441468301189782 0.054384867006162106634795074954095008097600170810290
13 26 -0.017859836588489037351439982190636178441468301189782 0.0077692667151660152335421535648707154425143101157557
13 27 0 0.015538533430332030467084307129741430885028620231511
13 28 -0.035719673176978074702879964381272356882936602379564 -0.015538533430332030467084307129741430885028620231511
13 29 -0.017859836588489037351439982190636178441468301189782 -0.0077692667151660152335421535648707154425143101157557

OMEGA_CUSP (13 x 26): lines  i j Re Im
1 1 0 0
1 2 0 -0.31352300915287423503215575582714111095417953831197
1 3 0 0.31352300915287423503215575582714111095417953831197
1 4 0 0
1 5 0.32082012949187626141765594659353593589657145341926 -0.15676150457643711751607787791357055547708976915598
1 6 0 -0.31352300915287423503215575582714111095417953831197
1 7 0 0
1 8 -0.32082012949187626141765594659353593589657145341926 -0.15676150457643711751607787791357055547708976915598
1 9 0 0.31352300915287423503215575582714111095417953831197
1 10 -0.32082012949187626141765594659353593589657145341926 -0.15676150457643711751607787791357055547708976915598
1 11 0 0
1 12 0.32082012949187626141765594659353593589657145341926 -0.15676150457643711751607787791357055547708976915598
1 13 0 -0.31352300915287423503215575582714111095417953831197
1 14 0 0
1 15 0 -0.31352300915287423503215575582714111095417953831197
1 16 0 -0.31352300915287423503215575582714111095417953831197
1 17 -0.32082012949187626141765594659353593589657145341926 0.15676150457643711751607787791357055547708976915598
1 18 -0.32082012949187626141765594659353593589657145341926 0.47028451372931135254823363374071166643126930746795
1 19 -0.32082012949187626141765594659353593589657145341926 0.15676150457643711751607787791357055547708976915598
1 20 -0.32082012949187626141765594659353593589657145341926 -0.47028451372931135254823363374071166643126930746795
1 21 -0.32082012949187626141765594659353593589657145341926 -0.15676150457643711751607787791357055547708976915598
1 22 -0.32082012949187626141765594659353593589657145341926 -0.15676150457643711751607787791357055547708976915598
1 23 -0.64164025898375252283531189318707187179314290683852 0.E-58
1 24 -0.64164025898375252283531189318707187179314290683852 0.31352300915287423503215575582714111095417953831197
1 25 -0.64164025898375252283531189318707187179314290683852 0.E-58
1 26 0.E-58 0.31352300915287423503215575582714111095417953831197
2 1 -0.0061225006189702213900099860809319288248563654696698 -0.43562042331118781777720055744976290175176292113349
2 2 0.22314604604106434371530057195148248951319612689476 0.58710033845893712751726405945566296312747559426808
2 3 0 -0.66564101025865884661619726548764646037843937220429
2 4 -0.27793418239258446517785552745522232785569418033297 -0.065607673941490754942165316239312802219138905763407
2 5 -0.031058771424780680469293688218869026121622045421129 0.37001274936969706283503524121045009953262401537008
2 6 -0.060910636970490342852564941584671767167354418907878 0.21708758908924006468222881824521286359485157889800
2 7 0.36257418428981424902368173632476490724392460725792 0
2 8 -0.091969408395271023321858629803540793288976464329008 0.58710033845893712751726405945566296312747559426808
2 9 0 -0.66564101025865884661619726548764646037843937220429
2 10 0.10957627270304024292510991100747967668499610687642 0
2 11 0.27793418239258446517785552745522232785569418033297 -0.065607673941490754942165316239312802219138905763407
2 12 -0.10957627270304024292510991100747967668499610687642 0
2 13 -0.18128709214490712451184086816238245362196230362896 0.18867215938811694926700011047252693071911700240253
2 14 0.28405668301155468656786551353615425668055054580264 -0.37001274936969706283503524121045009953262401537008
2 15 -0.22314604604106434371530057195148248951319612689476 0.58710033845893712751726405945566296312747559426808
2 16 -0.21702354542209412232529058587055056068833976142509 0.15147991514774930974006350200590006137571267313460
2 17 -0.091969408395271023321858629803540793288976464329008 -0.58710033845893712751726405945566296312747559426808
2 18 -0.031058771424780680469293688218869026121622045421129 -0.37001274936969706283503524121045009953262401537008
2 19 0.24808231684687480279458427408941958680996180684622 0.14414834574121247404109852227129629947010268369962
2 20 0.24808231684687480279458427408941958680996180684622 0.52149266451744637257509874321635016090833668850468
2 21 0.42936940899178192730642514225180204043192411047518 0.33282050512932942330809863274382323018921968610215
2 22 -0.031058771424780680469293688218869026121622045421129 -0.37001274936969706283503524121045009953262401537008
2 23 -0.42469172713937560996226911276250295948716869810018 0.E-58
2 24 0.E-58 0.E-58
2 25 0.85873881798356385461285028450360408086384822095036 0.E-58
2 26 -0.64171527256146973228755969863305352017550845952527 -0.51416109511090953687613376348174639900272669906970
3 1 0.54966009184250115077709169531005126517708327226621 0.45282304006623505261215740044097645154075566877239
3 2 -0.34312833599004815685347706583304884662867933341868 0.096194491371600892207343515659026551994998944397147
3 3 0 -0.27728849209127661802412153659764228319679127459411
3 4 0.12488890837017209759614803392058717303733150320976 0.24227644628060475128570215843869065172366029798306
3 5 -0.31454650332214563108718376819234257197211240589255 -0.21054659378563030132645524200228579981709537078934
3 6 0.33142066422262509151976266339758959158573544205730 0.30674108515723119353379875766131235181209431518648
3 7 -0.55261664829506676094576543359805766300383152095070 0
3 8 0.016874160900479460432578895205247019613623036164744 0.096194491371600892207343515659026551994998944397147
3 9 0 -0.27728849209127661802412153659764228319679127459411
3 10 0.43647885523975211851465806382492334718269566041782 0
3 11 -0.12488890837017209759614803392058717303733150320976 0.24227644628060475128570215843869065172366029798306
3 12 -0.43647885523975211851465806382492334718269566041782 0
3 13 0.27630832414753338047288271679902883150191576047535 0.19982669160656733448098490579889606212026360508315
3 14 -0.67454900021267324837323972923063843821441477547597 0.21054659378563030132645524200228579981709537078934
3 15 0.34312833599004815685347706583304884662867933341868 0.096194491371600892207343515659026551994998944397147
3 16 -0.20653175585245299392361462947700241854840393884753 0.54901753143783594481950091610000300353575461316954
3 17 0.016874160900479460432578895205247019613623036164744 -0.096194491371600892207343515659026551994998944397147
3 18 -0.31454650332214563108718376819234257197211240589255 0.21054659378563030132645524200228579981709537078934
3 19 0.52107825917459862501079839766934499052051634474009 -0.061182445560929025468924137500074920521867967786092
3 20 0.52107825917459862501079839766934499052051634474009 0.33847093765220564349304567409771720371865924238020
3 21 0.24476993502706524453791568087031615901860058426474 0.13864424604563830901206076829882114159839563729706
3 22 -0.31454650332214563108718376819234257197211240589255 0.21054659378563030132645524200228579981709537078934
3 23 -0.076476358349224501228602102786627480940393290834404 0.E-58
3 24 0.E-59 0.E-58
3 25 0.48953987005413048907583136174063231803720116852947 0.E-58
3 26 -0.28300811420167749515221673226362989948879722968194 0.27172903934655932679537937950236072033896333857543
4 1 0.32938829905958124766478550952847629044637708560166 -0.096659072512463745072300853100545550693884238023818
4 2 -0.013034249911541419977296394277568059630163833581482 0.053493330899715535852991182714693352749265074082438
4 3 0 0.26993757464254625844010347477422516728690022491765
4 4 -0.10282859156643799983369930068778586824928641476026 0.15207703394221920455896226254587984250418934672579
4 5 0.29233302445114602892029132476000617742701721010889 0.24873610645468294963126311564642539319807358474961
4 6 0.21352545758160182785378981456312236256692683725991 -0.19524277555496741377827193293173204044880851066717
4 7 0.29749899991396162071119650585002361098882703595099 0
4 8 0.50585848203274785677408113932312853999394404736880 0.053493330899715535852991182714693352749265074082438
4 9 0 0.26993757464254625844010347477422516728690022491765
4 10 0.23172568295595883962199138993070785575890049668349 0
4 11 0.10282859156643799983369930068778586824928641476026 0.15207703394221920455896226254587984250418934672579
4 12 -0.23172568295595883962199138993070785575890049668349 0
4 13 -0.14874949995698081035559825292501180549441351797549 0.34053915216320786963200518264768577889690453326705
4 14 -0.22655970749314324783108620884069042219709067084139 -0.24873610645468294963126311564642539319807358474961
4 15 0.013034249911541419977296394277568059630163833581482 0.053493330899715535852991182714693352749265074082438
4 16 -0.31635404914803982768748911525090823081621325202018 -0.043165741612748209219309670385852197944619163941379
4 17 0.50585848203274785677408113932312853999394404736880 -0.053493330899715535852991182714693352749265074082438
4 18 0.29233302445114602892029132476000617742701721010889 -0.24873610645468294963126311564642539319807358474961
4 19 0.024021024696893798767197790490902053389196041911288 -0.47550793948448099885205692003479836254035464572588
4 20 0.024021024696893798767197790490902053389196041911288 0.20557036484193474041195344526057319525345442080823
4 21 0.17277052465387460912279604341591385888360955988678 -0.13496878732127312922005173738711258364345011245882
4 22 0.29233302445114602892029132476000617742701721010889 -0.24873610645468294963126311564642539319807358474961
4 23 0.28716704898833043712938614366998874386520738426679 0.E-58
4 24 0.E-58 0.E-58
4 25 0.34554104930774921824559208683182771776721911977356 0.E-58
4 26 -0.029187000159709390558102971580919486951005867753388 0.22677183302979804922079380438837296934228106097627
5 1 0.33878996511901183539913437670698407956422596485746 -0.050834047243963748065923870676363090582704037682179
5 2 0.37629628068800541653331726013764054293089010385996 0.32082772075860579531350899316073909302066185691022
5 3 0 0.31125675442608763803442297305005756310951813109877
5 4 -0.10521605877993132437658879784094351536637499083303 -0.40096327042951528711491132640935312142022674613997
5 5 -0.13149666409857367824656022557432035825135244791263 -0.35012922318555153904898745573299003083752270845779
5 6 0.60987018702708592755586283900368110712874107788440 0.67095694394415733436249644889372912385818456536802
5 7 -0.90723101425380237358256272903375497757823364799093 0
5 8 0.47837352292851224930930261342936074887738862997177 0.32082772075860579531350899316073909302066185691022
5 9 0 0.31125675442608763803442297305005756310951813109877
5 10 -0.54216044381614818431345692459339405512903022605387 0
5 11 0.10521605877993132437658879784094351536637499083303 -0.40096327042951528711491132640935312142022674613997
5 12 0.54216044381614818431345692459339405512903022605387 0
5 13 0.45361550712690118679128136451687748878911682399547 0.075492827542134327215809153276414753155194176319636
5 14 -0.23357390633908051102254557886604056419785097402444 0.35012922318555153904898745573299003083752270845779
5 15 -0.37629628068800541653331726013764054293089010385996 0.32082772075860579531350899316073909302066185691022
5 16 -0.71508624580701725193245163684462462249511606871742 0.26999367351464204724758512248437600243795781922804
5 17 0.47837352292851224930930261342936074887738862997177 -0.32082772075860579531350899316073909302066185691022
5 18 -0.13149666409857367824656022557432035825135244791263 0.35012922318555153904898745573299003083752270845779
5 19 0.84658290990559093017901186241894498074646851663005 -0.23112120475517814623302063980144353470995324186902
5 20 0.84658290990559093017901186241894498074646851663005 -0.080135549670909491801402333248614028399564889229749
5 21 0.39296740277868974338773049790206749195735169263458 -0.15562837721304381901721148652502878155475906554938
5 22 -0.13149666409857367824656022557432035825135244791263 0.35012922318555153904898745573299003083752270845779
5 23 0.64423768605665501708944227788511426107552875216568 0.E-58
5 24 0.E-58 0.E-58
5 25 0.78593480555737948677546099580413498391470338526917 0.E-58
5 26 -0.070848559750362234843009358959510361419587316551744 0.58125042794072968528200809553443356554747595032681
6 1 0.78341776124158112052642423048433146869659041841038 0.14103982658928107023399880502290819745219530109834
6 2 -0.14808532038647417830216472686921281826627392003555 0.47526394449450303984101581020824051710619520153964
6 3 -0.43501358116258962205428139609233828723926616537752 0
6 4 0.16917839983219007852134126465194329430250251589912 -0.32852702092670335484178160187538393544541272366120
6 5 -0.35970579436436398232959387328663786971497948378324 0.24548086070248618572959206903277021611899399911493
6 6 0.46615404102291686370291823896317535612781398247571 0.28777675015708075523323301335576477911297777897678
6 7 -0.11623971181889629773504986456462327419140786380566 0
6 8 0.0097914651603434163617254988880857877785733651131867 -0.35997179503095573781929994761027633652063173851309
6 9 0.43501358116258962205428139609233828723926616537752 0
6 10 -0.13829385522613076194043922798112703048770055492236 0.43296805503990847033737486588524595411221142167779
6 11 -0.16917839983219007852134126465194329430250251589912 -0.32852702092670335484178160187538393544541272366120
6 12 0.13829385522613076194043922798112703048770055492236 0.43296805503990847033737486588524595411221142167779
6 13 0.42110466351708962066103034205869522231179759545522 0.70408927455055403480946753971151773770725706632515
6 14 -0.61423936140939104200508296583238817439408790251126 -0.18748719433742228460778279685247573799321742256286
6 15 0.14808532038647417830216472686921281826627392003555 0.47526394449450303984101581020824051710619520153964
6 16 -0.63533244085510694222425950361511865043031649837483 0.61630377108378411007501461523114871455839050263798
6 17 0.0097914651603434163617254988880857877785733651131867 0.35997179503095573781929994761027633652063173851309
6 18 0.47594550618326028006464373785126114390638734758890 0.072195044873874982586066934254511557407653959536307
6 19 0.15938693467184666215961576576385750652392915078593 0.37082291038129792434542254619837849843939650352305
6 20 0.27562664649074295989466563032848078071533701459159 0.37082291038129792434542254619837849843939650352305
6 21 0.58049159818893628282064610782255272883572674624115 -0.33326636416925611046404499351313923926786056280210
6 22 0.35970579436436398232959387328663786971497948378324 0.24548086070248618572959206903277021611899399911493
6 23 0.83565130054762426239423761113789901362136683137213 0.E-58
6 24 0.83565130054762426239423761113789901362136683137213 0.31767590557636116831565900328728177352664795865124
6 25 0.43501358116258962205428139609233828723926616537752 0.E-58
6 26 0.20031885969251732016997810752278036319105033299731 -0.29862786550742294175935561194386694103174254398674
7 1 0.80465326962545835698079727902998740159652234900444 0.31221550896694198372024156605714081847448913758638
7 2 -0.73916723094978328691573742698041218531456282715377 0.15213951865494370438605075946151112744151127701940
7 3 0.49265970255165052267440892615986265811895471347961 0
7 4 0.10421545126956583652764156948936703319740022628490 -0.41640476893283838205078143872584091724251638147511
7 5 -0.075849829709128204016202547385350062390118060324877 0.18318804603661744118065546652143125363747944395320
7 6 -0.038729412593890766462581717439791816915440704434231 0.047950258689047306055510886792811028673484033130666
7 7 -0.47193212048474425477212353548831296590263763653119 0
7 8 0.58651136278776322525090780031345484520819640129029 0.30519697986208705767081111041803375938167962369234
7 9 -0.49265970255165052267440892615986265811895471347961 0
7 10 -0.15265586816202006166482962666695734010636642586348 0.28737730600251383951119533919013135240550668784193
7 11 -0.10421545126956583652764156948936703319740022628490 -0.41640476893283838205078143872584091724251638147511
7 12 0.15265586816202006166482962666695734010636642586348 0.28737730600251383951119533919013135240550668784193
7 13 -0.20457942433621869939109687991466429181998363161562 0.065469580802066417738743924467457558600119303466130
7 14 -0.70043781835589252045315570954062036839912212271954 -0.10418925996589639833053987266870009876802724388873
7 15 0.73916723094978328691573742698041218531456282715377 0.15213951865494370438605075946151112744151127701940
7 16 -0.065486038675675070065059852049575216281959521850665 0.46435502762188568810629232551865194591600041460578
7 17 0.58651136278776322525090780031345484520819640129029 -0.30519697986208705767081111041803375938167962369234
7 18 0.54778195019387245878832608287366302829275569685606 -0.35314723855113436372632199721084478805516365682301
7 19 -0.48229591151819738872326623082408781201079617500540 0.28116698158526824692563685899722069227852097065258
7 20 -0.010363791033453133951142695335774846108158538474212 0.28116698158526824692563685899722069227852097065258
7 21 -0.68687533585441608811436311073875210383077980662101 0.21569740078320182918689293452976313367840166718645
7 22 0.075849829709128204016202547385350062390118060324877 0.18318804603661744118065546652143125363747944395320
7 23 0.62363177990300066280452863025901309068287375718094 0.E-58
7 24 0.62363177990300066280452863025901309068287375718094 -0.16995919251451692254566653068941353441768421286981
7 25 -0.49265970255165052267440892615986265811895471347961 0.E-58
7 26 0.55814574122732559273946877820943787440091423533028 -0.63431422013640261065195885620806548033368462747559
8 1 0.12138026276798016092304920708049448738482905723828 0.12685153297984216804922987581351265645178921355132
8 2 0.061300946036739341321787215637741333621168058994875 -0.027827269898031496084177173806881023193917076734107
8 3 0.31174642648669448816738612128280380865086096876462 0
8 4 -0.16719049725112146135088370800412274339270423431854 0.12032301264016236764997012025480354917503455023837
8 5 -0.11696432843636350151817298021377246230329433050690 0.022033739874896470704053749842561901114763029373123
8 6 0.34987170605584096359572013072235856439870135055170 0.21934727572197303961502282226143518243290668705559
8 7 -0.44318018722340648962071300629173052605626654021714 0
8 8 0.21027280960392902754316585578314442396085952017234 0.23387694249615976597604521368111192901559032929061
8 9 -0.31174642648669448816738612128280380865086096876462 0
8 10 0.27157375564066836886495307142088575758202757916721 -0.22514080574510806499514624622575430451206073441657
8 11 0.16719049725112146135088370800412274339270423431854 0.12032301264016236764997012025480354917503455023837
8 12 -0.27157375564066836886495307142088575758202757916721 -0.22514080574510806499514624622575430451206073441657
8 13 0.19685836355624225220988718954859242604567133949112 0.27007602418813211014004158076066307493837246251277
8 14 -0.28857076001910162227393291508461723077753329155682 0.24717454562000453569919999606831620562682376378969
8 15 -0.061300946036739341321787215637741333621168058994875 -0.027827269898031496084177173806881023193917076734107
8 16 -0.18268120880471950224483642271823582100599711623316 0.099024263081810671965052702006631633257872136817215
8 17 0.21027280960392902754316585578314442396085952017234 -0.23387694249615976597604521368111192901559032929061
8 18 0.56014451565976999113888598650550298835956087072404 -0.45322421821813280559106803594254711144849701634620
8 19 -0.37746330685505048889404956378726716735356375449088 0.076990523206914201260998952164069732143109107444092
8 20 0.065716880368356000726663442504463358702702785726257 0.076990523206914201260998952164069732143109107444092
8 21 -0.18060494329880823668416237423867474130789241499976 -0.19308550098121790887904262859659334279526335506868
8 22 0.11696432843636350151817298021377246230329433050690 0.022033739874896470704053749842561901114763029373123
8 23 0.67710884409613349265705896671927545066285520123093 0.E-58
8 24 0.67710884409613349265705896671927545066285520123093 -0.43119047834323633488701428609998521033373398697308
8 25 -0.31174642648669448816738612128280380865086096876462 0.E-59
8 26 0.49442763529141399041222254400103962965685808499778 -0.53021474142504700685206698810661684359160612379029
9 1 0.17446441780942230561395262276359092109592776579333 -0.045450707358415887844981418518578414923736749972813
9 2 0.15205342546610828770909943076726845161720739997609 0.31974617678468601388189270103318487027181695072463
9 3 -0.21258947644810467109476644885226598545344437238435 0
9 4 0.16496465105552240176861649488769001644101348275567 0.19579858165918049849359950636265177516819147288067
9 5 0.090239057150038864411735065103390723733008297463725 0.43457014543277974817687932878678995973558912011270
9 6 0.16155319222000819155443555864316935627212168301375 0.47009405108545062453051078887725823051627167363249
9 7 -0.62092432440303424437480778841623420743884255408194 0
9 8 0.36913207503298718840863716466967412743371257360447 -0.17615026389628717639005865321518163010040302337931
9 9 0.21258947644810467109476644885226598545344437238435 0
9 10 0.52118550049909547611773659543694257905091997358056 0.28422227113201513752826124094271659949113439720484
9 11 -0.16496465105552240176861649488769001644101348275567 0.19579858165918049849359950636265177516819147288067
9 12 -0.52118550049909547611773659543694257905091997358056 0.28422227113201513752826124094271659949113439720484
9 13 0.078209091251821841400746712296323957805517460931800 -0.29758656381010688267915135492604827173301120989539
9 14 -0.0094997667538999038453361278759009046549142830376547 0.15034787430076461064861808784407336024445472290786
9 15 -0.15205342546610828770909943076726845161720739997609 0.31974617678468601388189270103318487027181695072463
9 16 -0.32651784327553059332305205353085937271313516576942 0.27429546942627012603691128251460645534808020075182
9 17 0.36913207503298718840863716466967412743371257360447 0.17615026389628717639005865321518163010040302337931
9 18 0.53068526725299537996307272331284348370583425661822 -0.29394378718916344814045213566207660041586865025319
9 19 -0.20416742397746478664002066978198411099269909084880 -0.16027467600650962213996804627218350438750891936088
9 20 0.41675690042556945773478711863425009644614346323315 -0.16027467600650962213996804627218350438750891936088
9 21 -0.12595833272564294523927395748566015318718162991699 0.13731188780359726053918330865386476734550229053452
9 22 -0.090239057150038864411735065103390723733008297463725 0.43457014543277974817687932878678995973558912011270
9 23 0.44044621010295651555133765820945275997282595915449 0.E-58
9 24 0.44044621010295651555133765820945275997282595915449 0.14062635824361630003642719312471335931972046985951
9 25 0.21258947644810467109476644885226598545344437238435 0.E-60
9 26 0.11392836682742592222828560467859338725969079338507 -0.13366911118265382600048408938989309602835973089231
10 1 -0.10162956979908069729478907483507614916930146695392 -0.67563800528007872589944846805493274519021895711054
10 2 0.36857541067112497114681142670910804379598738807670 0.33477444096269247963366107578936141242553740982019
10 3 -0.088730403405339697817605285545970174103388420033342 0
10 4 0.39905987421812013511271912857154327279326326284018 0.12393266625401834081975183983342266156315722332800
10 5 -0.47671642223748124323438627018002013095318262022346 -0.020382732977374860588838057616302545684246535454047
10 6 -0.13211403334607586126069677669751137816657734171740 -0.21693089806336790544603555243214867120152432396234
10 7 0.50827156613621363658233312215794664675638181823468 0
10 8 0.10055888944734346791274992471958486236337814370617 0.45950477180340869862915281824970011103957960650061
10 9 0.088730403405339697817605285545970174103388420033342 0
10 10 0.46913430011846843905956135142869290615936553178287 0.53132260604868552449085857060520753794281519832849
10 11 -0.39905987421812013511271912857154327279326326284018 0.12393266625401834081975183983342266156315722332800
10 12 -0.46913430011846843905956135142869290615936553178287 0.53132260604868552449085857060520753794281519832849
10 13 -0.72867243144943843185963645193760897970744820474853 0.36905601177884751696113710956403492725980029322636
10 14 0.50068944401720083240750820340661942196256472979410 -0.55170533902606038507969662822151008362706173378254
10 15 -0.36857541067112497114681142670910804379598738807670 0.33477444096269247963366107578936141242553740982019
10 16 -0.26694584087204427385202235187403189462668592112279 -0.34086356431738624626578739226557133276468154729035
10 17 0.10055888944734346791274992471958486236337814370617 -0.45950477180340869862915281824970011103957960650061
10 18 -0.031555143898732393347946851977926515803199198011227 -0.24257387374004079318311726581755143983805528253827
10 19 0.29850098477077666719996920385195841042988511913401 -0.32048083134001138567694933464926878708043501183630
10 20 -0.20977058136543696938236391830598823632649669910067 -0.32048083134001138567694933464926878708043501183630
10 21 -0.43017144667866176465966724808565056927756308561452 -0.68953684311885890263808644421330371434023530506266
10 22 0.47671642223748124323438627018002013095318262022346 -0.020382732977374860588838057616302545684246535454047
10 23 0.44516127833874884988643941820209361514998342221223 0.E-58
10 24 0.44516127833874884988643941820209361514998342221223 -0.26295660671741565377195532343385398552230181799232
10 25 0.088730403405339697817605285545970174103388420033342 0.E-58
10 26 0.17821543746670457603441706632806172052329750108944 0.077906957599970592493832068831717347242379729298028
11 1 0.032650364484323933278905368622358658082524491831058 0.60899322000771679137516356676855423121627247995286
11 2 0.11779335609254061777716196663461987664792980447534 -0.53890406979491800160121447585716113115280863800539
11 3 -0.70295850664664529968302304239889744165387920815407 0
11 4 -0.34240408936167054720980214869815231511427473199917 -0.14529671845660869318504043579275596960607619462852
11 5 0.52433455696883359347356854563169197942612312817766 0.66124338405093121374668301223757311739715773043031
11 6 0.49284780993853509826586948395513084984472902830556 -0.075207568243809903411091344881362869542612352681047
11 7 -0.64659804844475098937624871937844358665927564081402 0
11 8 -0.37058431846261770236318931020837924261157651566919 0.089295005692904738949635220478980789181232974704920
11 9 0.70295850664664529968302304239889744165387920815407 0
11 10 -0.25279096237007708458602734357375936596364671119386 0.19754688249982311555655988126177485578696144510597
11 11 0.34240408936167054720980214869815231511427473199917 -0.14529671845660869318504043579275596960607619462852
11 12 0.25279096237007708458602734357375936596364671119386 0.19754688249982311555655988126177485578696144510597
11 13 -0.28645065437785651213338959693101920925744908737731 0.20373654719450221897591035078856578754266584985904
11 14 -0.37505445384599448048870751732051097319679922383023 0.46369650155110809819012313097579826161019628532434
11 15 -0.11779335609254061777716196663461987664792980447534 -0.53890406979491800160121447585716113115280863800539
11 16 -0.15044372057686455105606733525697853473045429630639 0.070089150212798789773949090911393100063463841947476
11 17 -0.37058431846261770236318931020837924261157651566919 -0.089295005692904738949635220478980789181232974704920
11 18 0.12226349147591739590268017374675160723315251263637 -0.014087437449094835538543875597617919638620622023874
11 19 0.028180229100947155153387161510226927497301783670025 -0.59115423383813242397273392132618001733369388848284
11 20 0.67477827754569814452963588088867051415657742448405 -0.59115423383813242397273392132618001733369388848284
11 21 -0.25827042527690935698000243542079228176014730370729 -0.79489078103263464294864427211474580487635973834188
11 22 -0.52433455696883359347356854563169197942612312817766 0.66124338405093121374668301223757311739715773043031
11 23 -0.40207106549291619757088837188494037219297061554129 0.E-58
11 24 -0.40207106549291619757088837188494037219297061554129 0.64715594660183637820813913663995519775853710840644
11 25 0.70295850664664529968302304239889744165387920815407 0.E-58
11 26 -0.55251478606978074862695570714191890692342491184768 0.57706679638903758843419004572856209769507326645896
12 1 -0.23217787565035748556871976847827031973908791546717 0.10100046729715819803604799634331930075268603150482
12 2 0 -0.20200093459431639607209599268663860150537206300965
12 3 0.23217787565035748556871976847827031973908791546717 -0.10100046729715819803604799634331930075268603150482
12 4 0.23217787565035748556871976847827031973908791546717 -0.10100046729715819803604799634331930075268603150482
12 5 0 0
12 6 0 0
12 7 0 0
12 8 0 0
12 9 -0.23217787565035748556871976847827031973908791546717 -0.10100046729715819803604799634331930075268603150482
12 10 0 0.20200093459431639607209599268663860150537206300965
12 11 -0.23217787565035748556871976847827031973908791546717 -0.10100046729715819803604799634331930075268603150482
12 12 0 0.20200093459431639607209599268663860150537206300965
12 13 0.23217787565035748556871976847827031973908791546717 0.10100046729715819803604799634331930075268603150482
12 14 0 0.20200093459431639607209599268663860150537206300965
12 15 0 -0.20200093459431639607209599268663860150537206300965
12 16 0.23217787565035748556871976847827031973908791546717 -0.10100046729715819803604799634331930075268603150482
12 17 0 0.E-59
12 18 0 0.E-59
12 19 0 0.20200093459431639607209599268663860150537206300965
12 20 0 0.40400186918863279214419198537327720301074412601929
12 21 0.23217787565035748556871976847827031973908791546717 0.30300140189147459410814398902995790225805809451447
12 22 0 0.E-59
12 23 0 0.E-59
12 24 0 0.E-59
12 25 0 0.E-58
12 26 0 -0.20200093459431639607209599268663860150537206300965
13 1 -0.017859836588489037351439982190636178441468301189782 0.0077692667151660152335421535648707154425143101157557
13 2 0.035719673176978074702879964381272356882936602379564 -0.015538533430332030467084307129741430885028620231511
13 3 -0.017859836588489037351439982190636178441468301189782 -0.0077692667151660152335421535648707154425143101157557
13 4 0.017859836588489037351439982190636178441468301189782 -0.0077692667151660152335421535648707154425143101157557
13 5 -0.017859836588489037351439982190636178441468301189782 0.038846333575830076167710767824353577212571550578778
13 6 0.035719673176978074702879964381272356882936602379564 0
13 7 0 0
13 8 0.017859836588489037351439982190636178441468301189782 0.038846333575830076167710767824353577212571550578778
13 9 0.017859836588489037351439982190636178441468301189782 -0.0077692667151660152335421535648707154425143101157557
13 10 0.017859836588489037351439982190636178441468301189782 0.054384867006162106634795074954095008097600170810290
13 11 -0.017859836588489037351439982190636178441468301189782 -0.0077692667151660152335421535648707154425143101157557
13 12 -0.017859836588489037351439982190636178441468301189782 0.054384867006162106634795074954095008097600170810290
13 13 -0.017859836588489037351439982190636178441468301189782 0.0077692667151660152335421535648707154425143101157557
13 14 0 0.015538533430332030467084307129741430885028620231511
13 15 -0.035719673176978074702879964381272356882936602379564 -0.015538533430332030467084307129741430885028620231511
13 16 -0.017859836588489037351439982190636178441468301189782 -0.0077692667151660152335421535648707154425143101157557
13 17 0.017859836588489037351439982190636178441468301189782 -0.038846333575830076167710767824353577212571550578778
13 18 -0.017859836588489037351439982190636178441468301189782 -0.038846333575830076167710767824353577212571550578778
13 19 0.017859836588489037351439982190636178441468301189782 -0.023307800145498045700626460694612146327542930347267
13 20 0.017859836588489037351439982190636178441468301189782 -0.0077692667151660152335421535648707154425143101157557
13 21 0.E-59 -0.015538533430332030467084307129741430885028620231511
13 22 -0.017859836588489037351439982190636178441468301189782 -0.038846333575830076167710767824353577212571550578778
13 23 -0.035719673176978074702879964381272356882936602379564 0.E-59
13 24 0.E-59 0.E-59
13 25 0.035719673176978074702879964381272356882936602379564 0.E-59
13 26 -0.035719673176978074702879964381272356882936602379564 -0.015538533430332030467084307129741430885028620231511

P1(Z/143) TABLE: (c,d) ; path ; coords on 29 generators
  [1, 0] ; [+oo, 0] ; [1, 0, 0, 0, 0, 0, 0, 0, 0, 0, 0, 0, 0, 0, 0, 0, 0, 0, 0, 0, 0, 0, 0, 0, 0, 0, 0, 0, 0]
  [1, 66] ; [1/66, -1] ; [0, 0, 0, 0, 0, 0, 0, -1, 0, 0, 0, 0, 0, 0, 0, 0, 0, 0, 0, 0, 0, 0, 0, 0, 0, 0, 0, 0, 0]
  [1, 132] ; [1/132, -1] ; [0, 0, 0, 0, 0, 0, 0, 0, 0, 0, 0, 0, 0, 0, 0, 0, -1, 0, 0, 0, 0, 0, 0, 0, 0, 0, 0, 0, 0]
  [1, 55] ; [1/55, -1] ; [0, 0, 0, 0, 0, 1, 0, 0, 0, 0, 0, 0, 0, 0, 0, 0, 0, 0, 0, 0, 0, 0, 0, 0, 0, 0, 0, 0, 0]
  [1, 121] ; [1/121, -1] ; [0, 0, 0, 0, -1, 0, 0, 0, 0, 0, 0, 0, 0, 0, 0, 0, 0, 0, 0, 0, 0, 0, 0, 0, 0, 0, 0, 0, 0]
  [1, 44] ; [1/44, -1] ; [0, 0, 0, 0, 0, 0, 0, 0, 0, 0, 0, 0, 0, 0, 0, 0, -1, 0, 0, 0, 0, 0, 0, 0, 0, 0, 1, 1, 0]
  [1, 110] ; [1/110, -1] ; [0, 0, 0, 0, 0, 0, 0, 0, 1, 0, -1, -1, 0, 0, 0, 0, 0, 0, 0, 0, 0, 0, 0, 0, 0, 0, 0, 0, 0]
  [1, 33] ; [1/33, -1] ; [0, 0, 0, 0, 0, 0, 0, 0, 0, 0, 0, 0, 0, 0, 0, 0, 0, 0, 0, 0, 0, 0, 0, -1, 0, 0, 0, 0, 0]
  [1, 99] ; [1/99, -1] ; [0, 0, 0, 0, 0, 0, 0, 0, 0, 0, 0, 0, 1, 1, 0, 0, -1, 0, 0, 0, 0, 0, 0, 0, 0, 0, 0, 0, 0]
  [1, 22] ; [1/22, -1] ; [0, 0, 0, 0, 0, 0, 0, 0, 0, 0, 0, 0, 0, 0, 0, 0, 0, 1, 0, 0, 0, 0, 0, 0, 0, 0, 0, 0, 0]
  [1, 88] ; [1/88, -1] ; [0, 0, 0, 0, 0, 0, 0, 0, 0, 0, 0, 0, 0, 0, 0, 0, 0, 1, 1, 0, 0, 0, 0, 0, 0, 0, 0, 0, 0]
  [1, 11] ; [1/11, -1] ; [0, 0, 0, 0, 0, 0, 0, 0, 0, 0, 0, 0, 0, 1, 0, 0, -1, 0, 0, 0, 0, 0, 0, 0, 0, 0, 0, 0, 0]
  [1, 77] ; [1/77, -1] ; [0, 0, 0, 0, 0, 0, 0, 0, 1, 0, 0, -1, 0, 0, 0, 0, 0, 0, 0, 0, 0, 0, 0, 0, 0, 0, 0, 0, 0]
  [78, 66] ; [1/209, -67/78] ; [0, 1, 1, 0, 0, 0, 0, -1, 0, 0, 0, 0, 0, 0, 0, -1, 0, 0, 0, 0, 0, 0, 0, 0, 0, 0, 0, 0, 0]
  [1, 78] ; [1/78, -1] ; [0, 0, 0, 0, 0, 0, 0, 0, 0, 0, 0, -1, 0, 0, 0, 0, 0, 0, 0, 0, 0, 0, 0, 0, 0, 0, 0, 0, 0]
  [1, 1] ; [1, -1] ; [0, 0, 0, 0, 0, 0, 0, 0, 0, 0, 0, 0, 0, 0, 0, 0, 0, 0, 0, 0, 0, 0, 0, 0, 0, 0, 0, 0, 0]
  [1, 67] ; [1/67, -1] ; [0, 0, 0, 0, 0, 0, 0, -1, 0, 0, 0, 0, 0, 0, 0, 0, 0, 0, 0, 0, 0, 0, 0, 1, 0, 0, 0, 0, 0]
  [1, 133] ; [1/133, -1] ; [0, 0, 0, 0, 0, 0, 0, 0, 0, 0, 0, 0, 0, 0, 0, 0, 0, 0, 0, 0, 0, 0, 0, 0, 0, 0, -1, -1, 0]
  [1, 56] ; [1/56, -1] ; [0, 0, 0, 0, 1, 1, 0, 0, 0, 0, 0, 0, 0, 0, 0, 0, 0, 0, 0, 0, 0, 0, 0, 0, 0, 0, 0, 0, 0]
  [1, 122] ; [1/122, -1] ; [0, 0, 0, 0, -1, 0, 0, 0, -1, 0, 1, 1, 0, 0, 0, 0, 0, 0, 0, 0, 0, 0, 0, 0, 0, 0, 0, 0, 0]
  [1, 45] ; [1/45, -1] ; [0, 0, 0, 0, 0, -1, 0, 0, 0, 0, 0, 0, 0, 0, 0, 0, -1, 0, 0, 0, 0, 0, 0, 0, 0, 0, 1, 1, 0]
  [1, 111] ; [1/111, -1] ; [0, 0, 0, 0, 0, 0, 0, 0, 0, 0, -1, 0, 0, 0, 0, 0, 0, 0, 0, 0, 0, 0, 0, 0, 0, 0, 0, 0, 0]
  [1, 34] ; [1/34, -1] ; [0, 0, 0, 0, 0, 0, 0, 0, 0, 0, 0, 0, 0, 0, 0, 0, 0, -1, 0, 0, 0, 0, 0, -1, 0, 0, 0, 0, 0]
  [1, 100] ; [1/100, -1] ; [0, 0, 0, 0, 0, 0, 0, 0, 0, 0, 0, 0, 1, 0, 0, 0, 0, 0, 0, 0, 0, 0, 0, 0, 0, 0, 0, 0, 0]
  [1, 23] ; [1/23, -1] ; [0, 0, 0, 0, 0, 0, 0, 0, 0, 0, 0, 0, 0, 0, 0, 0, 0, 0, -1, 0, 0, 0, 0, 0, 0, 0, 0, 0, 0]
  [1, 89] ; [1/89, -1] ; [0, 0, 0, 0, 0, 0, 0, 0, 0, 0, 0, 0, -1, -1, 0, 0, 1, 1, 1, 0, 0, 0, 0, 0, 0, 0, 0, 0, 0]
  [1, 12] ; [1/12, -1] ; [0, 0, 0, 0, 0, 0, 0, 0, 0, 0, 0, 0, 0, 1, 0, 0, 0, 0, 0, 0, 0, 0, 0, 0, 0, 0, 0, 0, 0]
  [78, 1] ; [1, 0] ; [0, 0, 0, 0, 0, 0, 0, 0, 0, 0, 0, 0, 0, 0, 0, 0, 0, 0, 0, 0, 0, 0, 0, 0, 0, 0, 0, 0, 0]
  [1, 13] ; [1/13, -1] ; [0, 0, 0, 0, 0, 0, 0, 0, 0, 0, 0, 0, 0, 0, -1, 0, 0, 0, 0, 0, 0, 0, 0, 0, 0, 0, 0, 0, 0]
  [1, 79] ; [1/79, -1] ; [0, 0, 0, 0, 0, 0, 0, 0, 0, 0, 0, -1, 0, 0, 0, 0, 0, 0, 0, -1, 0, 0, 0, 0, 0, 0, 0, 0, 0]
  [1, 2] ; [1/2, -1] ; [0, 0, 0, -1, 0, -1, -1, 0, 0, -1, -1, -1, 0, 0, -1, 0, -1, -1, -1, -1, -1, 0, -1, -1, 0, 0, 0, 0, 0]
  [1, 68] ; [1/68, -1] ; [0, 0, 0, 0, 0, 0, 0, -1, 0, 0, 0, 0, 0, 0, 0, 0, 0, 0, 0, 0, 0, -1, 0, 1, 0, 0, 0, 0, 0]
  [1, 134] ; [1/134, -1] ; [0, 0, 0, 0, 0, 0, 0, 0, 0, 0, 0, 0, 0, 0, 0, 0, 0, 0, 0, 0, 0, 0, 0, 0, 0, 0, -1, 0, 0]
  [1, 57] ; [1/57, -1] ; [0, 1, 1, 1, 1, 1, 0, 0, 0, 0, 0, 0, 0, 0, 0, 0, 0, 0, 0, 0, 0, 0, 0, 0, 0, 0, 0, 0, 0]
  [1, 123] ; [1/123, -1] ; [0, 1, 1, 0, 0, 0, 0, 0, 0, 0, 0, 0, -1, -1, -1, -1, 0, 0, 0, 0, 0, 0, 0, 0, 0, 0, 0, 0, 0]
  [1, 46] ; [1/46, -1] ; [0, 0, 0, -1, 0, -1, 0, 0, 0, -1, 0, 0, 0, 0, -1, 0, -1, 0, 0, 0, 0, 0, 0, 0, 0, 1, 1, 1, 0]
  [1, 112] ; [1/112, -1] ; [0, 0, 0, 0, 0, 0, 0, 0, 0, 0, 0, 0, 0, 0, 0, 0, 0, 0, 0, 0, 0, 0, 0, 0, -1, 0, 0, 0, 0]
  [1, 35] ; [1/35, -1] ; [0, 0, 0, 0, 0, 0, 0, 0, 0, 0, 0, 0, 0, 0, 0, 0, 0, -1, 0, 0, 0, 0, 0, -1, 0, -1, -1, -1, 1]
  [1, 101] ; [1/101, -1] ; [0, 0, 1, 0, 0, 0, 0, 0, 0, 0, 0, 0, 0, 0, 0, 0, 0, 0, 0, 0, 0, 0, 0, 0, 0, 0, 0, 0, 0]
  [1, 24] ; [1/24, -1] ; [0, 0, 0, 0, 0, 0, 0, 0, 0, 0, 0, 0, 0, 0, 0, 0, 0, 0, 0, 0, 1, 0, 0, 0, 0, 0, 0, 0, 1]
  [1, 90] ; [1/90, -1] ; [0, 0, 0, 0, 0, 0, 0, 0, 0, 0, 0, 0, 0, 0, 0, 1, 0, 0, 0, -1, -1, 0, 0, 0, 0, 0, 0, 0, 0]
  [78, 79] ; [1/79, 1/78] ; [0, 0, 0, 0, 0, 0, 0, 0, 0, 0, 0, 0, 0, 0, 0, 0, 0, 0, 0, -1, 0, 0, 0, 0, 0, 0, 0, 0, 0]
  [1, 91] ; [1/91, -1] ; [0, 0, 0, 0, 0, 0, 0, 0, 0, 0, 0, 0, 0, 0, 0, 1, 0, 0, 0, 0, 0, 0, 0, 0, 0, 0, 0, 0, 0]
  [1, 14] ; [1/14, -1] ; [0, 0, 0, 0, 0, 0, 0, 0, 0, 0, 0, 0, 0, 0, 0, 0, 0, 0, 0, 0, 0, 0, 0, 0, 0, -1, 0, 0, 0]
  [1, 80] ; [1/80, -1] ; [0, 0, 0, 0, 0, 0, 0, 0, 0, 0, 0, 0, 0, 0, 0, 0, 0, 0, 0, 0, 0, 0, 1, 0, 0, 0, 0, 0, 0]
  [1, 3] ; [1/3, -1] ; [0, 0, 0, -1, 0, -1, -1, -1, 0, -1, -1, -1, -1, -1, -1, -1, 0, 0, 0, 0, 0, 0, 0, 0, 0, 0, 0, 0, 0]
  [1, 69] ; [1/69, -1] ; [0, 0, 0, 0, 0, 0, 0, -1, 0, 0, 0, 0, 0, 0, 0, 0, 0, 0, 0, 0, 0, 0, 1, 1, 0, 0, 0, 0, 0]
  [1, 135] ; [1/135, -1] ; [0, 0, 0, 0, 0, 0, 0, 0, 0, 0, 0, 0, 0, 0, 0, 0, 0, 0, 0, 0, 0, 0, 0, 0, 0, 0, 0, 1, -1]
  [1, 58] ; [1/58, -1] ; [0, 0, 0, 0, 0, 0, -1, -1, -1, -1, 0, 0, 0, 0, 0, 0, 0, 0, 0, 0, 0, 0, 0, 0, 0, 0, 0, 0, 0]
  [1, 124] ; [1/124, -1] ; [0, 1, 1, 0, 0, 0, 0, 0, 0, 0, 0, 0, -1, 0, 0, 0, 0, 0, 0, 0, 0, 0, 0, 0, 0, 0, 0, 0, 0]
  [1, 47] ; [1/47, -1] ; [0, 0, 0, -1, 0, -1, -1, 0, 0, -1, -1, 0, 0, 0, -1, 0, -1, 0, 0, 0, 0, 0, 0, 0, 0, 1, 1, 1, 0]
  [1, 113] ; [1/113, -1] ; [0, 0, 0, 0, 0, 0, -1, 0, 0, 0, 0, 0, 0, 0, 0, 0, 0, 0, 0, 0, 0, 0, 0, 0, -1, 0, 0, 0, 0]
  [1, 36] ; [1/36, -1] ; [0, 0, 0, 0, 0, 0, 0, 0, 0, 0, 0, 1, 0, 0, 0, 0, 0, 0, 1, 1, 1, 0, 1, 0, 0, 0, 0, 0, 1]
  [1, 102] ; [1/102, -1] ; [0, 1, 1, 0, 0, 0, 0, 0, 0, 0, 0, 0, 0, 0, 0, 0, 0, 0, 0, 0, 0, 0, 0, 0, 0, 0, 0, 0, 0]
  [1, 25] ; [1/25, -1] ; [0, 0, 0, 0, 0, 0, 0, 0, 0, 0, 0, 0, 0, 0, 0, 0, 0, 0, 0, 0, 1, 0, 0, 0, 0, 0, 0, 0, 0]
  [78, 14] ; [1/157, 1/39] ; [0, 0, 0, 0, 0, 0, 0, 0, 0, 0, 0, 0, 0, 0, 0, 0, 0, 0, 0, -1, 0, 0, 0, 0, 0, -1, 0, 0, 0]
  [1, 26] ; [1/26, -1] ; [0, 0, 0, 0, 0, 0, 0, 0, 0, 0, 0, 0, 0, 0, 0, 0, 0, 0, 0, 1, 1, 0, 0, 0, 0, 0, 0, 0, 0]
  [1, 92] ; [1/92, -1] ; [0, 0, 0, 0, 0, 0, 0, 0, 0, 0, 0, 0, 0, 1, 1, 1, 0, 0, 0, 0, 0, 0, 0, 0, 0, 0, 0, 0, 0]
  [1, 15] ; [1/15, -1] ; [0, 0, 0, 0, 0, 0, 0, 0, 0, 0, 0, 0, 0, 0, 0, 0, 0, 0, 0, 0, 0, 0, 0, 0, 0, 0, 1, 1, -1]
  [1, 81] ; [1/81, -1] ; [0, 0, 0, 0, 0, 0, 0, 0, 0, 0, 0, 0, 0, 0, 0, 0, 0, 0, 0, 0, 0, 1, 1, 0, 0, 0, 0, 0, 0]
  [1, 4] ; [1/4, -1] ; [0, -1, -1, -1, -1, -1, -1, -1, -1, -1, 0, 0, 0, 0, 0, 0, 0, 0, 0, 0, 0, 0, 0, 0, 0, 0, 0, 0, 0]
  [1, 70] ; [1/70, -1] ; [0, 0, 0, 0, 0, 0, 0, -1, 0, 0, 0, 0, -1, -1, 0, -1, 1, 1, 1, 1, 1, 0, 1, 1, 0, 0, 0, 0, 0]
  [1, 136] ; [1/136, -1] ; [0, 0, 0, 0, 0, 0, 0, 0, 0, 0, 0, 0, 0, 0, 0, 0, 0, 0, 0, 0, 0, 0, 0, 0, 0, 0, 0, 0, -1]
  [1, 59] ; [1/59, -1] ; [0, 0, 0, 0, 0, 0, -1, 0, 0, 0, 0, 0, 0, 0, 0, 0, 0, 0, 0, 0, 0, 0, 0, 0, 0, 0, 0, 0, 0]
  [1, 125] ; [1/125, -1] ; [0, 1, 0, 0, 0, 0, 0, 0, 0, 0, 0, 0, 0, 0, 0, 0, 0, 0, 0, 0, 0, 0, 0, 0, 0, 0, 0, 0, 0]
  [1, 48] ; [1/48, -1] ; [0, 0, 0, 0, 0, 0, 0, 0, 0, 0, 0, 1, 0, 0, 0, 0, 0, 1, 1, 1, 1, 0, 1, 1, 0, 1, 1, 1, 0]
  [1, 114] ; [1/114, -1] ; [0, 0, 0, 0, 0, 0, -1, 0, 0, 0, -1, 0, 0, 0, 0, 0, 0, 0, 0, 0, 0, 0, 0, 0, 0, 0, 0, 0, 0]
  [1, 37] ; [1/37, -1] ; [0, 0, 0, 0, 0, 0, 0, 0, 0, 0, 0, 1, 0, 0, 0, 0, 0, 0, 0, 1, 0, 0, 1, 0, 0, 0, 0, 0, 0]
  [1, 103] ; [1/103, -1] ; [0, 0, 0, -1, 0, 0, 0, 0, 0, 0, 0, 0, 0, 0, 0, 0, 0, 0, 0, 0, 0, 0, 0, 0, 0, 0, 0, 0, 0]
  [78, 92] ; [1/235, 1/26] ; [0, 0, 0, 0, 0, 0, 0, 0, 0, 0, 0, 0, 0, 1, 1, 1, 0, 0, 0, -1, -1, 0, 0, 0, 0, 0, 0, 0, 0]
  [1, 104] ; [1/104, -1] ; [0, 0, 0, 0, 0, 0, 0, 0, 0, 1, 0, 0, 0, 0, 0, 0, 0, 0, 0, 0, 0, 0, 0, 0, 0, 0, 0, 0, 0]
  [1, 27] ; [1/27, -1] ; [0, 0, 0, 0, 0, 0, 0, 0, 0, 0, 0, 0, 0, 0, 0, -1, 0, 0, 0, 1, 1, 0, 0, 0, 0, 0, 0, 0, 0]
  [1, 93] ; [1/93, -1] ; [0, -1, -1, 0, 0, 0, 0, 0, 0, 0, 0, 0, 1, 1, 1, 1, 0, 0, 0, 0, 0, 0, 0, 0, 0, 0, 0, 0, 0]
  [1, 16] ; [1/16, -1] ; [0, 0, 0, 0, 0, 0, 0, 0, 0, 0, 0, 0, 0, 0, 0, 0, 0, 0, 0, 0, 0, 0, 0, 0, 0, 0, 1, 0, 0]
  [1, 82] ; [1/82, -1] ; [0, 0, 0, 0, 0, 0, 0, 1, 0, 0, 0, 0, 0, 0, 0, 0, 0, 0, 0, 0, 0, 1, 0, -1, 0, 0, 0, 0, 0]
  [1, 5] ; [1/5, -1] ; [0, -1, -1, -1, -1, -1, 0, 0, 0, 0, 0, 0, 0, 0, 0, 0, 0, 0, 0, 0, 0, 0, 0, 0, 0, 0, 0, 0, 0]
  [1, 71] ; [1/71, -1] ; [0, 0, 0, 1, 0, 1, 1, 0, 0, 1, 1, 1, 0, 0, 1, 0, 1, 1, 1, 1, 1, 0, 1, 1, 0, 0, 0, 0, 0]
  [1, 137] ; [1/137, -1] ; [0, 0, 0, 0, 0, 0, 0, 0, 0, 0, 0, 0, 0, 0, 0, 0, 0, 0, 0, 0, -1, 0, 0, 0, 0, 0, 0, 0, -1]
  [1, 60] ; [1/60, -1] ; [0, 0, 0, 0, 0, 0, 0, 0, 0, 0, 0, 0, 0, 0, 0, 0, 0, 0, 0, 0, 0, 0, 0, 0, 1, 0, 0, 0, 0]
  [1, 126] ; [1/126, -1] ; [0, 0, -1, 0, 0, 0, 0, 0, 0, 0, 0, 0, 0, 0, 0, 0, 0, 0, 0, 0, 0, 0, 0, 0, 0, 0, 0, 0, 0]
  [1, 49] ; [1/49, -1] ; [0, 0, 0, 0, 0, 0, 0, 0, 0, 0, 0, 0, 0, 0, 0, 0, 0, 1, 0, 0, 0, 0, 0, 1, 0, 1, 1, 1, -1]
  [1, 115] ; [1/115, -1] ; [0, 0, 0, 1, 0, 1, 0, 0, 0, 1, 0, 0, 0, 0, 1, 0, 1, 0, 0, 0, 0, 0, 0, 0, 0, -1, -1, -1, 0]
  [1, 38] ; [1/38, -1] ; [0, 0, 0, 0, 0, 0, 0, 0, 0, 0, 0, 1, 0, 0, 0, 0, 0, 0, 0, 1, 0, 0, 0, 0, 0, 0, 0, 0, 0]
  [78, 27] ; [1/313, 2/39] ; [0, 0, 0, 0, 0, 0, 0, 0, 0, 0, 0, 0, 0, 0, 1, -1, 0, 0, 0, 1, 1, 0, 0, 0, 0, 0, 1, 1, -1]
  [1, 39] ; [1/39, -1] ; [0, 0, 0, 0, 0, 0, 0, 0, 0, 0, 0, 0, 0, 0, 0, 0, 0, 0, 0, 1, 0, 0, 0, 0, 0, 0, 0, 0, 0]
  [1, 105] ; [1/105, -1] ; [0, 0, 0, 0, 0, 0, 0, 1, 1, 1, 0, 0, 0, 0, 0, 0, 0, 0, 0, 0, 0, 0, 0, 0, 0, 0, 0, 0, 0]
  [1, 28] ; [1/28, -1] ; [0, 0, 0, 0, 0, 0, 0, 0, 0, 0, 0, 0, -1, -1, 0, -1, 1, 1, 1, 1, 1, 0, 0, 0, 0, 0, 0, 0, 0]
  [1, 94] ; [1/94, -1] ; [0, -1, -1, 0, -1, 0, 0, 0, -1, 0, 1, 1, 1, 1, 1, 1, 0, 0, 0, 0, 0, 0, 0, 0, 0, 0, 0, 0, 0]
  [1, 17] ; [1/17, -1] ; [0, 0, 0, 0, 0, 0, 0, 0, 0, 0, 0, 0, 0, 0, 0, 0, 0, 0, 0, 0, 0, 0, 0, 0, 0, 0, 0, -1, 0]
  [1, 83] ; [1/83, -1] ; [0, 0, 0, 0, 0, 0, 0, 0, 0, 0, 0, 0, 0, 0, 0, 0, 0, 0, 0, 0, 0, 1, 0, 0, 0, 0, 0, 0, 0]
  [1, 6] ; [1/6, -1] ; [0, -1, -1, -1, 0, 0, 0, 0, 0, 0, 0, 0, 0, 0, 0, 0, 0, 0, 0, 0, 0, 0, 0, 0, 0, 0, 0, 0, 0]
  [1, 72] ; [1/72, -1] ; [0, 0, 0, 1, 0, 1, 1, 0, 0, 1, 1, 1, 0, 0, 1, 0, 1, 1, 1, 1, 1, 0, 1, 1, 0, 0, 0, 0, 0]
  [1, 138] ; [1/138, -1] ; [0, 0, 0, 0, 0, 0, 0, 0, 0, 0, 0, 0, 0, 0, 0, 0, 0, 0, -1, 0, -1, 0, 0, 0, 0, 0, 0, 0, -1]
  [1, 61] ; [1/61, -1] ; [0, 0, 0, 0, 0, 0, 0, 0, 0, 0, -1, 0, 0, 0, 0, 0, 0, 0, 0, 0, 0, 0, 0, 0, 1, 0, 0, 0, 0]
  [1, 127] ; [1/127, -1] ; [0, 0, -1, 0, 0, 0, 0, 0, 0, 0, 0, 0, 1, 0, 0, 0, 0, 0, 0, 0, 0, 0, 0, 0, 0, 0, 0, 0, 0]
  [1, 50] ; [1/50, -1] ; [0, 0, 0, 0, 0, 0, 0, 0, 0, 0, 0, 0, 0, 0, 0, 0, 0, 0, 0, 0, 0, 0, 0, 0, 0, 1, 1, 1, -1]
  [1, 116] ; [1/116, -1] ; [0, 0, 0, 1, 0, 0, 0, 0, 0, 1, 0, 0, 0, 0, 1, 0, 0, 0, 0, 0, 0, 0, 0, 0, 0, -1, 0, 0, 0]
  [78, 105] ; [1/391, 5/78] ; [0, 0, 0, 0, 0, 0, 0, 1, 1, 1, 0, 0, 0, 0, 0, 0, 0, 0, 0, -1, 0, 0, 0, 0, 0, 0, -1, 0, 1]
  [1, 117] ; [1/117, -1] ; [0, 0, 0, 1, 0, 0, 0, 0, 0, 1, 0, 0, 0, 0, 0, 0, 0, 0, 0, 0, 0, 0, 0, 0, 0, 0, 0, 0, 0]
  [1, 40] ; [1/40, -1] ; [0, 0, 0, 0, 0, 0, 0, 0, 0, 0, 0, 0, 0, 0, 0, 0, 0, 0, 0, 0, -1, 0, 0, 0, 0, 0, 0, 0, 0]
  [1, 106] ; [1/106, -1] ; [0, 0, 0, 0, 0, 0, 1, 1, 1, 1, 0, 0, 0, 0, 0, 0, 0, 0, 0, 0, 0, 0, 0, 0, 0, 0, 0, 0, 0]
  [1, 29] ; [1/29, -1] ; [0, 0, 0, 0, 0, 0, 0, 1, 0, 0, 0, 0, 0, 0, 0, 0, 0, 0, 0, 0, 0, 0, -1, -1, 0, 0, 0, 0, 0]
  [1, 95] ; [1/95, -1] ; [0, 0, 0, 1, 0, 1, 1, 1, 0, 1, 1, 1, 1, 1, 1, 1, 0, 0, 0, 0, 0, 0, 0, 0, 0, 0, 0, 0, 0]
  [1, 18] ; [1/18, -1] ; [0, 0, 0, 0, 0, 0, 0, 0, 0, 0, 0, 0, 0, 0, 0, 0, 0, 0, 0, 0, 0, 0, 0, 0, 0, 0, 0, -1, 1]
  [1, 84] ; [1/84, -1] ; [0, 0, 0, 0, 0, 0, 0, 0, 0, 0, 0, 0, 0, 0, 0, 0, 0, 0, 0, 0, 0, 0, -1, 0, 0, 0, 0, 0, 0]
  [1, 7] ; [1/7, -1] ; [0, -1, -1, 0, 0, 0, 0, 0, 0, 0, 0, 0, 0, 0, 0, 0, 0, 0, 0, 0, 0, 0, 0, 0, 0, 0, 0, 0, 0]
  [1, 73] ; [1/73, -1] ; [0, 0, 0, 1, 0, 1, 1, 0, 0, 1, 1, 0, 0, 0, 1, 0, 1, 0, 0, 0, 0, 0, 0, 0, 0, -1, -1, -1, 0]
  [1, 139] ; [1/139, -1] ; [0, 0, 0, 0, 0, 0, 0, 0, 0, 0, 0, -1, 0, 0, 0, 0, 0, 0, -1, -1, -1, 0, -1, 0, 0, 0, 0, 0, -1]
  [1, 62] ; [1/62, -1] ; [0, 0, 0, 0, 0, 0, 1, 0, 0, 0, 0, 0, 0, 0, 0, 0, 0, 0, 0, 0, 0, 0, 0, 0, 1, 0, 0, 0, 0]
  [1, 128] ; [1/128, -1] ; [0, -1, -1, 0, 0, 0, 0, 0, 0, 0, 0, 0, 1, 0, 0, 0, 0, 0, 0, 0, 0, 0, 0, 0, 0, 0, 0, 0, 0]
  [1, 51] ; [1/51, -1] ; [0, 0, 0, 0, 0, 0, 0, 0, 0, 0, 0, 0, 0, 0, 0, 0, 0, 0, 0, 0, 0, 0, 0, 0, 0, 1, 0, 0, 0]
  [78, 40] ; [1/469, 1/13] ; [0, 0, 0, 0, 0, 0, 0, 0, 0, 0, 0, 0, 0, 0, 1, 0, 0, 0, 0, 0, -1, 0, 0, 0, 0, 0, 0, 0, 0]
  [1, 52] ; [1/52, -1] ; [0, 0, 0, 0, 0, 0, 0, 0, 0, 0, 0, 0, 0, 0, -1, 0, 0, 0, 0, 0, 0, 0, 0, 0, 0, 1, 0, 0, 0]
  [1, 118] ; [1/118, -1] ; [0, 0, 0, 1, 0, 0, 0, 0, 0, 0, 0, 0, 0, 0, 0, 0, 0, 0, 0, 0, 0, 0, 0, 0, 0, 0, 0, 0, 0]
  [1, 41] ; [1/41, -1] ; [0, 0, 0, 0, 0, 0, 0, 0, 0, 0, 0, 0, 0, 0, 0, 0, 0, 0, 0, 0, 0, 0, 0, 0, 0, 0, 0, 0, 1]
  [1, 107] ; [1/107, -1] ; [0, 1, 1, 1, 1, 1, 1, 1, 1, 1, 0, 0, 0, 0, 0, 0, 0, 0, 0, 0, 0, 0, 0, 0, 0, 0, 0, 0, 0]
  [1, 30] ; [1/30, -1] ; [0, 0, 0, 0, 0, 0, 0, 0, 0, 0, 0, 0, 0, 0, 0, 0, 0, 0, 0, 0, 0, -1, -1, 0, 0, 0, 0, 0, 0]
  [1, 96] ; [1/96, -1] ; [0, 0, 0, 0, 0, 0, 0, 1, 0, 0, 0, 0, 1, 1, 0, 1, -1, -1, -1, -1, -1, 0, -1, -1, 0, 0, 0, 0, 0]
  [1, 19] ; [1/19, -1] ; [0, 0, 0, 0, 0, 0, 0, 0, 0, 0, 0, 0, 0, 0, 0, 0, 0, 0, 0, 0, 0, 0, 0, 0, 0, 0, -1, -1, 1]
  [1, 85] ; [1/85, -1] ; [0, 0, 0, 0, 0, 0, 0, 0, 0, 0, 0, -1, 0, 0, 0, 0, 0, 0, 0, -1, 0, 0, -1, 0, 0, 0, 0, 0, 0]
  [1, 8] ; [1/8, -1] ; [0, -1, 0, 0, 0, 0, 0, 0, 0, 0, 0, 0, 0, 0, 0, 0, 0, 0, 0, 0, 0, 0, 0, 0, 0, 0, 0, 0, 0]
  [1, 74] ; [1/74, -1] ; [0, 0, 0, 0, 0, 0, 1, 0, 0, 0, 1, 0, 0, 0, 0, 0, 0, 0, 0, 0, 0, 0, 0, 0, 0, 0, 0, 0, 0]
  [1, 140] ; [1/140, -1] ; [0, 0, 0, 0, 0, 0, 0, 0, 0, 0, 0, -1, 0, 0, 0, 0, 0, -1, -1, -1, -1, 0, -1, -1, 0, -1, -1, -1, 0]
  [1, 63] ; [1/63, -1] ; [0, 0, 0, 0, 0, 0, 1, 0, 0, 0, 0, 0, 0, 0, 0, 0, 0, 0, 0, 0, 0, 0, 0, 0, 0, 0, 0, 0, 0]
  [1, 129] ; [1/129, -1] ; [0, 0, 0, 0, 0, 0, 0, 0, 0, 0, 0, 0, 0, -1, -1, -1, 0, 0, 0, 0, 0, 0, 0, 0, 0, 0, 0, 0, 0]
  [78, 118] ; [1/547, 7/78] ; [0, 0, 0, 1, 0, 0, 0, 0, 1, 0, 0, 0, 0, -1, 0, 0, 1, 0, 0, 0, 0, 0, 0, 0, 0, 0, 0, 0, 0]
  [1, 130] ; [1/130, -1] ; [0, 0, 0, 0, 0, 0, 0, 0, 0, 0, 0, 0, 0, -1, -1, 0, 0, 0, 0, 0, 0, 0, 0, 0, 0, 0, 0, 0, 0]
  [1, 53] ; [1/53, -1] ; [0, 0, 0, -1, 0, 0, 0, 0, 0, -1, 0, 0, 0, 0, -1, 0, 0, 0, 0, 0, 0, 0, 0, 0, 0, 1, 0, 0, 0]
  [1, 119] ; [1/119, -1] ; [0, 1, 1, 1, 0, 0, 0, 0, 0, 0, 0, 0, 0, 0, 0, 0, 0, 0, 0, 0, 0, 0, 0, 0, 0, 0, 0, 0, 0]
  [1, 42] ; [1/42, -1] ; [0, 0, 0, 0, 0, 0, 0, 0, 0, 0, 0, 0, 0, 0, 0, 0, 0, 0, 0, 0, 0, 0, 0, 0, 0, 0, 0, 1, 0]
  [1, 108] ; [1/108, -1] ; [0, 1, 1, 0, 1, 0, 0, 0, 1, 0, -1, -1, -1, -1, -1, -1, 0, 0, 0, 0, 0, 0, 0, 0, 0, 0, 0, 0, 0]
  [1, 31] ; [1/31, -1] ; [0, 0, 0, 0, 0, 0, 0, 0, 0, 0, 0, 0, 0, 0, 0, 0, 0, 0, 0, 0, 0, -1, 0, 0, 0, 0, 0, 0, 0]
  [1, 97] ; [1/97, -1] ; [0, 0, 0, 0, 0, 0, 0, 0, 0, 0, 0, 0, 1, 1, 0, 1, -1, -1, -1, -1, -1, 0, 0, 0, 0, 0, 0, 0, 0]
  [1, 20] ; [1/20, -1] ; [0, 0, 0, 0, 0, 0, 0, 0, 0, 0, 0, 0, 0, 0, 0, 0, 0, 0, 0, 0, 0, 0, 0, 0, 0, -1, -1, -1, 1]
  [1, 86] ; [1/86, -1] ; [0, 0, 0, 0, 0, 0, 0, 0, 0, 0, 0, 0, 0, 0, 0, 0, 0, 0, 1, 0, 1, 0, 0, 0, 0, 0, 0, 0, 1]
  [1, 9] ; [1/9, -1] ; [0, 0, 1, 0, 0, 0, 0, 0, 0, 0, 0, 0, -1, 0, 0, 0, 0, 0, 0, 0, 0, 0, 0, 0, 0, 0, 0, 0, 0]
  [1, 75] ; [1/75, -1] ; [0, 0, 0, 0, 0, 0, 0, 0, 0, 0, 1, 0, 0, 0, 0, 0, 0, 0, 0, 0, 0, 0, 0, 0, -1, 0, 0, 0, 0]
  [1, 141] ; [1/141, -1] ; [0, 0, 0, -1, 0, -1, -1, 0, 0, -1, -1, -1, 0, 0, -1, 0, -1, -1, -1, -1, -1, 0, -1, -1, 0, 0, 0, 0, 0]
  [1, 64] ; [1/64, -1] ; [0, 0, 0, 0, 0, 0, 0, -1, -1, -1, 0, 0, 0, 0, 0, 0, 0, 0, 0, 0, 0, 0, 0, 0, 0, 0, 0, 0, 0]
  [78, 53] ; [1/53, -17/78] ; [0, 0, 0, -1, 0, 0, 0, 0, 1, -1, 0, 0, 0, 0, -1, 0, 0, 0, 1, 0, 1, -1, 1, 1, 0, 1, 0, 0, 1]
  [1, 65] ; [1/65, -1] ; [0, 0, 0, 0, 0, 0, 0, -1, -1, 0, 0, 0, 0, 0, 0, 0, 0, 0, 0, 0, 0, 0, 0, 0, 0, 0, 0, 0, 0]
  [1, 131] ; [1/131, -1] ; [0, 0, 0, 0, 0, 0, 0, 0, 0, 0, 0, 0, 0, -1, 0, 0, 0, 0, 0, 0, 0, 0, 0, 0, 0, 0, 0, 0, 0]
  [1, 54] ; [1/54, -1] ; [0, 0, 0, 0, 0, 1, 0, 0, 0, 0, 0, 0, 0, 0, 0, 0, 1, 0, 0, 0, 0, 0, 0, 0, 0, 0, -1, -1, 0]
  [1, 120] ; [1/120, -1] ; [0, 0, 0, 0, -1, -1, 0, 0, 0, 0, 0, 0, 0, 0, 0, 0, 0, 0, 0, 0, 0, 0, 0, 0, 0, 0, 0, 0, 0]
  [1, 43] ; [1/43, -1] ; [0, 0, 0, 0, 0, 0, 0, 0, 0, 0, 0, 0, 0, 0, 0, 0, 0, 0, 0, 0, 0, 0, 0, 0, 0, 0, 1, 1, 0]
  [1, 109] ; [1/109, -1] ; [0, 0, 0, 0, 1, 0, 0, 0, 1, 0, -1, -1, 0, 0, 0, 0, 0, 0, 0, 0, 0, 0, 0, 0, 0, 0, 0, 0, 0]
  [1, 32] ; [1/32, -1] ; [0, 0, 0, 0, 0, 0, 0, 1, 0, 0, 0, 0, 0, 0, 0, 0, 0, 0, 0, 0, 0, 0, 0, -1, 0, 0, 0, 0, 0]
  [1, 98] ; [1/98, -1] ; [0, 0, 0, 0, 0, 0, 0, 0, 0, 0, 0, 0, 1, 1, 0, 0, -1, -1, -1, 0, 0, 0, 0, 0, 0, 0, 0, 0, 0]
  [1, 21] ; [1/21, -1] ; [0, 0, 0, 0, 0, 0, 0, 0, 0, 0, 0, 0, 0, 0, 0, 0, 0, 1, 0, 0, 0, 0, 0, 1, 0, 0, 0, 0, 0]
  [1, 87] ; [1/87, -1] ; [0, 0, 0, 0, 0, 0, 0, 0, 0, 0, 0, 0, 0, 0, 0, 0, 0, 0, 1, 0, 0, 0, 0, 0, 0, 0, 0, 0, 0]
  [1, 10] ; [1/10, -1] ; [0, 0, 0, 0, 0, 0, 0, 0, 0, 0, 0, 0, -1, 0, 0, 0, 0, 0, 0, 0, 0, 0, 0, 0, 0, 0, 0, 0, 0]
  [1, 76] ; [1/76, -1] ; [0, 0, 0, 0, 0, 0, 0, 0, 0, 0, 1, 0, 0, 0, 0, 0, 0, 0, 0, 0, 0, 0, 0, 0, 0, 0, 0, 0, 0]
  [1, 142] ; [1/142, -1] ; [0, 0, 0, 0, 0, 0, 0, 0, 0, 0, 0, 0, 0, 0, 0, 0, 0, 0, 0, 0, 0, 0, 0, 0, 0, 0, 0, 0, 0]
  [78, 131] ; [1/131, -7/13] ; [0, 0, 0, 1, 0, 1, 1, 1, 1, 1, 1, 1, 0, -1, 1, 0, 1, 1, 1, 1, 1, 0, 1, 1, 0, 0, 0, 0, 0]
  [66, 78] ; [1/221, 7/6] ; [0, 1, 1, 1, 0, 0, 0, 0, 0, 0, 0, -1, 0, 0, 0, 0, 0, 0, 0, 0, 0, 0, 0, 0, 0, 0, 0, 0, 0]
  [66, 1] ; [1, 0] ; [0, 0, 0, 0, 0, 0, 0, 0, 0, 0, 0, 0, 0, 0, 0, 0, 0, 0, 0, 0, 0, 0, 0, 0, 0, 0, 0, 0, 0]
  [66, 67] ; [1/67, 1/66] ; [0, 0, 0, 0, 0, 0, 0, 0, 0, 0, 0, 0, 0, 0, 0, 0, 0, 0, 0, 0, 0, 0, 0, 1, 0, 0, 0, 0, 0]
  [66, 133] ; [1/133, 1/33] ; [0, 0, 0, 0, 0, 0, 0, 0, 0, 0, 0, 0, 0, 0, 0, 0, 0, 0, 0, 0, 0, 0, 0, 1, 0, 0, -1, -1, 0]
  [66, 56] ; [1/199, 1/22] ; [0, 0, 0, 0, 1, 1, 0, 0, 0, 0, 0, 0, 0, 0, 0, 0, 0, -1, 0, 0, 0, 0, 0, 0, 0, 0, 0, 0, 0]
  [66, 122] ; [1/265, 2/33] ; [0, 0, 0, 0, -1, 0, 0, 0, -1, 0, 1, 1, 0, 0, 0, 0, 1, 0, 0, 0, 0, 0, 0, 0, 0, 0, -1, 0, 0]
  [66, 45] ; [1/331, 5/66] ; [0, 0, 0, 0, 0, -1, 0, 0, -1, 0, 0, 0, 0, 0, 1, 0, -1, 0, 0, 0, 0, 0, 0, 0, 0, 0, 1, 1, 0]
  [66, 111] ; [1/397, 1/11] ; [0, 0, 0, 0, 0, 0, 0, 0, 0, 0, -1, 0, 0, -1, 0, 0, 1, 0, 0, 0, 0, 0, 0, 0, 0, 0, 0, 0, 0]
  [66, 34] ; [1/463, 7/66] ; [0, -1, -1, 0, 0, 0, 0, 0, 0, 0, 0, 0, 1, -1, 0, 0, 1, -1, 0, 0, 0, 0, 0, -1, 0, 0, 0, 0, 0]
  [66, 100] ; [1/529, 4/33] ; [0, 1, 0, 0, 1, 0, 0, 0, 0, 0, 0, 0, 1, 0, 0, 0, 0, 0, 0, 0, 0, 0, 0, 0, 0, 0, 0, 0, 0]
  [66, 23] ; [1/23, 4/33] ; [0, 1, 0, 0, 1, 0, 0, 0, 0, 0, 0, 0, 0, 0, 0, 0, 0, 0, -1, 0, 0, 0, 0, 0, 0, 0, 0, 0, 0]
  [66, 89] ; [1/89, 31/66] ; [0, 0, 0, 1, 0, 0, 0, 0, 0, 1, 1, 1, -1, -1, 1, 0, 2, 2, 2, 1, 1, 0, 1, 1, 0, 0, 0, 0, 0]
  [66, 12] ; [1/155, 9/11] ; [0, 0, 0, 0, 0, 0, 0, 0, 0, 0, 0, 0, 0, 1, 0, 0, 0, -1, 0, 0, 1, 0, 0, 0, 0, 0, 0, 0, 1]
  [0, 1] ; [0, +oo] ; [-1, 0, 0, 0, 0, 0, 0, 0, 0, 0, 0, 0, 0, 0, 0, 0, 0, 0, 0, 0, 0, 0, 0, 0, 0, 0, 0, 0, 0]

lambda1 (v5) = -0.50000000000000000000000000000000000000000000000000 - 1.0232745926964612055995663292242128158327958623152*I
f1 lattice basis (dz-normalized) = Lambda(143a1)/(2 Pi I): b1=-0.31352300915287423503215575582714111095417953831197*I b2=-0.32082012949187626141765594659353593589657145341926 - 0.15676150457643711751607787791357055547708976915598*I

INTERSECTION FORM Q = E^-1 on cuspidal homology in the K basis (26 x 26, integral, antisym, det 1):
[0, -1, -1, -1, -1, 0, 0, 0, 0, 0, 0, 0, 0, 0, 0, 0, 1, -1, -1, 0, 0, 0, 0, 0, 0, 0; 1, 0, -1, -1, -1, -1, 0, 0, 0, 0, 0, 0, 0, 0, 0, 0, 1, -1, -1, 0, 0, 0, 0, 0, 0, 0; 1, 1, 0, 0, 0, 0, 0, -1, -1, 0, -1, 0, 0, 0, 0, 0, 1, 0, -1, -1, 0, -1, 1, -1, 1, 0; 1, 1, 0, 0, 0, 0, 0, -1, -1, 0, -1, -1, 0, 0, 0, 0, 0, 0, -1, -1, 0, -1, 1, -1, 1, 0; 1, 1, 0, 0, 0, 0, 0, -1, -1, 0, -1, 0, 0, 0, 0, 0, 0, 1, -1, -1, 0, -1, 1, -1, 1, -1; 0, 1, 0, 0, 0, 0, -1, 0, 0, 0, 0, 0, 0, 0, 0, 0, 0, 0, 0, -1, 1, 0, 0, 0, 0, 0; 0, 0, 0, 0, 0, 1, 0, 0, 0, 0, 0, 0, 0, 0, 0, 0, 0, 0, 0, -1, 1, 0, 0, 0, 0, 0; 0, 0, 1, 1, 1, 0, 0, 0, -1, 0, 0, 0, 0, 0, 0, -1, -1, 1, 1, 1, -1, 1, -1, 0, 0, 0; 0, 0, 1, 1, 1, 0, 0, 1, 0, 0, 0, 0, 0, 0, 0, -1, -1, 1, 1, 1, 0, 1, -1, 0, -1, 0; 0, 0, 0, 0, 0, 0, 0, 0, 0, 0, -1, 0, 0, 0, 0, 0, 0, 0, 0, 0, 0, 0, 0, 0, 0, 0; 0, 0, 1, 1, 1, 0, 0, 0, 0, 1, 0, 0, 0, 0, 0, -1, -1, 1, 1, 1, 0, 1, -1, 0, -1, 0; 0, 0, 0, 1, 0, 0, 0, 0, 0, 0, 0, 0, 0, 0, 0, 0, 0, 0, 0, 0, 0, 0, 0, 0, 0, 0; 0, 0, 0, 0, 0, 0, 0, 0, 0, 0, 0, 0, 0, -1, -1, 0, -1, 0, 0, 0, 0, 1, 0, 0, 0, 0; 0, 0, 0, 0, 0, 0, 0, 0, 0, 0, 0, 0, 1, 0, -1, 0, 0, 0, 0, 0, 0, 0, 0, 0, 0, 0; 0, 0, 0, 0, 0, 0, 0, 0, 0, 0, 0, 0, 1, 1, 0, -1, 0, 0, 0, 0, 0, 0, 0, 0, 0, 0; 0, 0, 0, 0, 0, 0, 0, 1, 1, 0, 1, 0, 0, 0, 1, 0, 0, 0, 1, 0, 0, 0, -1, 1, -1, 0; -1, -1, -1, 0, 0, 0, 0, 1, 1, 0, 1, 0, 1, 0, 0, 0, 0, 0, 1, 0, 0, 1, -1, 1, -1, 0; 1, 1, 0, 0, -1, 0, 0, -1, -1, 0, -1, 0, 0, 0, 0, 0, 0, 0, -1, -1, 0, -1, 1, -1, 1, 0; 1, 1, 1, 1, 1, 0, 0, -1, -1, 0, -1, 0, 0, 0, 0, -1, -1, 1, 0, 0, 0, 0, 0, 0, 0, -1; 0, 0, 1, 1, 1, 1, 1, -1, -1, 0, -1, 0, 0, 0, 0, 0, 0, 1, 0, 0, 0, -1, 1, -1, 1, 0; 0, 0, 0, 0, 0, -1, -1, 1, 0, 0, 0, 0, 0, 0, 0, 0, 0, 0, 0, 0, 0, 1, -1, 0, 0, 0; 0, 0, 1, 1, 1, 0, 0, -1, -1, 0, -1, 0, -1, 0, 0, 0, -1, 1, 0, 1, -1, 0, 1, -1, 1, 0; 0, 0, -1, -1, -1, 0, 0, 1, 1, 0, 1, 0, 0, 0, 0, 1, 1, -1, 0, -1, 1, -1, 0, 1, -1, 0; 0, 0, 1, 1, 1, 0, 0, 0, 0, 0, 0, 0, 0, 0, 0, -1, -1, 1, 0, 1, 0, 1, -1, 0, 0, 0; 0, 0, -1, -1, -1, 0, 0, 0, 1, 0, 1, 0, 0, 0, 0, 1, 1, -1, 0, -1, 0, -1, 1, 0, 0, 0; 0, 0, 0, 0, 1, 0, 0, 0, 0, 0, 0, 0, 0, 0, 0, 0, 0, 0, 1, 0, 0, 0, 0, 0, 0, 0]

INTERSECTION FORM E (orientation E = +Q^-1):
[0, 1, 0, 0, 0, 0, 1, 0, 0, 0, 0, 0, 0, 1, 0, 1, 0, 0, 0, 0, 0, 1, 0, 0, 0, 0; -1, 0, 0, 0, 1, 0, 0, 0, 0, 0, 0, 1, 0, 0, 0, 0, -1, -1, -1, -1, -1, -1, -1, -1, -1, 0; 0, 0, 0, 0, -1, 0, 0, 0, 0, 0, 0, -1, 0, 0, 0, 0, 0, 0, 1, 1, 1, 0, 0, 0, 1, -1; 0, 0, 0, 0, 0, 0, 0, 0, 0, 0, 0, 1, 0, 0, 0, 0, 0, 0, 0, 0, 0, 0, 0, 0, 0, 0; 0, -1, 1, 0, 0, -1, 0, -1, 0, -1, 0, 0, 0, 0, 0, 0, 0, 0, 0, -1, 0, 0, 0, 0, -1, 1; 0, 0, 0, 0, 1, 0, 1, 0, 0, 0, 0, 1, 0, 1, 0, 1, -1, -1, -1, -1, -1, 0, -1, -1, -1, 0; -1, 0, 0, 0, 0, -1, 0, 0, 0, 0, 0, 0, 0, -1, 0, -1, 0, 0, 0, 0, 0, -1, 0, 0, 0, 0; 0, 0, 0, 0, 1, 0, 0, 0, 0, 0, 0, 1, 1, 0, 1, 1, -1, -1, -1, 0, 0, 0, 0, -1, -1, 0; 0, 0, 0, 0, 0, 0, 0, 0, 0, 1, 0, 0, 0, 0, 0, 0, 0, 0, 0, 0, 0, 0, 0, 1, 1, 0; 0, 0, 0, 0, 1, 0, 0, 0, -1, 0, 1, 1, 1, 0, 1, 1, -1, -1, -1, 0, 0, 0, 0, -1, -1, 0; 0, 0, 0, 0, 0, 0, 0, 0, 0, -1, 0, 0, 0, 0, 0, 0, 0, 0, 0, 0, 0, 0, 0, 0, 0, 0; 0, -1, 1, -1, 0, -1, 0, -1, 0, -1, 0, 0, 0, 0, 0, 0, 0, 1, 0, -1, 0, 0, 0, 0, -1, 1; 0, 0, 0, 0, 0, 0, 0, -1, 0, -1, 0, 0, 0, 1, 0, 1, 0, 0, 0, 0, 0, 0, -1, -1, -1, 0; -1, 0, 0, 0, 0, -1, 1, 0, 0, 0, 0, 0, -1, 0, 0, -1, 0, 0, 0, -1, 0, 0, 0, 0, 0, 0; 0, 0, 0, 0, 0, 0, 0, -1, 0, -1, 0, 0, 0, 0, 0, 1, 0, 0, 0, 0, 0, 0, -1, -1, -1, 0; -1, 0, 0, 0, 0, -1, 1, -1, 0, -1, 0, 0, -1, 1, -1, 0, 0, 0, 0, -1, 0, 0, -1, -1, -1, 0; 0, 1, 0, 0, 0, 1, 0, 1, 0, 1, 0, 0, 0, 0, 0, 0, 0, -1, 0, 1, 0, 0, 0, 0, 1, -1; 0, 1, 0, 0, 0, 1, 0, 1, 0, 1, 0, -1, 0, 0, 0, 0, 1, 0, 0, 1, 0, 1, 1, 1, 1, -1; 0, 1, -1, 0, 0, 1, 0, 1, 0, 1, 0, 0, 0, 0, 0, 0, 0, 0, 0, 1, 0, 0, 0, 0, 1, 0; 0, 1, -1, 0, 1, 1, 0, 0, 0, 0, 0, 1, 0, 1, 0, 1, -1, -1, -1, 0, -1, 0, -1, -1, -1, 0; 0, 1, -1, 0, 0, 1, 0, 0, 0, 0, 0, 0, 0, 0, 0, 0, 0, 0, 0, 1, 0, 0, 0, 0, 0, 0; -1, 1, 0, 0, 0, 0, 1, 0, 0, 0, 0, 0, 0, 0, 0, 0, 0, -1, 0, 0, 0, 0, -1, -1, 0, -1; 0, 1, 0, 0, 0, 1, 0, 0, 0, 0, 0, 0, 1, 0, 1, 1, 0, -1, 0, 1, 0, 1, 0, -1, 0, -1; 0, 1, 0, 0, 0, 1, 0, 1, -1, 1, 0, 0, 1, 0, 1, 1, 0, -1, 0, 1, 0, 1, 1, 0, 0, -1; 0, 1, -1, 0, 1, 1, 0, 1, -1, 1, 0, 1, 1, 0, 1, 1, -1, -1, -1, 1, 0, 0, 0, 0, 0, 0; 0, 0, 1, 0, -1, 0, 0, 0, 0, 0, 0, -1, 0, 0, 0, 0, 1, 1, 0, 0, 0, 1, 1, 1, 0, 0]

SYMPLECTIC BASE CHANGE S (26 x 26, S^T E S = J = [[0,I13],[-I13,0]], det S = 1):
[1, 1, 0, 0, 0, 0, 0, 0, -1, 0, 0, 0, 0, 0, 0, 0, 0, 0, -1, 0, 0, -1, -1, 0, 0, 0; 0, 0, 0, 0, 0, 0, 0, 0, -1, 0, 0, 0, 0, 1, 0, 0, -1, 0, -1, 0, 0, -1, -1, 0, 0, 0; 0, 0, 0, 1, 0, 0, 0, 0, 0, 0, 0, -1, 1, 0, 1, 0, -1, 1, -1, -1, 0, 0, -1, 0, -1, 1; 0, 0, 1, 0, 0, 0, 0, 0, 1, 0, 0, -1, 1, 0, 0, 0, 0, 0, 0, 0, 0, 0, -1, 0, -1, 1; 0, 1, 0, 0, 0, 0, 0, 0, 0, 1, 0, -1, 1, 0, 0, -1, 0, 0, 0, 0, 0, 0, -1, 0, -1, 1; 0, 0, 0, 1, 0, 0, 0, 0, 1, 0, -1, -1, 1, 0, 0, 0, 0, 0, 1, -1, 0, 1, 1, 0, -1, 0; 0, 0, 0, 0, 0, 0, 0, 0, 1, 0, -1, -1, 1, 0, 0, 0, 1, 0, 1, -1, 0, 1, 1, 0, -1, 0; 0, 0, 0, 0, 0, 0, 0, 0, 0, 0, 1, 0, -1, 0, 0, 0, 0, 0, 0, 0, 0, 0, 0, 0, 0, 0; 0, 0, 0, 0, 1, 1, 1, 1, 0, 0, 0, 1, -1, 0, 0, 0, 0, 0, -1, -1, 0, 1, 1, 0, 1, -1; 0, 0, 0, 0, 0, 0, 0, 0, 0, 0, 0, 0, 0, 0, 0, 0, 0, 1, -1, 0, 0, 0, 0, 0, 0, 0; 0, 0, 0, 0, 0, 1, 0, 0, 0, 0, 0, 1, -1, 0, 0, 0, 0, 0, 0, -1, 0, 1, 1, -1, 1, -1; 0, 0, 0, 0, 0, 0, 0, 0, 0, 0, 0, 0, 0, 0, 0, 1, 0, 0, 0, 0, 0, 0, 0, 0, 0, 0; 0, 0, 0, 0, 0, 0, 1, 0, 1, 0, -1, -1, 0, 0, 0, 0, 0, 0, 0, 0, -1, 1, 1, 0, 0, 0; 0, 0, 0, 0, 0, 0, 0, 0, 0, 0, 0, 0, 0, 0, 0, 0, 0, 0, 0, 1, -1, 0, 0, 0, 0, 0; 0, 0, 0, 0, 0, 0, 0, 1, 0, 0, 0, 0, 0, 0, 0, 0, 0, 0, 0, 0, 0, 0, 0, 0, 0, 0; 0, 0, 0, 0, 0, 0, 0, 0, 0, 0, 1, 1, 0, 0, 0, 0, 0, 0, 0, 0, 1, 0, 0, 0, 0, -1; 0, 0, 0, 0, 0, 0, 0, 0, 0, 0, 0, 0, 0, 0, 0, 0, 0, 0, 0, 0, 0, 1, 1, 0, 0, -1; 0, 0, 0, 0, 0, 0, 0, 0, 1, 0, 0, -1, 1, 0, 0, 0, 0, 0, 0, 0, 0, 0, -1, 0, -1, 1; 0, 0, 0, 0, 0, 0, 0, 0, 0, 1, 0, 0, 0, 0, 0, 0, 0, 0, 0, 0, 0, 0, 0, -1, 0, 0; 0, 0, 0, 0, 0, 0, 0, 0, 0, 0, 0, 0, 0, 0, 0, 0, 0, 0, 0, 0, 0, 0, 0, 0, 0, 1; 0, 0, 0, 0, 0, 0, 0, 0, 0, 0, 0, -1, 0, 0, 0, 0, 0, 0, 0, 0, 0, 0, 0, 1, -1, 0; 0, 0, 0, 0, 0, 0, 0, 0, 0, 0, 0, 0, -1, 0, 0, 0, 0, 0, 0, 0, 0, 0, 0, 0, 1, 1; 0, 0, 0, 0, 0, 0, 0, 0, 0, 0, 0, 1, 1, 0, 0, 0, 0, 0, 0, 0, 0, 0, 0, 0, 0, -1; 0, 0, 0, 0, 0, 0, 0, 0, 0, 0, 0, 0, -1, 0, 0, 0, 0, 0, 1, 0, 0, 0, 0, 0, 0, 0; 0, 0, 0, 0, 0, 0, 0, 0, 0, 0, 0, 0, 1, 0, 0, 0, 0, 0, 0, 0, 0, 0, 0, 0, 0, 0; 0, 0, 0, 0, 0, 0, 0, 0, 0, 0, 0, 0, 0, 0, 0, 0, 0, 0, 0, 0, 0, 0, 1, 0, 0, 0]
  symplectic homology basis: column j of K*S, in the 29-generator coordinates:
[0, 0, 0, 0, 0, 0, 0, 0, 0, 0, 0, 0, 0, 0, 0, 0, 0, 0, 0, 0, 0, 0, 0, 0, 0, 0; 1, 1, 0, 0, 0, 0, 0, 0, -1, 0, 0, 0, 0, 0, 0, 0, 0, 0, -1, 0, 0, -1, -1, 0, 0, 0; 0, 0, 0, 0, 0, 0, 0, 0, -1, 0, 0, 0, 0, 1, 0, 0, -1, 0, -1, 0, 0, -1, -1, 0, 0, 0; 0, 0, 0, 1, 0, 0, 0, 0, 0, 0, 0, -1, 1, 0, 1, 0, -1, 1, -1, -1, 0, 0, -1, 0, -1, 1; 0, 0, 0, 0, 0, 0, 0, 0, -1, 0, 0, 0, 0, 0, 0, 0, 0, 0, -1, 0, 0, -1, -1, 0, 0, 0; 0, 0, 0, 0, 0, 0, 0, 0, 0, 0, 0, 0, 0, 0, 0, 0, 0, 0, 0, 0, 0, -1, -1, 0, 0, 1; 0, 0, 1, 0, 0, 0, 0, 0, 1, 0, 0, -1, 1, 0, 0, 0, 0, 0, 0, 0, 0, 0, -1, 0, -1, 1; 0, 0, 0, 0, 0, 0, 0, 0, 1, 0, 0, -1, 1, 0, 0, 0, 0, 0, 0, 0, 0, 0, -1, 0, -1, 1; 0, 0, 0, 0, 0, 0, 0, 0, 0, 0, 0, 0, 0, 0, 0, 0, 0, 0, 0, 0, 0, 0, -1, 0, 0, 0; 0, 0, 0, 0, 0, 0, 0, 0, 0, 1, 0, -1, 1, 0, 0, 0, 0, 0, 0, 0, 0, 0, -1, 0, -1, 1; 0, 1, 0, 0, 0, 0, 0, 0, 0, 1, 0, -1, 1, 0, 0, -1, 0, 0, 0, 0, 0, 0, -1, 0, -1, 1; 0, 0, 0, 0, 0, 0, 0, 0, 0, 1, 0, 0, 0, 0, 0, 0, 0, 0, 0, 0, 0, 0, 0, -1, 0, 0; 0, 0, 0, 1, 0, 0, 0, 0, 1, 0, -1, -1, 1, 0, 0, 0, 0, 0, 1, -1, 0, 1, 1, 0, -1, 0; 0, 0, 0, 0, 0, 0, 0, 0, 1, 0, -1, -1, 1, 0, 0, 0, 1, 0, 1, -1, 0, 1, 1, 0, -1, 0; 0, 0, 0, 0, 0, 0, 0, 0, 0, 0, 0, 0, 0, 0, 0, 0, 0, 0, 0, 0, 0, 0, 0, 0, 0, 1; 0, 0, 0, 0, 0, 0, 0, 0, 0, 0, 0, 1, 0, 0, 0, 0, 0, 0, 0, 0, 0, 0, 0, -1, 1, 0; 0, 0, 0, 0, 0, 0, 0, 0, 0, 0, 0, 0, -1, 0, 0, 0, 0, 0, 0, 0, 0, 0, 0, 0, 1, 1; 0, 0, 0, 0, 0, 0, 0, 0, 0, 0, 0, -1, -1, 0, 0, 0, 0, 0, 0, 0, 0, 0, 0, 0, 0, 1; 0, 0, 0, 0, 0, 0, 0, 0, 0, 0, 1, 0, -1, 0, 0, 0, 0, 0, 0, 0, 0, 0, 0, 0, 0, 0; 0, 0, 0, 0, 0, 0, 0, 0, 0, 0, 0, 0, -1, 0, 0, 0, 0, 0, 0, 0, 0, 0, 0, 0, 0, 0; 0, 0, 0, 0, 1, 1, 1, 1, 0, 0, 0, 1, -1, 0, 0, 0, 0, 0, -1, -1, 0, 1, 1, 0, 1, -1; 0, 0, 0, 0, 0, 0, 0, 0, 0, 0, 0, 0, 0, 0, 0, 0, 0, 1, -1, 0, 0, 0, 0, 0, 0, 0; 0, 0, 0, 0, 0, 1, 0, 0, 0, 0, 0, 1, -1, 0, 0, 0, 0, 0, 0, -1, 0, 1, 1, -1, 1, -1; 0, 0, 0, 0, 0, 0, 0, 0, 0, 0, 0, 0, -1, 0, 0, 0, 0, 0, 1, 0, 0, 0, 0, 0, 0, 0; 0, 0, 0, 0, 0, 0, 0, 0, 0, 0, 0, 0, 0, 0, 0, 1, 0, 0, 0, 0, 0, 0, 0, 0, 0, 0; 0, 0, 0, 0, 0, 0, 1, 0, 1, 0, -1, -1, 0, 0, 0, 0, 0, 0, 0, 0, -1, 1, 1, 0, 0, 0; 0, 0, 0, 0, 0, 0, 0, 0, 0, 0, 0, 0, 0, 0, 0, 0, 0, 0, 0, 1, -1, 0, 0, 0, 0, 0; 0, 0, 0, 0, 0, 0, 0, 1, 0, 0, 0, 0, 0, 0, 0, 0, 0, 0, 0, 0, 0, 0, 0, 0, 0, 0; 0, 0, 0, 0, 0, 0, 0, 0, 0, 0, 1, 1, 0, 0, 0, 0, 0, 0, 0, 0, 1, 0, 0, 0, 0, -1]

SYMPLECTIC PERIOD MATRIX Omega_sym = Omega_cusp * S = (A | B), 13 x 26: lines  i j Re Im
1 1 0 0
1 2 0.32082012949187626141765594659353593589657145341926 -0.15676150457643711751607787791357055547708976915598
1 3 0 0
1 4 0 0.E-58
1 5 0 0.31352300915287423503215575582714111095417953831197
1 6 0 0.31352300915287423503215575582714111095417953831197
1 7 0 0.E-58
1 8 0 0.E-58
1 9 -0.32082012949187626141765594659353593589657145341926 0.15676150457643711751607787791357055547708976915598
1 10 0.E-58 7.965459555662261385 E-59
1 11 -0.32082012949187626141765594659353593589657145341926 0.15676150457643711751607787791357055547708976915598
1 12 -0.32082012949187626141765594659353593589657145341926 0.15676150457643711751607787791357055547708976915598
1 13 0.E-57 7.965459555662261385 E-59
1 14 0 -0.31352300915287423503215575582714111095417953831197
1 15 0 0.31352300915287423503215575582714111095417953831197
1 16 0.E-58 0.E-58
1 17 0 0.E-58
1 18 -0.32082012949187626141765594659353593589657145341926 0.15676150457643711751607787791357055547708976915598
1 19 -0.32082012949187626141765594659353593589657145341926 -0.15676150457643711751607787791357055547708976915598
1 20 0 -0.31352300915287423503215575582714111095417953831197
1 21 0 0.E-58
1 22 -0.32082012949187626141765594659353593589657145341926 0.15676150457643711751607787791357055547708976915598
1 23 -0.32082012949187626141765594659353593589657145341926 -0.15676150457643711751607787791357055547708976915598
1 24 0.E-58 -0.31352300915287423503215575582714111095417953831197
1 25 0.E-58 -1.1948189333493392078 E-58
1 26 0.32082012949187626141765594659353593589657145341926 -0.15676150457643711751607787791357055547708976915598
2 1 -0.0061225006189702213900099860809319288248563654696698 -0.43562042331118781777720055744976290175176292113349
2 2 -0.037181272043750901859303674299800954946478410890799 -0.065607673941490754942165316239312802219138905763407
2 3 -0.27793418239258446517785552745522232785569418033297 -0.065607673941490754942165316239312802219138905763407
2 4 -0.060910636970490342852564941584671767167354418907878 -0.44855342116941878193396844724243359678358779330629
2 5 0 -0.66564101025865884661619726548764646037843937220429
2 6 0.27793418239258446517785552745522232785569418033297 -0.73124868420014960155836258172695926259757827796770
2 7 -0.18128709214490712451184086816238245362196230362896 -0.47696885087054189734919715501511952965932236980176
2 8 -0.22314604604106434371530057195148248951319612689476 -0.078540671799721719098933206031983497250963777936208
2 9 -0.40564004406504248631316387496693122821104810245810 -0.18134058998158011356803513073792316881350701296755
2 10 0.21702354542209412232529058587055056068833976142509 0.51416109511090953687613376348174639900272669906970
2 11 -0.42936940899178192730642514225180204043192411047518 0.33282050512932942330809863274382323018921968610215
2 12 -0.57347522909293814995896233611438353910740800321334 -0.58710033845893712751726405945566296312747559426808
2 13 0.24075291034883356331855185315542137290921576944217 0.E-58
2 14 0.22314604604106434371530057195148248951319612689476 0.58710033845893712751726405945566296312747559426808
2 15 0 -0.66564101025865884661619726548764646037843937220429
2 16 -0.078517501278259562455816222788610650563374061455288 -0.37001274936969706283503524121045009953262401537008
2 17 0.13942813824874990530838116437328241773072848036317 0.078540671799721719098933206031983497250963777936208
2 18 0.10957627270304024292510991100747967668499610687642 -0.66564101025865884661619726548764646037843937220429
2 19 -0.024936270805810459079283702137937097296765679951460 1.3968896944588084481745598472146057229760176501720
2 20 -0.29554104670035368478110680865916121125171382288038 0.80978935599987132065729578775894275984854205590391
2 21 -0.31979313628874168438131523124432236374692800359876 0.33282050512932942330809863274382323018921968610215
2 22 0.089317683749636101189982238358841660332985839299954 -1.0640691893294790248664612144707824927867979640698
2 23 -0.21234586356968780498113455638125147974358434905009 -0.84698160024023896018423239622556962919194638517184
2 24 -0.096647090247677340666014659292839874233731876704004 0.25427983332960770420916542671183973293825590816594
2 25 -0.14410582010115622265253719386258149867548389273816 -0.91992084358826655082536269219948619331669528037023
2 26 0.33272231874410458664041048295896216619819223377117 0.58710033845893712751726405945566296312747559426808
3 1 0.54966009184250115077709169531005126517708327226621 0.45282304006623505261215740044097645154075566877239
3 2 0.23511358852035551968990792711770869320497086637366 0.24227644628060475128570215843869065172366029798306
3 3 0.12488890837017209759614803392058717303733150320976 0.24227644628060475128570215843869065172366029798306
3 4 0.33142066422262509151976266339758959158573544205730 0.029452593065954575509677221063670068615303040592369
3 5 0 -0.27728849209127661802412153659764228319679127459411
3 6 -0.12488890837017209759614803392058717303733150320976 -0.035012045810671866738419378158951631473130976611055
3 7 0.27630832414753338047288271679902883150191576047535 -0.077461800484709283543136630798746221076527669510965
3 8 0.34312833599004815685347706583304884662867933341868 -0.18109400071967572581677802093861573120179233019697
3 9 -0.34107701072933481636777041715019705739936515994838 0.41037328539219763580744014780118186193735897587248
3 10 0.20653175585245299392361462947700241854840393884753 -0.27172903934655932679537937950236072033896333857543
3 11 -0.24476993502706524453791568087031615901860058426474 0.13864424604563830901206076829882114159839563729706
3 12 -0.20357519939988738375494089118899602072165569016304 -0.096194491371600892207343515659026551994998944397147
3 13 0.11022468015018342209375989319712152016763936316389 -7.965459555662261385 E-59
3 14 -0.34312833599004815685347706583304884662867933341868 0.096194491371600892207343515659026551994998944397147
3 15 0 -0.27728849209127661802412153659764228319679127459411
3 16 -0.12193235191760648742747429563258077521058325452527 0.21054659378563030132645524200228579981709537078934
3 17 -0.20948831230501860409228836776500881637515218753203 0.18109400071967572581677802093861573120179233019697
3 18 0.43647885523975211851465806382492334718269566041782 -0.27728849209127661802412153659764228319679127459411
3 19 -0.86420659516464678186427546350239383714919567815876 0.31230053790194848476254091475659391466992225120517
3 20 -0.32846410777005948135108892510958319375898719337280 0.21610604653034759255519739909756736267492330680802
3 21 0.19170892021268687397674238295460718816409507615309 0.13864424604563830901206076829882114159839563729706
3 22 -0.25943416324705392004030382159378181188829272431061 -0.17365629185631017575048014645777277307152661390811
3 23 -0.038238179174612250614301051393313740470196645417202 0.13308479330092101778331861120353957874056770127837
3 24 -0.15141941577736128287673468287844165846458425726559 -0.042449754674037416804717252639794589603396692899910
3 25 0.041194735627177860782974789681320138296944894101695 -0.23483873741723920121940428395784769359339458169420
3 26 0.093350519249703961661180997991874500554016326999148 0.096194491371600892207343515659026551994998944397147
4 1 0.32938829905958124766478550952847629044637708560166 -0.096659072512463745072300853100545550693884238023818
4 2 0.62172132351072727658507683428848246787339429571054 0.15207703394221920455896226254587984250418934672579
4 3 -0.10282859156643799983369930068778586824928641476026 0.15207703394221920455896226254587984250418934672579
4 4 0.21352545758160182785378981456312236256692683725991 0.074694799087578844661831541842493126838091714250474
4 5 0 0.26993757464254625844010347477422516728690022491765
4 6 0.10282859156643799983369930068778586824928641476026 0.42201460858476546299906573732010500979108957164344
4 7 -0.14874949995698081035559825292501180549441351797549 0.61047672680575412807210865742191094618380475818470
4 8 0.013034249911541419977296394277568059630163833581482 0.32343090554226179429309465748891852003616529900008
4 9 0.23542534127525083960849097630944624642285789856385 0.091803045708524920000742067001260385698830948517444
4 10 0.31635404914803982768748911525090823081621325202018 -0.22677183302979804922079380438837296934228106097627
4 11 -0.17277052465387460912279604341591385888360955988678 -0.13496878732127312922005173738711258364345011245882
4 12 -0.94324134812158269606347113062940813225141737357282 -0.053493330899715535852991182714693352749265074082438
4 13 0.72454991507716527641877613497626833612268071047081 0.E-58
4 14 -0.013034249911541419977296394277568059630163833581482 0.053493330899715535852991182714693352749265074082438
4 15 0 0.26993757464254625844010347477422516728690022491765
4 16 -0.52405870740710486854228271469071403318591770679238 -0.24873610645468294963126311564642539319807358474961
4 17 0.31053324982550304068849290012759167061899086953247 -0.32343090554226179429309465748891852003616529900008
4 18 0.23172568295595883962199138993070785575890049668349 0.26993757464254625844010347477422516728690022491765
4 19 -0.037055274608435218744494184768470113019359875492770 -0.69195218322731172143916921209433017707798979656108
4 20 -0.84041275655514469622977182994162226400213095881255 -0.74544551412702725729216039480902352982725487064352
4 21 0.058955158302084230499195346514793996875290936796711 -0.13496878732127312922005173738711258364345011245882
4 22 0.65460798198972866712967939224814034548835756534429 0.55698339590603859221911747470721759343453968410226
4 23 0.14358352449416521856469307183499437193260369213339 0.36174062035107117844084554177548555298573117343509
4 24 0.045920908390542810521898952237225937245127103215229 0.18846211822098866507304292010180593639271518654126
4 25 -0.77047082346770808694067508721349427336780781368604 0.081475456421557593367060554672419230894185038376385
4 26 0.21869143304441741964469499565313979612873666310201 0.053493330899715535852991182714693352749265074082438
5 1 0.33878996511901183539913437670698407956422596485746 -0.050834047243963748065923870676363090582704037682179
5 2 0.20729330102043815715257415113266372131287351694484 -0.40096327042951528711491132640935312142022674613997
5 3 -0.10521605877993132437658879784094351536637499083303 -0.40096327042951528711491132640935312142022674613997
5 4 0.60987018702708592755586283900368110712874107788440 0.98221369837024497239691942194378668696770269646679
5 5 0 0.31125675442608763803442297305005756310951813109877
5 6 0.10521605877993132437658879784094351536637499083303 -0.089706516003427649080488353359295558310708615041202
5 7 0.45361550712690118679128136451687748878911682399547 0.38674958196822196525023212632647231626471230741841
5 8 -0.37629628068800541653331726013764054293089010385996 0.63208447518469343334793196621079665613017998800899
5 9 -0.79554428878533751379101918577308487777321925357414 0.42562205072768586626479660900940478399271688477743
5 10 0.71508624580701725193245163684462462249511606871742 -0.58125042794072968528200809553443356554747595032681
5 11 -0.39296740277868974338773049790206749195735169263458 -0.15562837721304381901721148652502878155475906554938
5 12 -0.14664519667222671374902328451785372448110838558396 -0.32082772075860579531350899316073909302066185691022
5 13 0.31250935980036948152916294897360723667924850777786 1.5930919111324522770 E-58
5 14 0.37629628068800541653331726013764054293089010385996 0.32082772075860579531350899316073909302066185691022
5 15 0 0.31125675442608763803442297305005756310951813109877
5 16 0.67365710791472186256001715016771441338038267396649 0.35012922318555153904898745573299003083752270845779
5 17 -1.2835272949418077901158799891713955205091237518509 -0.63208447518469343334793196621079665613017998800899
5 18 -0.54216044381614818431345692459339405512903022605387 0.31125675442608763803442297305005756310951813109877
5 19 -0.47028662921758551364569460228130443781557841277009 -0.22155023842265998895393461969076200479880951605757
5 20 -0.041429137892295389372434486676910209114733394750930 -0.54237795918126578426744361285150109781947137296779
5 21 -0.93512784659483792770118742249546154708638191868845 -0.15562837721304381901721148652502878155475906554938
5 22 0.024758015801611062518021248912483260088271805976306 0.065921861209616169936723133165733223244050450508183
5 23 0.32211884302832750854472113894255713053776437608284 0.73687880515377350429921958205946234710223501587620
5 24 -0.55883156590683251116787016235782100415549181482849 0.47645609797164961433072047968576787457542092245961
5 25 0.24632220610646302963870721338421376747624330705063 -0.16519934354556197629629750663571031146590279136084
5 26 -0.16586416312814276778013966445575351219814012219391 0.32082772075860579531350899316073909302066185691022
6 1 0.78341776124158112052642423048433146869659041841038 0.14103982658928107023399880502290819745219530109834
6 2 0.42371196687721713819683035719769359898161093462714 0.38652068729176725596359087405567841357118930021327
6 3 0.16917839983219007852134126465194329430250251589912 -0.32852702092670335484178160187538393544541272366120
6 4 0.031140459860327241648636842870837068888547817098189 0.28777675015708075523323301335576477911297777897678
6 5 0.43501358116258962205428139609233828723926616537752 0
6 6 0.26583518133039954353294013144039499293676364947840 -0.32852702092670335484178160187538393544541272366120
6 7 0.85611824467967924271531173815103350955106376083274 0.70408927455055403480946753971151773770725706632515
6 8 0.58309890154906380035644612296155110550554008541307 0.47526394449450303984101581020824051710619520153964
6 9 0.78081045788145360299062421534533309202677707923846 0.11923027757102230771197127021526142422408557853906
6 10 -0.20031885969251732016997810752278036319105033299731 0.61630377108378411007501461523114871455839050263798
6 11 -1.3965599684158737124914327211842801668999468473869 -0.73553404865480641778698588544641013878247608117704
6 12 -0.73576108037562635994873631844085295821076069221797 -0.35997179503095573781929994761027633652063173851309
6 13 7.646841173435770930 E-57 0.40226768448555030732294089193327089951461551837494
6 14 -0.14808532038647417830216472686921281826627392003555 0.47526394449450303984101581020824051710619520153964
6 15 -0.43501358116258962205428139609233828723926616537752 0
6 16 0.49799964959049474427003310126776490020268003870560 0.18748719433742228460778279685247573799321742256286
6 17 0.46685918973016750262139625839692783131413222160741 -0.47526394449450303984101581020824051710619520153964
6 18 -0.57330743638872038399472062407346531772696672029988 0.43296805503990847033737486588524595411221142167779
6 19 0.68852704412266864807828570990245947561515700658972 -0.44381917039025065686349746447334811603097618668774
6 20 -0.79497529078122152945161007557899696202799150528219 -0.14673692356779968499923420833285658166078247787844
6 21 -0.44219774296280552088020687984142569834802619131879 0.099701690870652359873329872372106714844350858875689
6 22 0.41131319835674620429930484317060943453322423034204 0.40700702772810306294520428357102620333706335751585
6 23 0.76122752756076677026717321756916151646963034901208 0.11923027757102230771197127021526142422408557853906
6 24 0.59028306334927969918237160671063851661430011135434 -0.37556225362385067996768593783613380226184434266395
6 25 -0.15526948218669007712809021061830022937503394597682 -0.026705430861699627355254954097137097252771175710993
6 26 0.0097914651603434163617254988880857877785733651131867 -0.042295889454594569503640944322994562993983779861853
7 1 0.80465326962545835698079727902998740159652234900444 0.31221550896694198372024156605714081847448913758638
7 2 0.72880343991633015296459473164463733920640428867956 0.49540355500355942490089703257857207211196858153958
7 3 0.10421545126956583652764156948936703319740022628490 -0.41640476893283838205078143872584091724251638147511
7 4 0.45393028995775975621182720872007084120351400904538 0.047950258689047306055510886792811028673484033130666
7 5 -0.49265970255165052267440892615986265811895471347961 0
7 6 -0.59687515382121635920205049564922969131635493976451 -0.41640476893283838205078143872584091724251638147511
7 7 -0.69723912688786922206550580607452694993893834509523 0.065469580802066417738743924467457558600119303466130
7 8 0.24650752839813276424132850082054952719560811367416 0.15213951865494370438605075946151112744151127701940
7 9 -0.12872959462709049537489433252931422942986557129074 -1.1204871956147447100891409501950690639400771163071
7 10 -0.55814574122732559273946877820943787440091423533028 0.46435502762188568810629232551865194591600041460578
7 11 1.2362662815269418758116500811066487035642988520207 0.65613216799285902198284862467641711802407670170132
7 12 0.29457960636941842830340949500418670433440849847212 0.30519697986208705767081111041803375938167962369234
7 13 -6.372367644529809108 E-58 -0.44043476720965719279595569014665398434567503451487
7 14 -0.73916723094978328691573742698041218531456282715377 0.15213951865494370438605075946151112744151127701940
7 15 0.49265970255165052267440892615986265811895471347961 0
7 16 0.22850569787114826568103217405230740249648448618835 0.10418925996589639833053987266870009876802724388873
7 17 -0.22542459208661149053079503466776343870702952285702 -0.15213951865494370438605075946151112744151127701940
7 18 0.34000383438963046100957929949290531801258828761613 0.28737730600251383951119533919013135240550668784193
7 19 0.20014007631071063316959315194829043168920232022834 -0.87374126744986914410764330860538580406570728218685
7 20 -0.085560834007691662690808887123148552383643555469227 0.26426525027789467766473067926432978980100510445571
7 21 0.83953120401643614977919273740570944393714623248449 0.50307470678571566869808827371989448608390835502838
7 22 -0.79109078712398192464200468022811913702818003290591 -1.0725369369256974040336300634022580352665930831764
7 23 -1.3017523202026169458767099331562239198462583738713 -1.1204871956147447100891409501950690639400771163071
7 24 -0.10036397306665286286345531042529725862258340533072 0.35093518813077196431203751425838335864239707800898
7 25 -0.39229572948499765981095361573456539949637130814889 0.089499579078885228483918175888270625703277956505891
7 26 0.58651136278776322525090780031345484520819640129029 0.13523778734757013512514457972862022496399541082253
8 1 0.12138026276798016092304920708049448738482905723828 0.12685153297984216804922987581351265645178921355132
8 2 0.0044159343316166594048762268667220250815347267313818 0.14888527285473863875328362565607455756655224292444
8 3 -0.16719049725112146135088370800412274339270423431854 0.12032301264016236764997012025480354917503455023837
8 4 0.66161813254253545176310625200516237304956231931632 0.21934727572197303961502282226143518243290668705559
8 5 -0.31174642648669448816738612128280380865086096876462 0
8 6 -0.14455592923557302681650241327868106525815673444608 0.12032301264016236764997012025480354917503455023837
8 7 -0.11488806293045223595749893173421138260518962927350 0.27007602418813211014004158076066307493837246251277
8 8 -0.37304737252343382948917333692054514227202902775950 -0.027827269898031496084177173806881023193917076734107
8 9 0.31382269199260575372806016976236488834896566999802 0.057497831250324039848913785327723061839944546643311
8 10 -0.49442763529141399041222254400103962965685808499778 0.099024263081810671965052702006631633257872136817215
8 11 -0.075958281589467200886564880914311861433243745886504 -0.15652209433213471181396648733435469509781668346053
8 12 -0.16080934949300704234222722858859874999593565893744 0.23387694249615976597604521368111192901559032929061
8 13 -3.186183822264904554 E-58 -0.036563406649083197065076141262238647697446671608150
8 14 0.061300946036739341321787215637741333621168058994875 -0.027827269898031496084177173806881023193917076734107
8 15 0.31174642648669448816738612128280380865086096876462 0
8 16 -0.15460942720430486734678009120711329527873324866031 -0.24717454562000453569919999606831620562682376378969
8 17 -0.81622755974684031910988634321227566832829556797663 0.027827269898031496084177173806881023193917076734107
8 18 0.58332018212736285703233919270368956623288854793183 -0.22514080574510806499514624622575430451206073441657
8 19 0.12954539848318009552227659701078191041726531616513 -0.085726659957965902241897919619427356646638702318135
8 20 -0.36245277610265755759982374751936801251267233620993 -0.092495742742130871565792946447922525981117473504266
8 21 -0.090968812341860132180790697182211016274135164167452 -0.41822630672632597387418887482234764730732408948525
8 22 -0.013414446047686775333278666234551997915188180681214 0.27684510697229707946393660758915824427285123369890
8 23 -0.10672292721525230135827154180392395957275337034665 0.057497831250324039848913785327723061839944546643311
8 24 0.029667866305120790859003481544469682652967105172577 -0.39039903682829447779001170101546662411340701275114
8 25 -0.34141429279181527902638960282727349130382807393720 0.42696244347737767485508784227770527181085368435929
8 26 0.21027280960392902754316585578314442396085952017234 -0.19731353584707656891096907241887328131814365768246
9 1 0.17446441780942230561395262276359092109592776579333 -0.045450707358415887844981418518578414923736749972813
9 2 0.26470347495946117002568768786698164482893606325705 0.38911943807436386033189791026821154481185237013988
9 3 0.16496465105552240176861649488769001644101348275567 0.19579858165918049849359950636265177516819147288067
9 4 -0.051036284228096479540330890209096629181322689370605 0.47009405108545062453051078887725823051627167363249
9 5 0.21258947644810467109476644885226598545344437238435 0
9 6 0.047624825392582269326149953964575969012430889628680 0.19579858165918049849359950636265177516819147288067
9 7 0.29079856769992651249551316114858994325896183331615 -0.29758656381010688267915135492604827173301120989539
9 8 0.060536050981996383385667018084997533836236972408259 0.31974617678468601388189270103318487027181695072463
9 9 -0.012029965898217023010988352807066765927490836531925 -0.19993318768090933383240447786282132181249691438723
9 10 -0.11392836682742592222828560467859338725969079338507 0.27429546942627012603691128251460645534808020075182
9 11 0.42377627268866080650521062861555564808178081797144 -0.074362281745360792204506804651785133535583286364587
9 12 0.095374066866403373164677199153912164394095058613874 -0.17615026389628717639005865321518163010040302337931
9 13 -1.9913648889155653463 E-58 0.21167416954895805274369011330564990088108557689910
9 14 0.15205342546610828770909943076726845161720739997609 0.31974617678468601388189270103318487027181695072463
9 15 -0.21258947644810467109476644885226598545344437238435 0
9 16 -0.61142455764913434052947166054033330278392827104429 -0.15034787430076461064861808784407336024445472290786
9 17 -0.56038827342103786098914077033123667360260558167368 -0.31974617678468601388189270103318487027181695072463
9 18 0.30859602405099080502297014658467659359747560119621 0.28422227113201513752826124094271659949113439720484
9 19 -0.86662826585469560670982322053141404295795005126369 0.052202668770781661001765458544648534996777545535346
9 20 0.61483601648464855074365259678485396295282007078621 -0.51554475844386651237549220739583664544000842360531
9 21 -0.39522716777345253087846263795128242586373834366357 0.42153415893561239806744454959658136683663668773936
9 22 -0.29092298378116534700789045237335016962819511267267 0.27016086340454129069810631101443690870377475924526
9 23 -0.75029411596419139982826268214641502079491598374086 -0.19993318768090933383240447786282132181249691438723
9 24 0.24317374230734424316936320718401397424653094368748 0.10178798215092638418555184856339649656481973701472
9 25 -0.030584265859239572074596758331747988793086571303121 -0.31346215169988443692924196186904639744590531391383
9 26 0.36913207503298718840863716466967412743371257360447 -0.035523905652670876353631460090468270780682553519795
10 1 -0.10162956979908069729478907483507614916930146695392 -0.67563800528007872589944846805493274519021895711054
10 2 -0.57834599203656194052917534501509628012248408717737 -0.69602073825745358648828652567123529087446549256459
10 3 0.39905987421812013511271912857154327279326326284018 0.12393266625401834081975183983342266156315722332800
10 4 -0.22084443675141555907830206224348155226996576175074 -0.21693089806336790544603555243214867120152432396234
10 5 0.088730403405339697817605285545970174103388420033342 0
10 6 -0.31032947081278043729511384302557309868987484280684 0.12393266625401834081975183983342266156315722332800
10 7 -0.63994202804409873404203116639163880560405978471519 0.36905601177884751696113710956403492725980029322636
10 8 -0.27984500726578527332920614116313786969259896804336 0.33477444096269247963366107578936141242553740982019
10 9 -0.25195600921195718862525018175758884875426558452507 0.37434747054684340541752352341332881054805945734409
10 10 -0.17821543746670457603441706632806172052329750108944 -0.34086356431738624626578739226557133276468154729035
10 11 0.18612794723459985059872767932272667885433595081462 -0.033483906229457159151736131147757477783377910053748
10 12 0.84851440731531975922418985699768645029513644755621 0.45950477180340869862915281824970011103957960650061
10 13 -4.619966542284111603 E-57 -0.65605293688940174348635031306554623655685739500891
10 14 0.36857541067112497114681142670910804379598738807670 0.33477444096269247963366107578936141242553740982019
10 15 -0.088730403405339697817605285545970174103388420033342 0
10 16 0.0075821221190128041748249187513272247938170884405880 0.55170533902606038507969662822151008362706173378254
10 17 0.22842655887042836325312698099480877706378285019133 -0.33477444096269247963366107578936141242553740982019
10 18 0.38040389671312874124195606588272273205597711174953 0.53132260604868552449085857060520753794281519832849
10 19 0.085238670138373912296492060359804082953736445823864 -0.67034654651208283744306205420563886190195979299281
10 20 0.52359178544518319219859098651772742616602351611699 -0.45870710721671082045341291562278407398869463314820
10 21 -0.038962853439806674399894103343042336881802446168350 -0.15821423707017337814722787360809617639742010673417
10 22 -0.82923132089678189977238637665719384207082634845470 0.15741657248347549997148797098118013934653513338175
10 23 -0.45307378810664412445075003119675857348102187193741 0.37434747054684340541752352341332881054805945734409
10 24 -0.32961255723131829674691732336606570691418494190835 -0.49298867803286585778088894939745758882295751655436
10 25 0.41834296063665799456452260891203588101757336194169 1.1490416149222676012672392624630038253798149115633
10 26 0.10055888944734346791274992471958486236337814370617 0.19654816508599304485719749481584612551727778850830
11 1 0.032650364484323933278905368622358658082524491831058 0.60899322000771679137516356676855423121627247995286
11 2 0.55698492145315752675247391425405063750864762000871 1.2702366040586480051218465790061273486134302103832
11 3 -0.34240408936167054720980214869815231511427473199917 -0.14529671845660869318504043579275596960607619462852
11 4 -0.21011069670811020141715355844376659180915017984851 -0.075207568243809903411091344881362869542612352681047
11 5 0.70295850664664529968302304239889744165387920815407 0
11 6 1.0453625960083158468928251910970497567681539401532 -0.14529671845660869318504043579275596960607619462852
11 7 0.41650785226878878754963344546787823239643012077676 0.20373654719450221897591035078856578754266584985904
11 8 0.58516515055410468190586107576427756500594940367874 -0.53890406979491800160121447585716113115280863800539
11 9 -0.81078521134669010560695814256271118868357221555497 -0.10094432716781000293271439639456407130810716142188
11 10 0.55251478606978074862695570714191890692342491184768 0.070089150212798789773949090911393100063463841947476
11 11 -0.080827146155409850175487813111025831270035112089811 0.030855176955011213158765305483170971244643319474405
11 12 1.5900836756630817160062172234488612477857503312378 0.089295005692904738949635220478980789181232974704920
11 13 -1.2744735289059618216 E-57 -0.82574595798764585610740957759791677612100305781628
11 14 0.11779335609254061777716196663461987664792980447534 -0.53890406979491800160121447585716113115280863800539
11 15 -0.70295850664664529968302304239889744165387920815407 0
11 16 -0.27154359459875650888754120205793261346247641698380 -0.46369650155110809819012313097579826161019628532434
11 17 -0.061432897890646307470387643614166021653326237135285 0.53890406979491800160121447585716113115280863800539
11 18 -0.95574946901672238426905038597265680761752591934793 0.19754688249982311555655988126177485578696144510597
11 19 -0.45347406220591955515130759899147227777432481316228 0.30431234564540456946653881958542437236549946867194
11 20 -0.56370830470144913658813043059535055149652734332093 0.68420078825152669478625491164991710075888483263391
11 21 0.51106138764698644156602977899455164772379401490115 -0.59734389853281152739208439085297094908939829323590
11 22 0.084133664084761190229799713277360033354127428291880 -0.17615189541161990634380574127592694085071951410293
11 23 -0.069616574421454700880579522145952703460419184216582 -0.10094432716781000293271439639456407130810716142188
11 24 -0.62885474373952705934319174562917152437172381937648 -0.058439828737893525790869914995809817936589655230515
11 25 1.3318132503861723590262147880280689660256030275306 0.88418578672553938189827949259372659405759271304680
11 26 -0.37058431846261770236318931020837924261157651566919 0.73645095229474111715777435711893598693977008311136
12 1 -0.23217787565035748556871976847827031973908791546717 0.10100046729715819803604799634331930075268603150482
12 2 -0.23217787565035748556871976847827031973908791546717 0.10100046729715819803604799634331930075268603150482
12 3 0.23217787565035748556871976847827031973908791546717 -0.10100046729715819803604799634331930075268603150482
12 4 0.23217787565035748556871976847827031973908791546717 -0.10100046729715819803604799634331930075268603150482
12 5 -0.23217787565035748556871976847827031973908791546717 -0.10100046729715819803604799634331930075268603150482
12 6 -0.46435575130071497113743953695654063947817583093434 -0.20200093459431639607209599268663860150537206300965
12 7 0.E-58 0.E-58
12 8 -0.23217787565035748556871976847827031973908791546717 -0.30300140189147459410814398902995790225805809451447
12 9 0.69653362695107245670615930543481095921726374640151 0.10100046729715819803604799634331930075268603150482
12 10 0 0.20200093459431639607209599268663860150537206300965
12 11 0.E-58 -0.20200093459431639607209599268663860150537206300965
12 12 -1.1608893782517874278435988423913515986954395773358 -0.50500233648579099018023998171659650376343015752412
12 13 0.92871150260142994227487907391308127895635166186867 0.E-58
12 14 0 -0.20200093459431639607209599268663860150537206300965
12 15 0.23217787565035748556871976847827031973908791546717 -0.10100046729715819803604799634331930075268603150482
12 16 0 0.20200093459431639607209599268663860150537206300965
12 17 -0.23217787565035748556871976847827031973908791546717 0.30300140189147459410814398902995790225805809451447
12 18 0.23217787565035748556871976847827031973908791546717 0.10100046729715819803604799634331930075268603150482
12 19 0.23217787565035748556871976847827031973908791546717 0.10100046729715819803604799634331930075268603150482
12 20 0.23217787565035748556871976847827031973908791546717 0.50500233648579099018023998171659650376343015752412
12 21 0.E-58 -0.40400186918863279214419198537327720301074412601929
12 22 0.E-58 -7.965459555662261385 E-59
12 23 -0.46435575130071497113743953695654063947817583093434 0.E-58
12 24 0.46435575130071497113743953695654063947817583093434 0.20200093459431639607209599268663860150537206300965
12 25 -1.1608893782517874278435988423913515986954395773358 -0.30300140189147459410814398902995790225805809451447
12 26 0.69653362695107245670615930543481095921726374640151 0.50500233648579099018023998171659650376343015752412
13 1 -0.017859836588489037351439982190636178441468301189782 0.0077692667151660152335421535648707154425143101157557
13 2 -0.035719673176978074702879964381272356882936602379564 0.046615600290996091401252921389224292655085860694534
13 3 0.017859836588489037351439982190636178441468301189782 -0.0077692667151660152335421535648707154425143101157557
13 4 0.017859836588489037351439982190636178441468301189782 -0.0077692667151660152335421535648707154425143101157557
13 5 0.017859836588489037351439982190636178441468301189782 -0.0077692667151660152335421535648707154425143101157557
13 6 0.E-59 -0.015538533430332030467084307129741430885028620231511
13 7 0.E-59 0.E-59
13 8 -0.017859836588489037351439982190636178441468301189782 -0.023307800145498045700626460694612146327542930347267
13 9 0.E-59 -0.031077066860664060934168614259482861770057240463023
13 10 0.E-59 0.015538533430332030467084307129741430885028620231511
13 11 -0.017859836588489037351439982190636178441468301189782 0.023307800145498045700626460694612146327542930347267
13 12 -0.035719673176978074702879964381272356882936602379564 -1.7424442778011196780 E-59
13 13 0.E-59 9.956824444577826731 E-60
13 14 0.035719673176978074702879964381272356882936602379564 -0.015538533430332030467084307129741430885028620231511
13 15 -0.017859836588489037351439982190636178441468301189782 -0.0077692667151660152335421535648707154425143101157557
13 16 0.E-59 0.015538533430332030467084307129741430885028620231511
13 17 -0.017859836588489037351439982190636178441468301189782 0.023307800145498045700626460694612146327542930347267
13 18 0.E-59 0.046615600290996091401252921389224292655085860694534
13 19 0.E-59 -0.031077066860664060934168614259482861770057240463023
13 20 -0.017859836588489037351439982190636178441468301189782 0.038846333575830076167710767824353577212571550578778
13 21 0.E-59 -0.031077066860664060934168614259482861770057240463023
13 22 0.017859836588489037351439982190636178441468301189782 -0.038846333575830076167710767824353577212571550578778
13 23 0.017859836588489037351439982190636178441468301189782 -0.038846333575830076167710767824353577212571550578778
13 24 0.E-59 0.015538533430332030467084307129741430885028620231511
13 25 -0.017859836588489037351439982190636178441468301189782 -0.023307800145498045700626460694612146327542930347267
13 26 0.E-59 2.987047333373348019 E-59

RIEMANN MATRIX tau = A^-1 B (13 x 13, symmetric, Im tau > 0): lines  i j Re Im
1 1 -0.54625994325611195983668699657337067662148241548506 1.1305970294451192378706040654724338258023027900474
1 2 -0.064384227355307677945928014161689309436134858575210 -0.72172868780437933890565510015450919897516465505213
1 3 0.25997298304657969763475092539281272287096359329511 -0.20228643712456956859292698420661248865269979747419
1 4 0.29780958236133088690214041556026879022916262125405 -0.31384028697775901037406752809942785320586517818446
1 5 -0.22030605335974573980007435706066325390619917833069 -0.32741241000905864618244822145724105499215197491715
1 6 -0.010097046053104137198744009009138403247002622557080 0.34040660274069790338456352255585693686764113114369
1 7 -0.025622714637591212025542236249857429579765363774075 0.11831246370071516205116067473024509134806599894227
1 8 0.056798574711457586420971038012250602244351390840019 0.033677575066549283940382101118646163021441009887905
1 9 -0.14274422887447573684186955188301871636502899316948 -0.13757266260662528206429160504345689918396961847352
1 10 0.21760617594287782056966264128585717700952075188325 0.084852890671294941135015251823501099773927787833617
1 11 -0.21518027807885812995972607152176714276179570645528 0.19120717432948063602723624018527153923446097074670
1 12 -0.013373507250635312485935060327106969514456477160686 -0.17323742452952798820246425997116161749273585639533
1 13 -0.14040917159996596738979751990728430194434857195204 0.030708533605552433435428774452108374108551839058476
2 1 -0.064384227355307677945928014161689309436134858575210 -0.72172868780437933890565510015450919897516465505213
2 2 -0.026996122004966575744248946218043136732845065565494 0.85085752588602859615733329940919471538121305885800
2 3 -0.33689584357913800200197702533770810338238672531630 0.16494538349994080356879128878634972774474731474443
2 4 0.29025221988476151760005586723894173414285631487190 0.12915798104959638486108619435508315459140641020406
2 5 0.17698821852573756209556121021835919249012760064695 0.51202808798158273718839208282226844698792255184377
2 6 0.042689975334140039449641864683765708905298470740722 -0.43443545239007160417414720560591040284171357256258
2 7 0.084516444587757047854982993533229740761978561796379 -0.26377478756770959140563472012521738460051200393462
2 8 -0.061669771178413734834847748010184747509680828771934 -0.056950657257965583159015304565340327545220623997457
2 9 -0.0037602349849400367131431830611204548516877600971133 0.25744076289707225362616018419346582159460727193636
2 10 -0.39783546143598671532654908169229266139268738128640 -0.10823113024352331163987902260351156948336099870161
2 11 0.23182575704372598249120676482592805433687081631977 -0.27341316260367318719908272461786884230941118110367
2 12 -0.015477562183551626972545733862263073210816312995577 0.22132404680457090018737094715574936116171039397923
2 13 0.25548777506219983459458177456408257564964135507268 -0.027644278654664357105120223813735103524668720996430
3 1 0.25997298304657969763475092539281272287096359329511 -0.20228643712456956859292698420661248865269979747419
3 2 -0.33689584357913800200197702533770810338238672531630 0.16494538349994080356879128878634972774474731474443
3 3 -0.18682399545207989528874062947954383002526518620726 1.4308005649302252481099185909587050934603320182114
3 4 -0.077477524609473989717140447830573364579424943944716 0.20844484520275957800283888360655265551030145777480
3 5 -0.12204998003737513014264449751994463331194352822286 -0.095590097466847142546727191183268306404155937888062
3 6 -0.24857184079269533347935605158142212554411428529263 0.045740853809785456669905921979957835164799862192540
3 7 0.13891236024437306404841760522618519257983036193161 0.011482940776925281404212524539272077276057147508721
3 8 0.018398047694293839819093534384473071367936385622208 -0.026154299636990944509304039112768947474818570122039
3 9 -0.074978306591603927431871309917998996852073370915271 -0.072763586732220902524497626697671215270772545698704
3 10 -0.12744401751094516734766468362300168521429352327092 0.24810558709870529787376677509000352258083986028356
3 11 -0.18341532321430626837559102480373231513945214226430 -0.017406870863376879907823496210824839627476772411407
3 12 0.10369039613668337023192566327457394109548759715350 -0.018051808986077243371633059602692352937108493995905
3 13 -0.031208553204906871549090647743380601204016544946932 -0.20654919261643643206289390334344182019032242170579
4 1 0.29780958236133088690214041556026879022916262125405 -0.31384028697775901037406752809942785320586517818446
4 2 0.29025221988476151760005586723894173414285631487190 0.12915798104959638486108619435508315459140641020406
4 3 -0.077477524609473989717140447830573364579424943944716 0.20844484520275957800283888360655265551030145777480
4 4 -0.96506415900767509124705176853202395334005482832799 0.79546399370419370620117616647283210340019192430104
4 5 0.52635358302848054973664746885178189091130834916799 0.10827067954584849743276213406011763286066394129575
4 6 -0.18024285440753385758485292890935685645506134591903 -0.029571398071656280172880622734277401191500331536027
4 7 -0.65693429910321981423204011339555567847107263668511 -0.16068004227299303592314102802923558014029854697566
4 8 0.046896612157542075155650397956955500837779175464092 -0.047153604493129934694350897082589019184695982555856
4 9 0.38528307515937790286061290430849675507713401904270 0.24247008865445001216565154046938181841798568468995
4 10 0.14937702994105238307092976454100293542167643169951 0.47551574212360378684744829484687877048940152299625
4 11 -0.28065933857503381555814647978562368686943264200672 0.048405167309288439165918250559369473738918060633244
4 12 -0.0098754255306077191231048829699405450461914293251223 0.080992527496740188527920381456073258154743601560591
4 13 -0.13445853729445519119218869975782965421055033070638 -0.33580703989389207709779136389876919232402447587065
5 1 -0.22030605335974573980007435706066325390619917833069 -0.32741241000905864618244822145724105499215197491715
5 2 0.17698821852573756209556121021835919249012760064695 0.51202808798158273718839208282226844698792255184377
5 3 -0.12204998003737513014264449751994463331194352822286 -0.095590097466847142546727191183268306404155937888062
5 4 0.52635358302848054973664746885178189091130834916799 0.10827067954584849743276213406011763286066394129575
5 5 0.63557468355745084747057967230362159851409142925622 2.3353764769371189317322124888690066783406566369706
5 6 -0.46000001194786670476875958764143863867524623217084 -1.3462707068119712909917769275011060963963913752515
5 7 0.17195465501646403074492092409547008958548818744335 -0.56150353778424044074674634917494949835537067256329
5 8 -0.18221193532310874744583960649114144948473266097716 -0.20405045875492429069027607641481769323052000896706
5 9 -0.0010703466724032530797479128302762140362703101995467 0.32989500083011469142529072045222287948063043562479
5 10 -0.29394149653342540203079060854082020618961416873183 -0.045848859780410844998105414802921266691319435563229
5 11 0.37206648261689681318898875262085529005357219318640 -0.15010279653016075800211691076580150496793168387323
5 12 -0.041993318131944326356608300638620362260196318667538 0.089468174485999982715968887323154733893320888137812
5 13 0.10376461937099972213948590134747712405122543036024 -0.043710115919042695477364583753535744754537701164793
6 1 -0.010097046053104137198744009009138403247002622557080 0.34040660274069790338456352255585693686764113114369
6 2 0.042689975334140039449641864683765708905298470740722 -0.43443545239007160417414720560591040284171357256258
6 3 -0.24857184079269533347935605158142212554411428529263 0.045740853809785456669905921979957835164799862192540
6 4 -0.18024285440753385758485292890935685645506134591903 -0.029571398071656280172880622734277401191500331536027
6 5 -0.46000001194786670476875958764143863867524623217084 -1.3462707068119712909917769275011060963963913752515
6 6 -0.063594711767308012639023642925373546794733524232092 1.6020674444616073971010826167899426654159320440053
6 7 -1.0947122391965217897147120454406064273364542714353 0.19939882206634736284026321996255824997634049935906
6 8 0.049277647536746676273698448484323242284436702003852 0.069340067101572137509299068499089618513613705099691
6 9 0.97468767688925941024023282185007380818568041789479 -0.19408533512702310925302126854612714092516675415901
6 10 0.62316310094841309492200802557685392279244390079394 0.15011470413610507142439444002894094849379156983983
6 11 -0.44740350299414041273655993144161445068024134706820 0.45770893237992613568678125239942436677162390404673
6 12 0.12996408433572177561068571239744452254394801034907 -0.42082709278804047963598435410990444877747110785207
6 13 -0.43352241196370677952561819242738718553292015872134 -0.18361190502414014512922105084935398152130952560202
7 1 -0.025622714637591212025542236249857429579765363774075 0.11831246370071516205116067473024509134806599894227
7 2 0.084516444587757047854982993533229740761978561796379 -0.26377478756770959140563472012521738460051200393462
7 3 0.13891236024437306404841760522618519257983036193161 0.011482940776925281404212524539272077276057147508721
7 4 -0.65693429910321981423204011339555567847107263668511 -0.16068004227299303592314102802923558014029854697566
7 5 0.17195465501646403074492092409547008958548818744335 -0.56150353778424044074674634917494949835537067256329
7 6 -1.0947122391965217897147120454406064273364542714353 0.19939882206634736284026321996255824997634049935906
7 7 0.30490084615311402053127331777924372611659246091370 0.96518849125510773800919552895749130028807906049781
7 8 -0.67196235873943041942772550917485087814940507625104 -0.22533267626670233760451081810501441844817565792796
7 9 -0.013260231239182921909345124190997379632345642124899 -0.30423062840151201400979828085218165857913156581859
7 10 0.092246135332468510474534083495752132926245356564264 -0.17893869539810521341553579283822018456552005516076
7 11 0.098443246522673925539226545070213524101803609662451 0.31198762602100811690003155749814045723629638286161
7 12 0.25522247271052754211948442772494697811444466916793 -0.071011867085478170830157972200231282872630418071133
7 13 0.041210196732523098903324581244197267365402971506850 0.22728781937927800873265099665927602193264107670559
8 1 0.056798574711457586420971038012250602244351390840019 0.033677575066549283940382101118646163021441009887905
8 2 -0.061669771178413734834847748010184747509680828771934 -0.056950657257965583159015304565340327545220623997457
8 3 0.018398047694293839819093534384473071367936385622208 -0.026154299636990944509304039112768947474818570122039
8 4 0.046896612157542075155650397956955500837779175464092 -0.047153604493129934694350897082589019184695982555856
8 5 -0.18221193532310874744583960649114144948473266097716 -0.20405045875492429069027607641481769323052000896706
8 6 0.049277647536746676273698448484323242284436702003852 0.069340067101572137509299068499089618513613705099691
8 7 -0.67196235873943041942772550917485087814940507625104 -0.22533267626670233760451081810501441844817565792796
8 8 0.89192983078244114844240723853429671585503212824249 0.73524144623788098615028502542112140627822764738085
8 9 -0.015687950182889234168795667234313117526188762998262 0.0029981210215214307668089261010184034673526672695029
8 10 0.046529346988813780245781582764878353476472723533833 0.0092481162956380414544285376041288963068185240702127
8 11 0.14217466782773187801035540355084647262854854567422 0.0054853869711519399939095697009572100586093769622340
8 12 -0.030640260550262936407346121288617076198390192518962 -0.11837809060219499055988944258479372060027310141712
8 13 -0.0038221683668280736309873301895975634707865890966409 -0.10987572716197420294825817539588533228007088219155
9 1 -0.14274422887447573684186955188301871636502899316948 -0.13757266260662528206429160504345689918396961847352
9 2 -0.0037602349849400367131431830611204548516877600971133 0.25744076289707225362616018419346582159460727193636
9 3 -0.074978306591603927431871309917998996852073370915271 -0.072763586732220902524497626697671215270772545698704
9 4 0.38528307515937790286061290430849675507713401904270 0.24247008865445001216565154046938181841798568468995
9 5 -0.0010703466724032530797479128302762140362703101995467 0.32989500083011469142529072045222287948063043562479
9 6 0.97468767688925941024023282185007380818568041789479 -0.19408533512702310925302126854612714092516675415901
9 7 -0.013260231239182921909345124190997379632345642124899 -0.30423062840151201400979828085218165857913156581859
9 8 -0.015687950182889234168795667234313117526188762998262 0.0029981210215214307668089261010184034673526672695029
9 9 0.67080880813158883728280896489001491225147009351046 0.79954788183306378993024442400977985541667276889691
9 10 0.45773014093200644740970218693276851239952450713212 0.64262315683258133578961062781741883960833782644359
9 11 -0.092402469614800199903421171436891466351627985801647 -0.023549168853997551036879010096830217946839523640863
9 12 -0.064614834681074995711323278449628468793082703846795 0.19717681442264593779136079758536082557734265964676
9 13 -0.090351544444773050757023095138221939496426724958422 -0.35076863964144290095285334891981308770305509360017
10 1 0.21760617594287782056966264128585717700952075188325 0.084852890671294941135015251823501099773927787833617
10 2 -0.39783546143598671532654908169229266139268738128640 -0.10823113024352331163987902260351156948336099870161
10 3 -0.12744401751094516734766468362300168521429352327092 0.24810558709870529787376677509000352258083986028356
10 4 0.14937702994105238307092976454100293542167643169951 0.47551574212360378684744829484687877048940152299625
10 5 -0.29394149653342540203079060854082020618961416873183 -0.045848859780410844998105414802921266691319435563229
10 6 0.62316310094841309492200802557685392279244390079394 0.15011470413610507142439444002894094849379156983983
10 7 0.092246135332468510474534083495752132926245356564264 -0.17893869539810521341553579283822018456552005516076
10 8 0.046529346988813780245781582764878353476472723533833 0.0092481162956380414544285376041288963068185240702127
10 9 0.45773014093200644740970218693276851239952450713212 0.64262315683258133578961062781741883960833782644359
10 10 0.26416028548374454074890730104025516369405851181365 1.3382424999624436454925370857325737773820608103161
10 11 -0.51936798697061414144518109199840696820066308011254 0.21268065299115965774504335483270087023665864627053
10 12 0.069161410446304310964409407252385176488207582720516 0.044895372482210946310654064098313965017398647897694
10 13 -0.37928661896569557212901291312110412984220443061278 -0.58854400814283912240682332821694341895891832729409
11 1 -0.21518027807885812995972607152176714276179570645528 0.19120717432948063602723624018527153923446097074670
11 2 0.23182575704372598249120676482592805433687081631977 -0.27341316260367318719908272461786884230941118110367
11 3 -0.18341532321430626837559102480373231513945214226430 -0.017406870863376879907823496210824839627476772411407
11 4 -0.28065933857503381555814647978562368686943264200672 0.048405167309288439165918250559369473738918060633244
11 5 0.37206648261689681318898875262085529005357219318640 -0.15010279653016075800211691076580150496793168387323
11 6 -0.44740350299414041273655993144161445068024134706820 0.45770893237992613568678125239942436677162390404673
11 7 0.098443246522673925539226545070213524101803609662451 0.31198762602100811690003155749814045723629638286161
11 8 0.14217466782773187801035540355084647262854854567422 0.0054853869711519399939095697009572100586093769622340
11 9 -0.092402469614800199903421171436891466351627985801647 -0.023549168853997551036879010096830217946839523640863
11 10 -0.51936798697061414144518109199840696820066308011254 0.21268065299115965774504335483270087023665864627053
11 11 0.12778013223263586283265978843235477504157333196458 0.73016024515631153995815149313760914572714369659060
11 12 -0.40265952242812262945098495517791888362028292746692 -0.36913330537024265732573326812863491756217096087801
11 13 0.079290525842130991987329869153316738441339880653982 -0.19273755393970447880916333058706216575756447692175
12 1 -0.013373507250635312485935060327106969514456477160686 -0.17323742452952798820246425997116161749273585639533
12 2 -0.015477562183551626972545733862263073210816312995577 0.22132404680457090018737094715574936116171039397923
12 3 0.10369039613668337023192566327457394109548759715350 -0.018051808986077243371633059602692352937108493995905
12 4 -0.0098754255306077191231048829699405450461914293251223 0.080992527496740188527920381456073258154743601560591
12 5 -0.041993318131944326356608300638620362260196318667538 0.089468174485999982715968887323154733893320888137812
12 6 0.12996408433572177561068571239744452254394801034907 -0.42082709278804047963598435410990444877747110785207
12 7 0.25522247271052754211948442772494697811444466916793 -0.071011867085478170830157972200231282872630418071133
12 8 -0.030640260550262936407346121288617076198390192518962 -0.11837809060219499055988944258479372060027310141712
12 9 -0.064614834681074995711323278449628468793082703846795 0.19717681442264593779136079758536082557734265964676
12 10 0.069161410446304310964409407252385176488207582720516 0.044895372482210946310654064098313965017398647897694
12 11 -0.40265952242812262945098495517791888362028292746692 -0.36913330537024265732573326812863491756217096087801
12 12 0.67929494549222336003972365946274729731973499147215 0.59041221963582330356432334306149617959640745077900
12 13 -0.42700256258805662794814923767693910967535974513151 0.34334373458745228653989955963957390972482626170554
13 1 -0.14040917159996596738979751990728430194434857195204 0.030708533605552433435428774452108374108551839058476
13 2 0.25548777506219983459458177456408257564964135507268 -0.027644278654664357105120223813735103524668720996430
13 3 -0.031208553204906871549090647743380601204016544946932 -0.20654919261643643206289390334344182019032242170579
13 4 -0.13445853729445519119218869975782965421055033070638 -0.33580703989389207709779136389876919232402447587065
13 5 0.10376461937099972213948590134747712405122543036024 -0.043710115919042695477364583753535744754537701164793
13 6 -0.43352241196370677952561819242738718553292015872134 -0.18361190502414014512922105084935398152130952560202
13 7 0.041210196732523098903324581244197267365402971506850 0.22728781937927800873265099665927602193264107670559
13 8 -0.0038221683668280736309873301895975634707865890966409 -0.10987572716197420294825817539588533228007088219155
13 9 -0.090351544444773050757023095138221939496426724958422 -0.35076863964144290095285334891981308770305509360017
13 10 -0.37928661896569557212901291312110412984220443061278 -0.58854400814283912240682332821694341895891832729409
13 11 0.079290525842130991987329869153316738441339880653982 -0.19273755393970447880916333058706216575756447692175
13 12 -0.42700256258805662794814923767693910967535974513151 0.34334373458745228653989955963957390972482626170554
13 13 -0.0086606016454849643293333294160736248040690764532474 1.0047670506130361880415319524875287183381413640860
Im(tau) eigenvalues: min 0.092848085814694943893682475471366243928558784899986  max 4.1143928656146962674644932510885607410383814147179

HECKE IN SYMPLECTIC BASIS T2s: 
[1, 2, 0, 0, 0, 0, 1, 0, -1, 1, 0, 0, 0, 0, -1, 1, 0, 0, -1, 0, 0, -1, -1, 0, 0, 0; -1, -2, 0, 0, 0, 0, 0, 0, 1, 0, -1, -1, 1, 1, 0, 1, -1, -1, 1, 0, 0, 1, 1, 0, -1, 0; 1, 1, 0, -1, 0, 1, 0, 0, -1, 1, 0, 1, 0, -1, -1, 0, 1, -2, 0, 0, 0, 0, 0, -1, 1, -1; 0, -1, 0, 1, 0, 0, 0, 1, 1, -2, 1, 1, -1, 0, 1, -1, 0, 1, -1, -1, 0, 0, 1, 0, 1, 0; -1, -1, -1, 0, 0, 0, 1, 2, 1, 0, -1, -1, 1, 0, 1, 2, -1, 0, 0, -1, 0, 1, 1, 1, -1, 0; 0, -2, 1, 0, 0, 0, -1, -1, 1, -1, 0, -1, 0, 1, -1, 0, 1, 0, 0, 0, 0, 0, 2, 0, -1, 0; 1, 0, 0, 0, -1, -1, -1, 1, 1, 0, 0, 0, 0, 0, 0, 0, 1, 1, 0, 0, 1, 0, 0, -1, 0, 0; 0, 0, 0, 1, 1, 0, 1, 1, 1, 0, -1, -1, 1, 0, 0, 0, 0, 0, 0, -1, 0, 1, 1, 0, 0, 1; 0, 0, 0, 0, 1, 1, 1, -1, -1, 0, -1, 0, -1, 1, -1, 0, 0, -1, 0, 0, -1, 0, 1, 1, 0, -1; 0, 0, 0, 0, 1, 1, 1, -1, -3, 1, 0, 1, -1, 1, -1, 0, -1, -1, -2, 0, -1, -1, 0, 0, 1, -2; 0, -1, 0, 0, 0, 0, -1, 0, -1, 0, 1, 1, 0, 0, 0, 1, 0, -1, 0, 1, 0, -1, 0, 0, 0, 0; 0, 1, 0, 1, -1, -1, 0, -1, 1, -1, 1, -1, -1, 0, 1, -1, -1, 1, 1, 0, 0, 0, -1, 0, 0, 0; 0, -1, 0, 0, 0, 0, 0, 0, 0, 0, -1, -1, -1, 0, 0, 1, 0, 0, 0, 0, -1, 1, 2, 0, 0, 0; 0, 1, -1, 0, 0, 0, 1, 0, 0, 1, 0, 0, 0, 1, -1, 1, 0, -1, 0, 1, 0, 0, 0, 0, 0, 0; -1, 0, -1, 0, 1, 1, 1, 0, -2, 2, 0, 1, 0, 2, -2, 1, -1, -1, -2, 0, 0, 0, 0, -1, 1, -1; 1, 1, 0, 0, 0, 0, 0, 0, 0, 0, 0, 0, 0, 0, 0, 0, 0, -1, 1, 0, 0, 0, 0, 0, 0, 0; 0, 0, 0, 0, 0, 0, 0, 1, 1, -1, 1, 1, -1, 0, 0, -1, 1, 0, 0, 0, 1, 0, 0, 0, 1, 0; 0, -1, 0, 0, 0, 0, 0, 1, 1, 0, -1, -1, 1, 0, 0, 0, 0, 0, 0, -1, 1, 1, 1, 0, -1, 0; 0, -1, 0, 0, 0, 0, 0, 1, 1, 0, -1, -1, 1, 0, 0, 1, 0, 0, 0, -1, 0, 1, 1, 0, -1, 0; -1, -1, 0, 0, 0, 0, 0, 1, 1, 0, 0, 0, 1, 1, 0, 0, 0, 1, -1, -1, 1, 1, 1, -1, 0, 0; 0, 0, 0, -1, -1, -1, -1, 0, 0, 0, 1, 0, 0, 0, 0, 0, 1, 2, -1, 1, 1, -1, -1, 0, -1, 0; 0, 2, 0, -1, -1, -1, -1, 0, 0, 0, 2, 2, 0, -1, 1, -1, 1, 1, 1, 1, 1, -1, -3, -1, 1, 0; -1, -2, 0, 1, 0, 0, 0, 0, 0, 0, 0, -1, 1, 1, 0, 1, -2, 0, -1, 0, 0, 0, 1, 0, -1, 0; 0, 0, 0, -1, 1, 1, 0, -1, -2, 0, 0, 1, -2, 0, -1, 0, 1, -1, 0, 0, -1, -1, 0, 1, 1, -1; 0, -1, 0, -1, 1, 1, 0, 0, -2, 1, -1, 0, 0, 0, -1, 1, 1, -1, -1, 0, -1, 0, 1, 1, -1, -1; 0, 0, 0, 1, -1, -1, -1, 0, 0, -1, 2, 0, 0, 0, 1, 0, -1, 1, 0, 0, 1, -1, -1, 0, -1, -1]
HECKE IN SYMPLECTIC BASIS T3s: 
[0, 1, 0, 0, -1, -2, 0, 0, -1, 0, 3, 0, -1, 0, 0, 0, -1, 1, -2, 2, 1, -3, -3, 1, -1, 1; 0, 0, 0, 0, 0, 1, -1, -1, 1, 0, -1, -2, 1, 0, 0, -1, 1, 0, 2, -1, -1, 2, 1, 0, -1, 1; 0, 1, 0, 1, 0, 1, 1, 1, 0, 0, -1, -1, 0, 0, 1, 0, -1, 1, -1, -2, 0, 2, 1, 0, 0, 0; 0, 0, 0, 0, 0, 0, 0, 1, -1, 1, -1, 2, -1, 1, -1, 1, 0, -1, 1, 0, 1, -1, 0, -1, 2, -1; 0, 1, -1, -1, -1, 0, -1, -1, 0, 0, 1, -1, 0, -1, 0, -1, 1, 0, 1, 1, -1, 0, -1, 0, 0, 2; -1, -1, 2, 0, 1, 0, 2, 1, 1, 0, -2, 3, -2, 2, -2, 1, -1, -1, 0, 2, 0, 0, 3, 0, 3, -2; 0, -1, 1, -1, 1, 1, 2, 1, 0, -3, 1, 6, -4, -2, 1, 2, 0, -1, -2, 0, 0, -1, 2, -1, 6, -1; 0, -1, 2, 1, 0, 0, -1, 0, 2, -2, 1, 0, 1, -1, 1, 0, -1, 1, 0, 0, 0, 1, 0, 0, -1, 0; 0, 1, -2, 0, 0, 0, -1, -2, -3, 4, -2, -4, 2, 3, -2, -2, 1, 0, 0, 1, -1, 0, -1, 1, -3, 0; 0, 2, -2, 1, 1, 1, 1, 0, -4, 4, -3, -3, 1, 3, -1, -1, 0, 1, -3, -2, 0, 1, 0, 1, -1, -1; 2, 2, 0, 0, 0, -1, 0, 0, 0, 0, 0, 0, 0, -1, 0, 0, 1, 0, 0, 1, 0, -1, -1, 0, 0, 1; -1, 0, -1, 1, 1, 3, 2, 2, -1, 0, -1, -1, 1, 1, 1, 0, -2, 0, -3, -6, 1, 3, 1, 0, 0, -1; 0, 0, 0, -1, 0, 0, 0, 0, 1, 0, 0, 1, -1, -1, -1, 0, 1, -2, 2, 1, 0, 0, 1, -1, 1, 0; 0, 1, 0, 0, 0, 0, 1, 0, 0, 0, 1, -1, -1, 0, 0, 0, 0, 0, -1, 0, 0, 0, 0, 2, -1, 0; -1, 0, 0, 0, 0, 0, 2, 0, 0, 0, -1, -2, -2, 1, 0, 1, 0, 1, -1, -1, -1, 1, 2, 2, 0, 0; 0, 0, 0, 0, -1, -1, -2, 0, -1, 0, 2, 1, 0, 0, 0, 0, 0, -1, 2, 1, 2, -2, -2, 0, -1, 0; 0, 0, 0, 0, 0, 0, 1, 1, 0, 0, 0, 1, -1, 0, 0, 1, 0, -1, 0, -1, 1, 0, 1, 0, 1, -1; 0, 0, 1, 0, 0, 0, 0, 0, 1, -1, 0, 1, -1, -1, 0, 0, 0, -1, 1, 1, 0, 0, 1, 0, 1, 0; 0, 0, 1, 0, 0, 0, 0, 0, 1, -2, 1, 3, -2, -2, 1, 1, 0, 0, 0, 1, 0, 0, 1, -1, 3, 0; -1, -2, 2, -1, 0, 0, 0, 0, 2, -2, 0, 2, -2, 0, -1, 1, 0, -1, 2, 2, -1, -1, 1, 0, 2, 0; 0, 0, 0, -1, 0, 0, 0, 0, -1, 0, 0, 2, -2, 0, -1, 1, 1, -1, 1, 1, 0, -2, 0, 0, 2, 0; 0, 0, 1, 0, -1, -1, -2, 1, 0, -2, 4, 2, 0, -1, 1, 0, -1, 0, 1, 0, 2, -3, -4, 0, -1, 1; 0, 0, 0, 0, 1, 2, 2, 0, 2, 0, -4, -3, 1, 0, 0, 0, 1, 0, 0, -3, -2, 4, 4, 0, 0, 0; -1, 1, -2, 0, 0, -1, 0, 0, -4, 4, 0, -1, 0, 3, -1, -1, -1, 1, -2, 1, 1, -2, -3, 0, -1, 0; 1, 2, -1, -1, -1, -3, -2, -2, -2, 3, 1, 0, -1, 0, -2, -1, 2, -1, 3, 6, 0, -4, -3, 0, -1, 1; 1, 2, 0, 1, 1, 2, 2, 2, 0, -1, 0, 1, 0, -1, 1, 0, -1, 0, -2, -4, 1, 2, 1, 0, 1, -1]

CHECKS: PASS=19 FAIL=1
