assignment_id,chi_cL,chi_ca,chi_cb,chi_cd,chi_La,chi_Lb,chi_Ld,chi_ab,chi_ad,chi_bd,index_cL,index_ca,index_cb,index_cd,index_La,index_Lb,index_Ld,index_ab,index_ad,index_bd,preserves_six_family_indices,preserves_all_M1_indices,scalar_up,scalar_down,scalar_neutrino,scalar_charged_lepton,all_four_scalar_bilinears,signed_6D_dimension,I8_p2_coefficient,I8_c3_coefficient,4D_Y_BL_phase_anomaly_free
0,-1,-1,-1,-1,-1,-1,-1,-1,-1,-1,-3,3,3,0,6,6,3,0,-3,-3,False,False,False,False,False,False,False,-24,1/60,f_L + f_a/2 + f_b/2 - 5*f_c/2 + f_d/2,True
1,-1,-1,-1,-1,-1,-1,-1,-1,-1,1,-3,3,3,0,6,6,3,0,-3,3,False,False,False,False,False,True,False,-22,11/720,f_L + f_a/2 + f_b/2 - 5*f_c/2 + f_d/2,False
2,-1,-1,-1,-1,-1,-1,-1,-1,1,-1,-3,3,3,0,6,6,3,0,3,-3,False,False,False,False,True,False,False,-22,11/720,f_L + f_a/2 + f_b/2 - 5*f_c/2 + f_d/2,False
3,-1,-1,-1,-1,-1,-1,-1,-1,1,1,-3,3,3,0,6,6,3,0,3,3,False,False,False,False,True,True,False,-20,1/72,f_L + f_a/2 + f_b/2 - 5*f_c/2 + f_d/2,False
4,-1,-1,-1,-1,-1,-1,-1,1,-1,-1,-3,3,3,0,6,6,3,0,-3,-3,False,False,False,False,False,False,False,-22,11/720,f_L + f_a/2 + f_b/2 - 5*f_c/2 + f_d/2,True
5,-1,-1,-1,-1,-1,-1,-1,1,-1,1,-3,3,3,0,6,6,3,0,-3,3,False,False,False,False,False,True,False,-20,1/72,f_L + f_a/2 + f_b/2 - 5*f_c/2 + f_d/2,False
6,-1,-1,-1,-1,-1,-1,-1,1,1,-1,-3,3,3,0,6,6,3,0,3,-3,False,False,False,False,True,False,False,-20,1/72,f_L + f_a/2 + f_b/2 - 5*f_c/2 + f_d/2,False
7,-1,-1,-1,-1,-1,-1,-1,1,1,1,-3,3,3,0,6,6,3,0,3,3,False,False,False,False,True,True,False,-18,1/80,f_L + f_a/2 + f_b/2 - 5*f_c/2 + f_d/2,False
8,-1,-1,-1,-1,-1,-1,1,-1,-1,-1,-3,3,3,0,6,6,-3,0,-3,-3,False,False,False,False,True,True,False,-20,1/72,f_L + f_a/2 + f_b/2 - 5*f_c/2 + f_d/2,False
9,-1,-1,-1,-1,-1,-1,1,-1,-1,1,-3,3,3,0,6,6,-3,0,-3,3,False,False,False,False,True,False,False,-18,1/80,f_L + f_a/2 + f_b/2 - 5*f_c/2 + f_d/2,False
10,-1,-1,-1,-1,-1,-1,1,-1,1,-1,-3,3,3,0,6,6,-3,0,3,-3,False,False,False,False,False,True,False,-18,1/80,f_L + f_a/2 + f_b/2 - 5*f_c/2 + f_d/2,False
11,-1,-1,-1,-1,-1,-1,1,-1,1,1,-3,3,3,0,6,6,-3,0,3,3,False,False,False,False,False,False,False,-16,1/90,f_L + f_a/2 + f_b/2 - 5*f_c/2 + f_d/2,False
12,-1,-1,-1,-1,-1,-1,1,1,-1,-1,-3,3,3,0,6,6,-3,0,-3,-3,False,False,False,False,True,True,False,-18,1/80,f_L + f_a/2 + f_b/2 - 5*f_c/2 + f_d/2,False
13,-1,-1,-1,-1,-1,-1,1,1,-1,1,-3,3,3,0,6,6,-3,0,-3,3,False,False,False,False,True,False,False,-16,1/90,f_L + f_a/2 + f_b/2 - 5*f_c/2 + f_d/2,False
14,-1,-1,-1,-1,-1,-1,1,1,1,-1,-3,3,3,0,6,6,-3,0,3,-3,False,False,False,False,False,True,False,-16,1/90,f_L + f_a/2 + f_b/2 - 5*f_c/2 + f_d/2,False
15,-1,-1,-1,-1,-1,-1,1,1,1,1,-3,3,3,0,6,6,-3,0,3,3,False,False,False,False,False,False,False,-14,7/720,f_L + f_a/2 + f_b/2 - 5*f_c/2 + f_d/2,False
16,-1,-1,-1,-1,-1,1,-1,-1,-1,-1,-3,3,3,0,6,-6,3,0,-3,-3,False,False,False,False,False,False,False,-20,1/72,f_L + f_a/2 + f_b/2 - 5*f_c/2 + f_d/2,False
17,-1,-1,-1,-1,-1,1,-1,-1,-1,1,-3,3,3,0,6,-6,3,0,-3,3,False,False,False,False,False,True,False,-18,1/80,f_L + f_a/2 + f_b/2 - 5*f_c/2 + f_d/2,False
18,-1,-1,-1,-1,-1,1,-1,-1,1,-1,-3,3,3,0,6,-6,3,0,3,-3,False,False,False,False,True,False,False,-18,1/80,f_L + f_a/2 + f_b/2 - 5*f_c/2 + f_d/2,False
19,-1,-1,-1,-1,-1,1,-1,-1,1,1,-3,3,3,0,6,-6,3,0,3,3,False,False,False,False,True,True,False,-16,1/90,f_L + f_a/2 + f_b/2 - 5*f_c/2 + f_d/2,False
20,-1,-1,-1,-1,-1,1,-1,1,-1,-1,-3,3,3,0,6,-6,3,0,-3,-3,False,False,False,False,False,False,False,-18,1/80,f_L + f_a/2 + f_b/2 - 5*f_c/2 + f_d/2,False
21,-1,-1,-1,-1,-1,1,-1,1,-1,1,-3,3,3,0,6,-6,3,0,-3,3,False,False,False,False,False,True,False,-16,1/90,f_L + f_a/2 + f_b/2 - 5*f_c/2 + f_d/2,False
22,-1,-1,-1,-1,-1,1,-1,1,1,-1,-3,3,3,0,6,-6,3,0,3,-3,False,False,False,False,True,False,False,-16,1/90,f_L + f_a/2 + f_b/2 - 5*f_c/2 + f_d/2,False
23,-1,-1,-1,-1,-1,1,-1,1,1,1,-3,3,3,0,6,-6,3,0,3,3,False,False,False,False,True,True,False,-14,7/720,f_L + f_a/2 + f_b/2 - 5*f_c/2 + f_d/2,False
24,-1,-1,-1,-1,-1,1,1,-1,-1,-1,-3,3,3,0,6,-6,-3,0,-3,-3,False,False,False,False,True,True,False,-16,1/90,f_L + f_a/2 + f_b/2 - 5*f_c/2 + f_d/2,False
25,-1,-1,-1,-1,-1,1,1,-1,-1,1,-3,3,3,0,6,-6,-3,0,-3,3,False,False,False,False,True,False,False,-14,7/720,f_L + f_a/2 + f_b/2 - 5*f_c/2 + f_d/2,False
26,-1,-1,-1,-1,-1,1,1,-1,1,-1,-3,3,3,0,6,-6,-3,0,3,-3,False,False,False,False,False,True,False,-14,7/720,f_L + f_a/2 + f_b/2 - 5*f_c/2 + f_d/2,False
27,-1,-1,-1,-1,-1,1,1,-1,1,1,-3,3,3,0,6,-6,-3,0,3,3,False,False,False,False,False,False,False,-12,1/120,f_L + f_a/2 + f_b/2 - 5*f_c/2 + f_d/2,False
28,-1,-1,-1,-1,-1,1,1,1,-1,-1,-3,3,3,0,6,-6,-3,0,-3,-3,False,False,False,False,True,True,False,-14,7/720,f_L + f_a/2 + f_b/2 - 5*f_c/2 + f_d/2,False
29,-1,-1,-1,-1,-1,1,1,1,-1,1,-3,3,3,0,6,-6,-3,0,-3,3,False,False,False,False,True,False,False,-12,1/120,f_L + f_a/2 + f_b/2 - 5*f_c/2 + f_d/2,False
30,-1,-1,-1,-1,-1,1,1,1,1,-1,-3,3,3,0,6,-6,-3,0,3,-3,False,False,False,False,False,True,False,-12,1/120,f_L + f_a/2 + f_b/2 - 5*f_c/2 + f_d/2,False
31,-1,-1,-1,-1,-1,1,1,1,1,1,-3,3,3,0,6,-6,-3,0,3,3,False,False,False,False,False,False,False,-10,1/144,f_L + f_a/2 + f_b/2 - 5*f_c/2 + f_d/2,False
32,-1,-1,-1,-1,1,-1,-1,-1,-1,-1,-3,3,3,0,-6,6,3,0,-3,-3,False,False,False,False,False,False,False,-20,1/72,f_L + f_a/2 + f_b/2 - 5*f_c/2 + f_d/2,False
33,-1,-1,-1,-1,1,-1,-1,-1,-1,1,-3,3,3,0,-6,6,3,0,-3,3,False,False,False,False,False,True,False,-18,1/80,f_L + f_a/2 + f_b/2 - 5*f_c/2 + f_d/2,False
34,-1,-1,-1,-1,1,-1,-1,-1,1,-1,-3,3,3,0,-6,6,3,0,3,-3,False,False,False,False,True,False,False,-18,1/80,f_L + f_a/2 + f_b/2 - 5*f_c/2 + f_d/2,False
35,-1,-1,-1,-1,1,-1,-1,-1,1,1,-3,3,3,0,-6,6,3,0,3,3,False,False,False,False,True,True,False,-16,1/90,f_L + f_a/2 + f_b/2 - 5*f_c/2 + f_d/2,False
36,-1,-1,-1,-1,1,-1,-1,1,-1,-1,-3,3,3,0,-6,6,3,0,-3,-3,False,False,False,False,False,False,False,-18,1/80,f_L + f_a/2 + f_b/2 - 5*f_c/2 + f_d/2,False
37,-1,-1,-1,-1,1,-1,-1,1,-1,1,-3,3,3,0,-6,6,3,0,-3,3,False,False,False,False,False,True,False,-16,1/90,f_L + f_a/2 + f_b/2 - 5*f_c/2 + f_d/2,False
38,-1,-1,-1,-1,1,-1,-1,1,1,-1,-3,3,3,0,-6,6,3,0,3,-3,False,False,False,False,True,False,False,-16,1/90,f_L + f_a/2 + f_b/2 - 5*f_c/2 + f_d/2,False
39,-1,-1,-1,-1,1,-1,-1,1,1,1,-3,3,3,0,-6,6,3,0,3,3,False,False,False,False,True,True,False,-14,7/720,f_L + f_a/2 + f_b/2 - 5*f_c/2 + f_d/2,False
40,-1,-1,-1,-1,1,-1,1,-1,-1,-1,-3,3,3,0,-6,6,-3,0,-3,-3,False,False,False,False,True,True,False,-16,1/90,f_L + f_a/2 + f_b/2 - 5*f_c/2 + f_d/2,False
41,-1,-1,-1,-1,1,-1,1,-1,-1,1,-3,3,3,0,-6,6,-3,0,-3,3,False,False,False,False,True,False,False,-14,7/720,f_L + f_a/2 + f_b/2 - 5*f_c/2 + f_d/2,False
42,-1,-1,-1,-1,1,-1,1,-1,1,-1,-3,3,3,0,-6,6,-3,0,3,-3,False,False,False,False,False,True,False,-14,7/720,f_L + f_a/2 + f_b/2 - 5*f_c/2 + f_d/2,False
43,-1,-1,-1,-1,1,-1,1,-1,1,1,-3,3,3,0,-6,6,-3,0,3,3,False,False,False,False,False,False,False,-12,1/120,f_L + f_a/2 + f_b/2 - 5*f_c/2 + f_d/2,False
44,-1,-1,-1,-1,1,-1,1,1,-1,-1,-3,3,3,0,-6,6,-3,0,-3,-3,False,False,False,False,True,True,False,-14,7/720,f_L + f_a/2 + f_b/2 - 5*f_c/2 + f_d/2,False
45,-1,-1,-1,-1,1,-1,1,1,-1,1,-3,3,3,0,-6,6,-3,0,-3,3,False,False,False,False,True,False,False,-12,1/120,f_L + f_a/2 + f_b/2 - 5*f_c/2 + f_d/2,False
46,-1,-1,-1,-1,1,-1,1,1,1,-1,-3,3,3,0,-6,6,-3,0,3,-3,False,False,False,False,False,True,False,-12,1/120,f_L + f_a/2 + f_b/2 - 5*f_c/2 + f_d/2,False
47,-1,-1,-1,-1,1,-1,1,1,1,1,-3,3,3,0,-6,6,-3,0,3,3,False,False,False,False,False,False,False,-10,1/144,f_L + f_a/2 + f_b/2 - 5*f_c/2 + f_d/2,False
48,-1,-1,-1,-1,1,1,-1,-1,-1,-1,-3,3,3,0,-6,-6,3,0,-3,-3,False,False,False,False,False,False,False,-16,1/90,f_L + f_a/2 + f_b/2 - 5*f_c/2 + f_d/2,True
49,-1,-1,-1,-1,1,1,-1,-1,-1,1,-3,3,3,0,-6,-6,3,0,-3,3,False,False,False,False,False,True,False,-14,7/720,f_L + f_a/2 + f_b/2 - 5*f_c/2 + f_d/2,False
50,-1,-1,-1,-1,1,1,-1,-1,1,-1,-3,3,3,0,-6,-6,3,0,3,-3,False,False,False,False,True,False,False,-14,7/720,f_L + f_a/2 + f_b/2 - 5*f_c/2 + f_d/2,False
51,-1,-1,-1,-1,1,1,-1,-1,1,1,-3,3,3,0,-6,-6,3,0,3,3,False,False,False,False,True,True,False,-12,1/120,f_L + f_a/2 + f_b/2 - 5*f_c/2 + f_d/2,False
52,-1,-1,-1,-1,1,1,-1,1,-1,-1,-3,3,3,0,-6,-6,3,0,-3,-3,False,False,False,False,False,False,False,-14,7/720,f_L + f_a/2 + f_b/2 - 5*f_c/2 + f_d/2,True
53,-1,-1,-1,-1,1,1,-1,1,-1,1,-3,3,3,0,-6,-6,3,0,-3,3,False,False,False,False,False,True,False,-12,1/120,f_L + f_a/2 + f_b/2 - 5*f_c/2 + f_d/2,False
54,-1,-1,-1,-1,1,1,-1,1,1,-1,-3,3,3,0,-6,-6,3,0,3,-3,False,False,False,False,True,False,False,-12,1/120,f_L + f_a/2 + f_b/2 - 5*f_c/2 + f_d/2,False
55,-1,-1,-1,-1,1,1,-1,1,1,1,-3,3,3,0,-6,-6,3,0,3,3,False,False,False,False,True,True,False,-10,1/144,f_L + f_a/2 + f_b/2 - 5*f_c/2 + f_d/2,False
56,-1,-1,-1,-1,1,1,1,-1,-1,-1,-3,3,3,0,-6,-6,-3,0,-3,-3,False,False,False,False,True,True,False,-12,1/120,f_L + f_a/2 + f_b/2 - 5*f_c/2 + f_d/2,False
57,-1,-1,-1,-1,1,1,1,-1,-1,1,-3,3,3,0,-6,-6,-3,0,-3,3,False,False,False,False,True,False,False,-10,1/144,f_L + f_a/2 + f_b/2 - 5*f_c/2 + f_d/2,False
58,-1,-1,-1,-1,1,1,1,-1,1,-1,-3,3,3,0,-6,-6,-3,0,3,-3,False,False,False,False,False,True,False,-10,1/144,f_L + f_a/2 + f_b/2 - 5*f_c/2 + f_d/2,False
59,-1,-1,-1,-1,1,1,1,-1,1,1,-3,3,3,0,-6,-6,-3,0,3,3,False,False,False,False,False,False,False,-8,1/180,f_L + f_a/2 + f_b/2 - 5*f_c/2 + f_d/2,False
60,-1,-1,-1,-1,1,1,1,1,-1,-1,-3,3,3,0,-6,-6,-3,0,-3,-3,False,False,False,False,True,True,False,-10,1/144,f_L + f_a/2 + f_b/2 - 5*f_c/2 + f_d/2,False
61,-1,-1,-1,-1,1,1,1,1,-1,1,-3,3,3,0,-6,-6,-3,0,-3,3,False,False,False,False,True,False,False,-8,1/180,f_L + f_a/2 + f_b/2 - 5*f_c/2 + f_d/2,False
62,-1,-1,-1,-1,1,1,1,1,1,-1,-3,3,3,0,-6,-6,-3,0,3,-3,False,False,False,False,False,True,False,-8,1/180,f_L + f_a/2 + f_b/2 - 5*f_c/2 + f_d/2,False
63,-1,-1,-1,-1,1,1,1,1,1,1,-3,3,3,0,-6,-6,-3,0,3,3,False,False,False,False,False,False,False,-6,1/240,f_L + f_a/2 + f_b/2 - 5*f_c/2 + f_d/2,False
64,-1,-1,-1,1,-1,-1,-1,-1,-1,-1,-3,3,3,0,6,6,3,0,-3,-3,False,False,False,False,False,False,False,-18,1/80,f_L + f_a/2 + f_b/2 - 3*f_c/2 - f_d/2,True
65,-1,-1,-1,1,-1,-1,-1,-1,-1,1,-3,3,3,0,6,6,3,0,-3,3,False,False,False,False,False,True,False,-16,1/90,f_L + f_a/2 + f_b/2 - 3*f_c/2 - f_d/2,False
66,-1,-1,-1,1,-1,-1,-1,-1,1,-1,-3,3,3,0,6,6,3,0,3,-3,False,False,False,False,True,False,False,-16,1/90,f_L + f_a/2 + f_b/2 - 3*f_c/2 - f_d/2,False
67,-1,-1,-1,1,-1,-1,-1,-1,1,1,-3,3,3,0,6,6,3,0,3,3,False,False,False,False,True,True,False,-14,7/720,f_L + f_a/2 + f_b/2 - 3*f_c/2 - f_d/2,False
68,-1,-1,-1,1,-1,-1,-1,1,-1,-1,-3,3,3,0,6,6,3,0,-3,-3,False,False,False,False,False,False,False,-16,1/90,f_L + f_a/2 + f_b/2 - 3*f_c/2 - f_d/2,True
69,-1,-1,-1,1,-1,-1,-1,1,-1,1,-3,3,3,0,6,6,3,0,-3,3,False,False,False,False,False,True,False,-14,7/720,f_L + f_a/2 + f_b/2 - 3*f_c/2 - f_d/2,False
70,-1,-1,-1,1,-1,-1,-1,1,1,-1,-3,3,3,0,6,6,3,0,3,-3,False,False,False,False,True,False,False,-14,7/720,f_L + f_a/2 + f_b/2 - 3*f_c/2 - f_d/2,False
71,-1,-1,-1,1,-1,-1,-1,1,1,1,-3,3,3,0,6,6,3,0,3,3,False,False,False,False,True,True,False,-12,1/120,f_L + f_a/2 + f_b/2 - 3*f_c/2 - f_d/2,False
72,-1,-1,-1,1,-1,-1,1,-1,-1,-1,-3,3,3,0,6,6,-3,0,-3,-3,False,False,False,False,True,True,False,-14,7/720,f_L + f_a/2 + f_b/2 - 3*f_c/2 - f_d/2,False
73,-1,-1,-1,1,-1,-1,1,-1,-1,1,-3,3,3,0,6,6,-3,0,-3,3,False,False,False,False,True,False,False,-12,1/120,f_L + f_a/2 + f_b/2 - 3*f_c/2 - f_d/2,False
74,-1,-1,-1,1,-1,-1,1,-1,1,-1,-3,3,3,0,6,6,-3,0,3,-3,False,False,False,False,False,True,False,-12,1/120,f_L + f_a/2 + f_b/2 - 3*f_c/2 - f_d/2,False
75,-1,-1,-1,1,-1,-1,1,-1,1,1,-3,3,3,0,6,6,-3,0,3,3,False,False,False,False,False,False,False,-10,1/144,f_L + f_a/2 + f_b/2 - 3*f_c/2 - f_d/2,False
76,-1,-1,-1,1,-1,-1,1,1,-1,-1,-3,3,3,0,6,6,-3,0,-3,-3,False,False,False,False,True,True,False,-12,1/120,f_L + f_a/2 + f_b/2 - 3*f_c/2 - f_d/2,False
77,-1,-1,-1,1,-1,-1,1,1,-1,1,-3,3,3,0,6,6,-3,0,-3,3,False,False,False,False,True,False,False,-10,1/144,f_L + f_a/2 + f_b/2 - 3*f_c/2 - f_d/2,False
78,-1,-1,-1,1,-1,-1,1,1,1,-1,-3,3,3,0,6,6,-3,0,3,-3,False,False,False,False,False,True,False,-10,1/144,f_L + f_a/2 + f_b/2 - 3*f_c/2 - f_d/2,False
79,-1,-1,-1,1,-1,-1,1,1,1,1,-3,3,3,0,6,6,-3,0,3,3,False,False,False,False,False,False,False,-8,1/180,f_L + f_a/2 + f_b/2 - 3*f_c/2 - f_d/2,False
80,-1,-1,-1,1,-1,1,-1,-1,-1,-1,-3,3,3,0,6,-6,3,0,-3,-3,False,False,False,False,False,False,False,-14,7/720,f_L + f_a/2 + f_b/2 - 3*f_c/2 - f_d/2,False
81,-1,-1,-1,1,-1,1,-1,-1,-1,1,-3,3,3,0,6,-6,3,0,-3,3,False,False,False,False,False,True,False,-12,1/120,f_L + f_a/2 + f_b/2 - 3*f_c/2 - f_d/2,False
82,-1,-1,-1,1,-1,1,-1,-1,1,-1,-3,3,3,0,6,-6,3,0,3,-3,False,False,False,False,True,False,False,-12,1/120,f_L + f_a/2 + f_b/2 - 3*f_c/2 - f_d/2,False
83,-1,-1,-1,1,-1,1,-1,-1,1,1,-3,3,3,0,6,-6,3,0,3,3,False,False,False,False,True,True,False,-10,1/144,f_L + f_a/2 + f_b/2 - 3*f_c/2 - f_d/2,False
84,-1,-1,-1,1,-1,1,-1,1,-1,-1,-3,3,3,0,6,-6,3,0,-3,-3,False,False,False,False,False,False,False,-12,1/120,f_L + f_a/2 + f_b/2 - 3*f_c/2 - f_d/2,False
85,-1,-1,-1,1,-1,1,-1,1,-1,1,-3,3,3,0,6,-6,3,0,-3,3,False,False,False,False,False,True,False,-10,1/144,f_L + f_a/2 + f_b/2 - 3*f_c/2 - f_d/2,False
86,-1,-1,-1,1,-1,1,-1,1,1,-1,-3,3,3,0,6,-6,3,0,3,-3,False,False,False,False,True,False,False,-10,1/144,f_L + f_a/2 + f_b/2 - 3*f_c/2 - f_d/2,False
87,-1,-1,-1,1,-1,1,-1,1,1,1,-3,3,3,0,6,-6,3,0,3,3,False,False,False,False,True,True,False,-8,1/180,f_L + f_a/2 + f_b/2 - 3*f_c/2 - f_d/2,False
88,-1,-1,-1,1,-1,1,1,-1,-1,-1,-3,3,3,0,6,-6,-3,0,-3,-3,False,False,False,False,True,True,False,-10,1/144,f_L + f_a/2 + f_b/2 - 3*f_c/2 - f_d/2,False
89,-1,-1,-1,1,-1,1,1,-1,-1,1,-3,3,3,0,6,-6,-3,0,-3,3,False,False,False,False,True,False,False,-8,1/180,f_L + f_a/2 + f_b/2 - 3*f_c/2 - f_d/2,False
90,-1,-1,-1,1,-1,1,1,-1,1,-1,-3,3,3,0,6,-6,-3,0,3,-3,False,False,False,False,False,True,False,-8,1/180,f_L + f_a/2 + f_b/2 - 3*f_c/2 - f_d/2,False
91,-1,-1,-1,1,-1,1,1,-1,1,1,-3,3,3,0,6,-6,-3,0,3,3,False,False,False,False,False,False,False,-6,1/240,f_L + f_a/2 + f_b/2 - 3*f_c/2 - f_d/2,False
92,-1,-1,-1,1,-1,1,1,1,-1,-1,-3,3,3,0,6,-6,-3,0,-3,-3,False,False,False,False,True,True,False,-8,1/180,f_L + f_a/2 + f_b/2 - 3*f_c/2 - f_d/2,False
93,-1,-1,-1,1,-1,1,1,1,-1,1,-3,3,3,0,6,-6,-3,0,-3,3,False,False,False,False,True,False,False,-6,1/240,f_L + f_a/2 + f_b/2 - 3*f_c/2 - f_d/2,False
94,-1,-1,-1,1,-1,1,1,1,1,-1,-3,3,3,0,6,-6,-3,0,3,-3,False,False,False,False,False,True,False,-6,1/240,f_L + f_a/2 + f_b/2 - 3*f_c/2 - f_d/2,False
95,-1,-1,-1,1,-1,1,1,1,1,1,-3,3,3,0,6,-6,-3,0,3,3,False,False,False,False,False,False,False,-4,1/360,f_L + f_a/2 + f_b/2 - 3*f_c/2 - f_d/2,False
96,-1,-1,-1,1,1,-1,-1,-1,-1,-1,-3,3,3,0,-6,6,3,0,-3,-3,False,False,False,False,False,False,False,-14,7/720,f_L + f_a/2 + f_b/2 - 3*f_c/2 - f_d/2,False
97,-1,-1,-1,1,1,-1,-1,-1,-1,1,-3,3,3,0,-6,6,3,0,-3,3,False,False,False,False,False,True,False,-12,1/120,f_L + f_a/2 + f_b/2 - 3*f_c/2 - f_d/2,False
98,-1,-1,-1,1,1,-1,-1,-1,1,-1,-3,3,3,0,-6,6,3,0,3,-3,False,False,False,False,True,False,False,-12,1/120,f_L + f_a/2 + f_b/2 - 3*f_c/2 - f_d/2,False
99,-1,-1,-1,1,1,-1,-1,-1,1,1,-3,3,3,0,-6,6,3,0,3,3,False,False,False,False,True,True,False,-10,1/144,f_L + f_a/2 + f_b/2 - 3*f_c/2 - f_d/2,False
100,-1,-1,-1,1,1,-1,-1,1,-1,-1,-3,3,3,0,-6,6,3,0,-3,-3,False,False,False,False,False,False,False,-12,1/120,f_L + f_a/2 + f_b/2 - 3*f_c/2 - f_d/2,False
101,-1,-1,-1,1,1,-1,-1,1,-1,1,-3,3,3,0,-6,6,3,0,-3,3,False,False,False,False,False,True,False,-10,1/144,f_L + f_a/2 + f_b/2 - 3*f_c/2 - f_d/2,False
102,-1,-1,-1,1,1,-1,-1,1,1,-1,-3,3,3,0,-6,6,3,0,3,-3,False,False,False,False,True,False,False,-10,1/144,f_L + f_a/2 + f_b/2 - 3*f_c/2 - f_d/2,False
103,-1,-1,-1,1,1,-1,-1,1,1,1,-3,3,3,0,-6,6,3,0,3,3,False,False,False,False,True,True,False,-8,1/180,f_L + f_a/2 + f_b/2 - 3*f_c/2 - f_d/2,False
104,-1,-1,-1,1,1,-1,1,-1,-1,-1,-3,3,3,0,-6,6,-3,0,-3,-3,False,False,False,False,True,True,False,-10,1/144,f_L + f_a/2 + f_b/2 - 3*f_c/2 - f_d/2,False
105,-1,-1,-1,1,1,-1,1,-1,-1,1,-3,3,3,0,-6,6,-3,0,-3,3,False,False,False,False,True,False,False,-8,1/180,f_L + f_a/2 + f_b/2 - 3*f_c/2 - f_d/2,False
106,-1,-1,-1,1,1,-1,1,-1,1,-1,-3,3,3,0,-6,6,-3,0,3,-3,False,False,False,False,False,True,False,-8,1/180,f_L + f_a/2 + f_b/2 - 3*f_c/2 - f_d/2,False
107,-1,-1,-1,1,1,-1,1,-1,1,1,-3,3,3,0,-6,6,-3,0,3,3,False,False,False,False,False,False,False,-6,1/240,f_L + f_a/2 + f_b/2 - 3*f_c/2 - f_d/2,False
108,-1,-1,-1,1,1,-1,1,1,-1,-1,-3,3,3,0,-6,6,-3,0,-3,-3,False,False,False,False,True,True,False,-8,1/180,f_L + f_a/2 + f_b/2 - 3*f_c/2 - f_d/2,False
109,-1,-1,-1,1,1,-1,1,1,-1,1,-3,3,3,0,-6,6,-3,0,-3,3,False,False,False,False,True,False,False,-6,1/240,f_L + f_a/2 + f_b/2 - 3*f_c/2 - f_d/2,False
110,-1,-1,-1,1,1,-1,1,1,1,-1,-3,3,3,0,-6,6,-3,0,3,-3,False,False,False,False,False,True,False,-6,1/240,f_L + f_a/2 + f_b/2 - 3*f_c/2 - f_d/2,False
111,-1,-1,-1,1,1,-1,1,1,1,1,-3,3,3,0,-6,6,-3,0,3,3,False,False,False,False,False,False,False,-4,1/360,f_L + f_a/2 + f_b/2 - 3*f_c/2 - f_d/2,False
112,-1,-1,-1,1,1,1,-1,-1,-1,-1,-3,3,3,0,-6,-6,3,0,-3,-3,False,False,False,False,False,False,False,-10,1/144,f_L + f_a/2 + f_b/2 - 3*f_c/2 - f_d/2,True
113,-1,-1,-1,1,1,1,-1,-1,-1,1,-3,3,3,0,-6,-6,3,0,-3,3,False,False,False,False,False,True,False,-8,1/180,f_L + f_a/2 + f_b/2 - 3*f_c/2 - f_d/2,False
114,-1,-1,-1,1,1,1,-1,-1,1,-1,-3,3,3,0,-6,-6,3,0,3,-3,False,False,False,False,True,False,False,-8,1/180,f_L + f_a/2 + f_b/2 - 3*f_c/2 - f_d/2,False
115,-1,-1,-1,1,1,1,-1,-1,1,1,-3,3,3,0,-6,-6,3,0,3,3,False,False,False,False,True,True,False,-6,1/240,f_L + f_a/2 + f_b/2 - 3*f_c/2 - f_d/2,False
116,-1,-1,-1,1,1,1,-1,1,-1,-1,-3,3,3,0,-6,-6,3,0,-3,-3,False,False,False,False,False,False,False,-8,1/180,f_L + f_a/2 + f_b/2 - 3*f_c/2 - f_d/2,True
117,-1,-1,-1,1,1,1,-1,1,-1,1,-3,3,3,0,-6,-6,3,0,-3,3,False,False,False,False,False,True,False,-6,1/240,f_L + f_a/2 + f_b/2 - 3*f_c/2 - f_d/2,False
118,-1,-1,-1,1,1,1,-1,1,1,-1,-3,3,3,0,-6,-6,3,0,3,-3,False,False,False,False,True,False,False,-6,1/240,f_L + f_a/2 + f_b/2 - 3*f_c/2 - f_d/2,False
119,-1,-1,-1,1,1,1,-1,1,1,1,-3,3,3,0,-6,-6,3,0,3,3,False,False,False,False,True,True,False,-4,1/360,f_L + f_a/2 + f_b/2 - 3*f_c/2 - f_d/2,False
120,-1,-1,-1,1,1,1,1,-1,-1,-1,-3,3,3,0,-6,-6,-3,0,-3,-3,False,False,False,False,True,True,False,-6,1/240,f_L + f_a/2 + f_b/2 - 3*f_c/2 - f_d/2,False
121,-1,-1,-1,1,1,1,1,-1,-1,1,-3,3,3,0,-6,-6,-3,0,-3,3,False,False,False,False,True,False,False,-4,1/360,f_L + f_a/2 + f_b/2 - 3*f_c/2 - f_d/2,False
122,-1,-1,-1,1,1,1,1,-1,1,-1,-3,3,3,0,-6,-6,-3,0,3,-3,False,False,False,False,False,True,False,-4,1/360,f_L + f_a/2 + f_b/2 - 3*f_c/2 - f_d/2,False
123,-1,-1,-1,1,1,1,1,-1,1,1,-3,3,3,0,-6,-6,-3,0,3,3,False,False,False,False,False,False,False,-2,1/720,f_L + f_a/2 + f_b/2 - 3*f_c/2 - f_d/2,False
124,-1,-1,-1,1,1,1,1,1,-1,-1,-3,3,3,0,-6,-6,-3,0,-3,-3,False,False,False,False,True,True,False,-4,1/360,f_L + f_a/2 + f_b/2 - 3*f_c/2 - f_d/2,False
125,-1,-1,-1,1,1,1,1,1,-1,1,-3,3,3,0,-6,-6,-3,0,-3,3,False,False,False,False,True,False,False,-2,1/720,f_L + f_a/2 + f_b/2 - 3*f_c/2 - f_d/2,False
126,-1,-1,-1,1,1,1,1,1,1,-1,-3,3,3,0,-6,-6,-3,0,3,-3,False,False,False,False,False,True,False,-2,1/720,f_L + f_a/2 + f_b/2 - 3*f_c/2 - f_d/2,False
127,-1,-1,-1,1,1,1,1,1,1,1,-3,3,3,0,-6,-6,-3,0,3,3,False,False,False,False,False,False,False,0,0,f_L + f_a/2 + f_b/2 - 3*f_c/2 - f_d/2,False
128,-1,-1,1,-1,-1,-1,-1,-1,-1,-1,-3,3,-3,0,6,6,3,0,-3,-3,False,False,False,True,False,False,False,-18,1/80,f_L + f_a/2 - f_b/2 - 3*f_c/2 + f_d/2,False
129,-1,-1,1,-1,-1,-1,-1,-1,-1,1,-3,3,-3,0,6,6,3,0,-3,3,False,False,False,True,False,True,False,-16,1/90,f_L + f_a/2 - f_b/2 - 3*f_c/2 + f_d/2,False
130,-1,-1,1,-1,-1,-1,-1,-1,1,-1,-3,3,-3,0,6,6,3,0,3,-3,False,False,False,True,True,False,False,-16,1/90,f_L + f_a/2 - f_b/2 - 3*f_c/2 + f_d/2,False
131,-1,-1,1,-1,-1,-1,-1,-1,1,1,-3,3,-3,0,6,6,3,0,3,3,False,False,False,True,True,True,False,-14,7/720,f_L + f_a/2 - f_b/2 - 3*f_c/2 + f_d/2,False
132,-1,-1,1,-1,-1,-1,-1,1,-1,-1,-3,3,-3,0,6,6,3,0,-3,-3,False,False,False,True,False,False,False,-16,1/90,f_L + f_a/2 - f_b/2 - 3*f_c/2 + f_d/2,False
133,-1,-1,1,-1,-1,-1,-1,1,-1,1,-3,3,-3,0,6,6,3,0,-3,3,False,False,False,True,False,True,False,-14,7/720,f_L + f_a/2 - f_b/2 - 3*f_c/2 + f_d/2,False
134,-1,-1,1,-1,-1,-1,-1,1,1,-1,-3,3,-3,0,6,6,3,0,3,-3,False,False,False,True,True,False,False,-14,7/720,f_L + f_a/2 - f_b/2 - 3*f_c/2 + f_d/2,False
135,-1,-1,1,-1,-1,-1,-1,1,1,1,-3,3,-3,0,6,6,3,0,3,3,False,False,False,True,True,True,False,-12,1/120,f_L + f_a/2 - f_b/2 - 3*f_c/2 + f_d/2,False
136,-1,-1,1,-1,-1,-1,1,-1,-1,-1,-3,3,-3,0,6,6,-3,0,-3,-3,False,False,False,True,True,True,False,-14,7/720,f_L + f_a/2 - f_b/2 - 3*f_c/2 + f_d/2,False
137,-1,-1,1,-1,-1,-1,1,-1,-1,1,-3,3,-3,0,6,6,-3,0,-3,3,False,False,False,True,True,False,False,-12,1/120,f_L + f_a/2 - f_b/2 - 3*f_c/2 + f_d/2,False
138,-1,-1,1,-1,-1,-1,1,-1,1,-1,-3,3,-3,0,6,6,-3,0,3,-3,False,False,False,True,False,True,False,-12,1/120,f_L + f_a/2 - f_b/2 - 3*f_c/2 + f_d/2,False
139,-1,-1,1,-1,-1,-1,1,-1,1,1,-3,3,-3,0,6,6,-3,0,3,3,False,False,False,True,False,False,False,-10,1/144,f_L + f_a/2 - f_b/2 - 3*f_c/2 + f_d/2,False
140,-1,-1,1,-1,-1,-1,1,1,-1,-1,-3,3,-3,0,6,6,-3,0,-3,-3,False,False,False,True,True,True,False,-12,1/120,f_L + f_a/2 - f_b/2 - 3*f_c/2 + f_d/2,False
141,-1,-1,1,-1,-1,-1,1,1,-1,1,-3,3,-3,0,6,6,-3,0,-3,3,False,False,False,True,True,False,False,-10,1/144,f_L + f_a/2 - f_b/2 - 3*f_c/2 + f_d/2,False
142,-1,-1,1,-1,-1,-1,1,1,1,-1,-3,3,-3,0,6,6,-3,0,3,-3,False,False,False,True,False,True,False,-10,1/144,f_L + f_a/2 - f_b/2 - 3*f_c/2 + f_d/2,False
143,-1,-1,1,-1,-1,-1,1,1,1,1,-3,3,-3,0,6,6,-3,0,3,3,False,False,False,True,False,False,False,-8,1/180,f_L + f_a/2 - f_b/2 - 3*f_c/2 + f_d/2,False
144,-1,-1,1,-1,-1,1,-1,-1,-1,-1,-3,3,-3,0,6,-6,3,0,-3,-3,False,False,False,True,False,False,False,-14,7/720,f_L + f_a/2 - f_b/2 - 3*f_c/2 + f_d/2,False
145,-1,-1,1,-1,-1,1,-1,-1,-1,1,-3,3,-3,0,6,-6,3,0,-3,3,False,False,False,True,False,True,False,-12,1/120,f_L + f_a/2 - f_b/2 - 3*f_c/2 + f_d/2,False
146,-1,-1,1,-1,-1,1,-1,-1,1,-1,-3,3,-3,0,6,-6,3,0,3,-3,False,False,False,True,True,False,False,-12,1/120,f_L + f_a/2 - f_b/2 - 3*f_c/2 + f_d/2,False
147,-1,-1,1,-1,-1,1,-1,-1,1,1,-3,3,-3,0,6,-6,3,0,3,3,False,False,False,True,True,True,False,-10,1/144,f_L + f_a/2 - f_b/2 - 3*f_c/2 + f_d/2,False
148,-1,-1,1,-1,-1,1,-1,1,-1,-1,-3,3,-3,0,6,-6,3,0,-3,-3,False,False,False,True,False,False,False,-12,1/120,f_L + f_a/2 - f_b/2 - 3*f_c/2 + f_d/2,False
149,-1,-1,1,-1,-1,1,-1,1,-1,1,-3,3,-3,0,6,-6,3,0,-3,3,False,False,False,True,False,True,False,-10,1/144,f_L + f_a/2 - f_b/2 - 3*f_c/2 + f_d/2,False
150,-1,-1,1,-1,-1,1,-1,1,1,-1,-3,3,-3,0,6,-6,3,0,3,-3,False,False,False,True,True,False,False,-10,1/144,f_L + f_a/2 - f_b/2 - 3*f_c/2 + f_d/2,False
151,-1,-1,1,-1,-1,1,-1,1,1,1,-3,3,-3,0,6,-6,3,0,3,3,False,False,False,True,True,True,False,-8,1/180,f_L + f_a/2 - f_b/2 - 3*f_c/2 + f_d/2,False
152,-1,-1,1,-1,-1,1,1,-1,-1,-1,-3,3,-3,0,6,-6,-3,0,-3,-3,False,False,False,True,True,True,False,-10,1/144,f_L + f_a/2 - f_b/2 - 3*f_c/2 + f_d/2,False
153,-1,-1,1,-1,-1,1,1,-1,-1,1,-3,3,-3,0,6,-6,-3,0,-3,3,False,False,False,True,True,False,False,-8,1/180,f_L + f_a/2 - f_b/2 - 3*f_c/2 + f_d/2,False
154,-1,-1,1,-1,-1,1,1,-1,1,-1,-3,3,-3,0,6,-6,-3,0,3,-3,False,False,False,True,False,True,False,-8,1/180,f_L + f_a/2 - f_b/2 - 3*f_c/2 + f_d/2,False
155,-1,-1,1,-1,-1,1,1,-1,1,1,-3,3,-3,0,6,-6,-3,0,3,3,False,False,False,True,False,False,False,-6,1/240,f_L + f_a/2 - f_b/2 - 3*f_c/2 + f_d/2,False
156,-1,-1,1,-1,-1,1,1,1,-1,-1,-3,3,-3,0,6,-6,-3,0,-3,-3,False,False,False,True,True,True,False,-8,1/180,f_L + f_a/2 - f_b/2 - 3*f_c/2 + f_d/2,False
157,-1,-1,1,-1,-1,1,1,1,-1,1,-3,3,-3,0,6,-6,-3,0,-3,3,False,False,False,True,True,False,False,-6,1/240,f_L + f_a/2 - f_b/2 - 3*f_c/2 + f_d/2,False
158,-1,-1,1,-1,-1,1,1,1,1,-1,-3,3,-3,0,6,-6,-3,0,3,-3,False,False,False,True,False,True,False,-6,1/240,f_L + f_a/2 - f_b/2 - 3*f_c/2 + f_d/2,False
159,-1,-1,1,-1,-1,1,1,1,1,1,-3,3,-3,0,6,-6,-3,0,3,3,False,False,False,True,False,False,False,-4,1/360,f_L + f_a/2 - f_b/2 - 3*f_c/2 + f_d/2,False
160,-1,-1,1,-1,1,-1,-1,-1,-1,-1,-3,3,-3,0,-6,6,3,0,-3,-3,False,False,False,True,False,False,False,-14,7/720,f_L + f_a/2 - f_b/2 - 3*f_c/2 + f_d/2,False
161,-1,-1,1,-1,1,-1,-1,-1,-1,1,-3,3,-3,0,-6,6,3,0,-3,3,False,False,False,True,False,True,False,-12,1/120,f_L + f_a/2 - f_b/2 - 3*f_c/2 + f_d/2,False
162,-1,-1,1,-1,1,-1,-1,-1,1,-1,-3,3,-3,0,-6,6,3,0,3,-3,False,False,False,True,True,False,False,-12,1/120,f_L + f_a/2 - f_b/2 - 3*f_c/2 + f_d/2,False
163,-1,-1,1,-1,1,-1,-1,-1,1,1,-3,3,-3,0,-6,6,3,0,3,3,False,False,False,True,True,True,False,-10,1/144,f_L + f_a/2 - f_b/2 - 3*f_c/2 + f_d/2,False
164,-1,-1,1,-1,1,-1,-1,1,-1,-1,-3,3,-3,0,-6,6,3,0,-3,-3,False,False,False,True,False,False,False,-12,1/120,f_L + f_a/2 - f_b/2 - 3*f_c/2 + f_d/2,False
165,-1,-1,1,-1,1,-1,-1,1,-1,1,-3,3,-3,0,-6,6,3,0,-3,3,False,False,False,True,False,True,False,-10,1/144,f_L + f_a/2 - f_b/2 - 3*f_c/2 + f_d/2,False
166,-1,-1,1,-1,1,-1,-1,1,1,-1,-3,3,-3,0,-6,6,3,0,3,-3,False,False,False,True,True,False,False,-10,1/144,f_L + f_a/2 - f_b/2 - 3*f_c/2 + f_d/2,False
167,-1,-1,1,-1,1,-1,-1,1,1,1,-3,3,-3,0,-6,6,3,0,3,3,False,False,False,True,True,True,False,-8,1/180,f_L + f_a/2 - f_b/2 - 3*f_c/2 + f_d/2,False
168,-1,-1,1,-1,1,-1,1,-1,-1,-1,-3,3,-3,0,-6,6,-3,0,-3,-3,False,False,False,True,True,True,False,-10,1/144,f_L + f_a/2 - f_b/2 - 3*f_c/2 + f_d/2,False
169,-1,-1,1,-1,1,-1,1,-1,-1,1,-3,3,-3,0,-6,6,-3,0,-3,3,False,False,False,True,True,False,False,-8,1/180,f_L + f_a/2 - f_b/2 - 3*f_c/2 + f_d/2,False
170,-1,-1,1,-1,1,-1,1,-1,1,-1,-3,3,-3,0,-6,6,-3,0,3,-3,False,False,False,True,False,True,False,-8,1/180,f_L + f_a/2 - f_b/2 - 3*f_c/2 + f_d/2,False
171,-1,-1,1,-1,1,-1,1,-1,1,1,-3,3,-3,0,-6,6,-3,0,3,3,False,False,False,True,False,False,False,-6,1/240,f_L + f_a/2 - f_b/2 - 3*f_c/2 + f_d/2,False
172,-1,-1,1,-1,1,-1,1,1,-1,-1,-3,3,-3,0,-6,6,-3,0,-3,-3,False,False,False,True,True,True,False,-8,1/180,f_L + f_a/2 - f_b/2 - 3*f_c/2 + f_d/2,False
173,-1,-1,1,-1,1,-1,1,1,-1,1,-3,3,-3,0,-6,6,-3,0,-3,3,False,False,False,True,True,False,False,-6,1/240,f_L + f_a/2 - f_b/2 - 3*f_c/2 + f_d/2,False
174,-1,-1,1,-1,1,-1,1,1,1,-1,-3,3,-3,0,-6,6,-3,0,3,-3,False,False,False,True,False,True,False,-6,1/240,f_L + f_a/2 - f_b/2 - 3*f_c/2 + f_d/2,False
175,-1,-1,1,-1,1,-1,1,1,1,1,-3,3,-3,0,-6,6,-3,0,3,3,False,False,False,True,False,False,False,-4,1/360,f_L + f_a/2 - f_b/2 - 3*f_c/2 + f_d/2,False
176,-1,-1,1,-1,1,1,-1,-1,-1,-1,-3,3,-3,0,-6,-6,3,0,-3,-3,False,False,False,True,False,False,False,-10,1/144,f_L + f_a/2 - f_b/2 - 3*f_c/2 + f_d/2,False
177,-1,-1,1,-1,1,1,-1,-1,-1,1,-3,3,-3,0,-6,-6,3,0,-3,3,False,False,False,True,False,True,False,-8,1/180,f_L + f_a/2 - f_b/2 - 3*f_c/2 + f_d/2,False
178,-1,-1,1,-1,1,1,-1,-1,1,-1,-3,3,-3,0,-6,-6,3,0,3,-3,False,False,False,True,True,False,False,-8,1/180,f_L + f_a/2 - f_b/2 - 3*f_c/2 + f_d/2,False
179,-1,-1,1,-1,1,1,-1,-1,1,1,-3,3,-3,0,-6,-6,3,0,3,3,False,False,False,True,True,True,False,-6,1/240,f_L + f_a/2 - f_b/2 - 3*f_c/2 + f_d/2,False
180,-1,-1,1,-1,1,1,-1,1,-1,-1,-3,3,-3,0,-6,-6,3,0,-3,-3,False,False,False,True,False,False,False,-8,1/180,f_L + f_a/2 - f_b/2 - 3*f_c/2 + f_d/2,False
181,-1,-1,1,-1,1,1,-1,1,-1,1,-3,3,-3,0,-6,-6,3,0,-3,3,False,False,False,True,False,True,False,-6,1/240,f_L + f_a/2 - f_b/2 - 3*f_c/2 + f_d/2,False
182,-1,-1,1,-1,1,1,-1,1,1,-1,-3,3,-3,0,-6,-6,3,0,3,-3,False,False,False,True,True,False,False,-6,1/240,f_L + f_a/2 - f_b/2 - 3*f_c/2 + f_d/2,False
183,-1,-1,1,-1,1,1,-1,1,1,1,-3,3,-3,0,-6,-6,3,0,3,3,False,False,False,True,True,True,False,-4,1/360,f_L + f_a/2 - f_b/2 - 3*f_c/2 + f_d/2,False
184,-1,-1,1,-1,1,1,1,-1,-1,-1,-3,3,-3,0,-6,-6,-3,0,-3,-3,False,False,False,True,True,True,False,-6,1/240,f_L + f_a/2 - f_b/2 - 3*f_c/2 + f_d/2,False
185,-1,-1,1,-1,1,1,1,-1,-1,1,-3,3,-3,0,-6,-6,-3,0,-3,3,False,False,False,True,True,False,False,-4,1/360,f_L + f_a/2 - f_b/2 - 3*f_c/2 + f_d/2,False
186,-1,-1,1,-1,1,1,1,-1,1,-1,-3,3,-3,0,-6,-6,-3,0,3,-3,False,False,False,True,False,True,False,-4,1/360,f_L + f_a/2 - f_b/2 - 3*f_c/2 + f_d/2,False
187,-1,-1,1,-1,1,1,1,-1,1,1,-3,3,-3,0,-6,-6,-3,0,3,3,False,False,False,True,False,False,False,-2,1/720,f_L + f_a/2 - f_b/2 - 3*f_c/2 + f_d/2,False
188,-1,-1,1,-1,1,1,1,1,-1,-1,-3,3,-3,0,-6,-6,-3,0,-3,-3,False,False,False,True,True,True,False,-4,1/360,f_L + f_a/2 - f_b/2 - 3*f_c/2 + f_d/2,False
189,-1,-1,1,-1,1,1,1,1,-1,1,-3,3,-3,0,-6,-6,-3,0,-3,3,False,False,False,True,True,False,False,-2,1/720,f_L + f_a/2 - f_b/2 - 3*f_c/2 + f_d/2,False
190,-1,-1,1,-1,1,1,1,1,1,-1,-3,3,-3,0,-6,-6,-3,0,3,-3,False,False,False,True,False,True,False,-2,1/720,f_L + f_a/2 - f_b/2 - 3*f_c/2 + f_d/2,False
191,-1,-1,1,-1,1,1,1,1,1,1,-3,3,-3,0,-6,-6,-3,0,3,3,False,False,False,True,False,False,False,0,0,f_L + f_a/2 - f_b/2 - 3*f_c/2 + f_d/2,False
192,-1,-1,1,1,-1,-1,-1,-1,-1,-1,-3,3,-3,0,6,6,3,0,-3,-3,False,False,False,True,False,False,False,-12,1/120,f_L + f_a/2 - f_b/2 - f_c/2 - f_d/2,False
193,-1,-1,1,1,-1,-1,-1,-1,-1,1,-3,3,-3,0,6,6,3,0,-3,3,False,False,False,True,False,True,False,-10,1/144,f_L + f_a/2 - f_b/2 - f_c/2 - f_d/2,False
194,-1,-1,1,1,-1,-1,-1,-1,1,-1,-3,3,-3,0,6,6,3,0,3,-3,False,False,False,True,True,False,False,-10,1/144,f_L + f_a/2 - f_b/2 - f_c/2 - f_d/2,False
195,-1,-1,1,1,-1,-1,-1,-1,1,1,-3,3,-3,0,6,6,3,0,3,3,False,False,False,True,True,True,False,-8,1/180,f_L + f_a/2 - f_b/2 - f_c/2 - f_d/2,False
196,-1,-1,1,1,-1,-1,-1,1,-1,-1,-3,3,-3,0,6,6,3,0,-3,-3,False,False,False,True,False,False,False,-10,1/144,f_L + f_a/2 - f_b/2 - f_c/2 - f_d/2,False
197,-1,-1,1,1,-1,-1,-1,1,-1,1,-3,3,-3,0,6,6,3,0,-3,3,False,False,False,True,False,True,False,-8,1/180,f_L + f_a/2 - f_b/2 - f_c/2 - f_d/2,False
198,-1,-1,1,1,-1,-1,-1,1,1,-1,-3,3,-3,0,6,6,3,0,3,-3,False,False,False,True,True,False,False,-8,1/180,f_L + f_a/2 - f_b/2 - f_c/2 - f_d/2,False
199,-1,-1,1,1,-1,-1,-1,1,1,1,-3,3,-3,0,6,6,3,0,3,3,False,False,False,True,True,True,False,-6,1/240,f_L + f_a/2 - f_b/2 - f_c/2 - f_d/2,False
200,-1,-1,1,1,-1,-1,1,-1,-1,-1,-3,3,-3,0,6,6,-3,0,-3,-3,False,False,False,True,True,True,False,-8,1/180,f_L + f_a/2 - f_b/2 - f_c/2 - f_d/2,False
201,-1,-1,1,1,-1,-1,1,-1,-1,1,-3,3,-3,0,6,6,-3,0,-3,3,False,False,False,True,True,False,False,-6,1/240,f_L + f_a/2 - f_b/2 - f_c/2 - f_d/2,False
202,-1,-1,1,1,-1,-1,1,-1,1,-1,-3,3,-3,0,6,6,-3,0,3,-3,False,False,False,True,False,True,False,-6,1/240,f_L + f_a/2 - f_b/2 - f_c/2 - f_d/2,False
203,-1,-1,1,1,-1,-1,1,-1,1,1,-3,3,-3,0,6,6,-3,0,3,3,False,False,False,True,False,False,False,-4,1/360,f_L + f_a/2 - f_b/2 - f_c/2 - f_d/2,False
204,-1,-1,1,1,-1,-1,1,1,-1,-1,-3,3,-3,0,6,6,-3,0,-3,-3,False,False,False,True,True,True,False,-6,1/240,f_L + f_a/2 - f_b/2 - f_c/2 - f_d/2,False
205,-1,-1,1,1,-1,-1,1,1,-1,1,-3,3,-3,0,6,6,-3,0,-3,3,False,False,False,True,True,False,False,-4,1/360,f_L + f_a/2 - f_b/2 - f_c/2 - f_d/2,False
206,-1,-1,1,1,-1,-1,1,1,1,-1,-3,3,-3,0,6,6,-3,0,3,-3,False,False,False,True,False,True,False,-4,1/360,f_L + f_a/2 - f_b/2 - f_c/2 - f_d/2,False
207,-1,-1,1,1,-1,-1,1,1,1,1,-3,3,-3,0,6,6,-3,0,3,3,False,False,False,True,False,False,False,-2,1/720,f_L + f_a/2 - f_b/2 - f_c/2 - f_d/2,False
208,-1,-1,1,1,-1,1,-1,-1,-1,-1,-3,3,-3,0,6,-6,3,0,-3,-3,False,False,False,True,False,False,False,-8,1/180,f_L + f_a/2 - f_b/2 - f_c/2 - f_d/2,False
209,-1,-1,1,1,-1,1,-1,-1,-1,1,-3,3,-3,0,6,-6,3,0,-3,3,False,False,False,True,False,True,False,-6,1/240,f_L + f_a/2 - f_b/2 - f_c/2 - f_d/2,False
210,-1,-1,1,1,-1,1,-1,-1,1,-1,-3,3,-3,0,6,-6,3,0,3,-3,False,False,False,True,True,False,False,-6,1/240,f_L + f_a/2 - f_b/2 - f_c/2 - f_d/2,False
211,-1,-1,1,1,-1,1,-1,-1,1,1,-3,3,-3,0,6,-6,3,0,3,3,False,False,False,True,True,True,False,-4,1/360,f_L + f_a/2 - f_b/2 - f_c/2 - f_d/2,False
212,-1,-1,1,1,-1,1,-1,1,-1,-1,-3,3,-3,0,6,-6,3,0,-3,-3,False,False,False,True,False,False,False,-6,1/240,f_L + f_a/2 - f_b/2 - f_c/2 - f_d/2,False
213,-1,-1,1,1,-1,1,-1,1,-1,1,-3,3,-3,0,6,-6,3,0,-3,3,False,False,False,True,False,True,False,-4,1/360,f_L + f_a/2 - f_b/2 - f_c/2 - f_d/2,False
214,-1,-1,1,1,-1,1,-1,1,1,-1,-3,3,-3,0,6,-6,3,0,3,-3,False,False,False,True,True,False,False,-4,1/360,f_L + f_a/2 - f_b/2 - f_c/2 - f_d/2,False
215,-1,-1,1,1,-1,1,-1,1,1,1,-3,3,-3,0,6,-6,3,0,3,3,False,False,False,True,True,True,False,-2,1/720,f_L + f_a/2 - f_b/2 - f_c/2 - f_d/2,False
216,-1,-1,1,1,-1,1,1,-1,-1,-1,-3,3,-3,0,6,-6,-3,0,-3,-3,False,False,False,True,True,True,False,-4,1/360,f_L + f_a/2 - f_b/2 - f_c/2 - f_d/2,False
217,-1,-1,1,1,-1,1,1,-1,-1,1,-3,3,-3,0,6,-6,-3,0,-3,3,False,False,False,True,True,False,False,-2,1/720,f_L + f_a/2 - f_b/2 - f_c/2 - f_d/2,False
218,-1,-1,1,1,-1,1,1,-1,1,-1,-3,3,-3,0,6,-6,-3,0,3,-3,False,False,False,True,False,True,False,-2,1/720,f_L + f_a/2 - f_b/2 - f_c/2 - f_d/2,False
219,-1,-1,1,1,-1,1,1,-1,1,1,-3,3,-3,0,6,-6,-3,0,3,3,False,False,False,True,False,False,False,0,0,f_L + f_a/2 - f_b/2 - f_c/2 - f_d/2,False
220,-1,-1,1,1,-1,1,1,1,-1,-1,-3,3,-3,0,6,-6,-3,0,-3,-3,False,False,False,True,True,True,False,-2,1/720,f_L + f_a/2 - f_b/2 - f_c/2 - f_d/2,False
221,-1,-1,1,1,-1,1,1,1,-1,1,-3,3,-3,0,6,-6,-3,0,-3,3,False,False,False,True,True,False,False,0,0,f_L + f_a/2 - f_b/2 - f_c/2 - f_d/2,False
222,-1,-1,1,1,-1,1,1,1,1,-1,-3,3,-3,0,6,-6,-3,0,3,-3,False,False,False,True,False,True,False,0,0,f_L + f_a/2 - f_b/2 - f_c/2 - f_d/2,False
223,-1,-1,1,1,-1,1,1,1,1,1,-3,3,-3,0,6,-6,-3,0,3,3,False,False,False,True,False,False,False,2,-1/720,f_L + f_a/2 - f_b/2 - f_c/2 - f_d/2,False
224,-1,-1,1,1,1,-1,-1,-1,-1,-1,-3,3,-3,0,-6,6,3,0,-3,-3,False,False,False,True,False,False,False,-8,1/180,f_L + f_a/2 - f_b/2 - f_c/2 - f_d/2,False
225,-1,-1,1,1,1,-1,-1,-1,-1,1,-3,3,-3,0,-6,6,3,0,-3,3,False,False,False,True,False,True,False,-6,1/240,f_L + f_a/2 - f_b/2 - f_c/2 - f_d/2,False
226,-1,-1,1,1,1,-1,-1,-1,1,-1,-3,3,-3,0,-6,6,3,0,3,-3,False,False,False,True,True,False,False,-6,1/240,f_L + f_a/2 - f_b/2 - f_c/2 - f_d/2,False
227,-1,-1,1,1,1,-1,-1,-1,1,1,-3,3,-3,0,-6,6,3,0,3,3,False,False,False,True,True,True,False,-4,1/360,f_L + f_a/2 - f_b/2 - f_c/2 - f_d/2,False
228,-1,-1,1,1,1,-1,-1,1,-1,-1,-3,3,-3,0,-6,6,3,0,-3,-3,False,False,False,True,False,False,False,-6,1/240,f_L + f_a/2 - f_b/2 - f_c/2 - f_d/2,False
229,-1,-1,1,1,1,-1,-1,1,-1,1,-3,3,-3,0,-6,6,3,0,-3,3,False,False,False,True,False,True,False,-4,1/360,f_L + f_a/2 - f_b/2 - f_c/2 - f_d/2,False
230,-1,-1,1,1,1,-1,-1,1,1,-1,-3,3,-3,0,-6,6,3,0,3,-3,False,False,False,True,True,False,False,-4,1/360,f_L + f_a/2 - f_b/2 - f_c/2 - f_d/2,False
231,-1,-1,1,1,1,-1,-1,1,1,1,-3,3,-3,0,-6,6,3,0,3,3,False,False,False,True,True,True,False,-2,1/720,f_L + f_a/2 - f_b/2 - f_c/2 - f_d/2,False
232,-1,-1,1,1,1,-1,1,-1,-1,-1,-3,3,-3,0,-6,6,-3,0,-3,-3,False,False,False,True,True,True,False,-4,1/360,f_L + f_a/2 - f_b/2 - f_c/2 - f_d/2,False
233,-1,-1,1,1,1,-1,1,-1,-1,1,-3,3,-3,0,-6,6,-3,0,-3,3,False,False,False,True,True,False,False,-2,1/720,f_L + f_a/2 - f_b/2 - f_c/2 - f_d/2,False
234,-1,-1,1,1,1,-1,1,-1,1,-1,-3,3,-3,0,-6,6,-3,0,3,-3,False,False,False,True,False,True,False,-2,1/720,f_L + f_a/2 - f_b/2 - f_c/2 - f_d/2,False
235,-1,-1,1,1,1,-1,1,-1,1,1,-3,3,-3,0,-6,6,-3,0,3,3,False,False,False,True,False,False,False,0,0,f_L + f_a/2 - f_b/2 - f_c/2 - f_d/2,False
236,-1,-1,1,1,1,-1,1,1,-1,-1,-3,3,-3,0,-6,6,-3,0,-3,-3,False,False,False,True,True,True,False,-2,1/720,f_L + f_a/2 - f_b/2 - f_c/2 - f_d/2,False
237,-1,-1,1,1,1,-1,1,1,-1,1,-3,3,-3,0,-6,6,-3,0,-3,3,False,False,False,True,True,False,False,0,0,f_L + f_a/2 - f_b/2 - f_c/2 - f_d/2,False
238,-1,-1,1,1,1,-1,1,1,1,-1,-3,3,-3,0,-6,6,-3,0,3,-3,False,False,False,True,False,True,False,0,0,f_L + f_a/2 - f_b/2 - f_c/2 - f_d/2,False
239,-1,-1,1,1,1,-1,1,1,1,1,-3,3,-3,0,-6,6,-3,0,3,3,False,False,False,True,False,False,False,2,-1/720,f_L + f_a/2 - f_b/2 - f_c/2 - f_d/2,False
240,-1,-1,1,1,1,1,-1,-1,-1,-1,-3,3,-3,0,-6,-6,3,0,-3,-3,False,False,False,True,False,False,False,-4,1/360,f_L + f_a/2 - f_b/2 - f_c/2 - f_d/2,False
241,-1,-1,1,1,1,1,-1,-1,-1,1,-3,3,-3,0,-6,-6,3,0,-3,3,False,False,False,True,False,True,False,-2,1/720,f_L + f_a/2 - f_b/2 - f_c/2 - f_d/2,False
242,-1,-1,1,1,1,1,-1,-1,1,-1,-3,3,-3,0,-6,-6,3,0,3,-3,False,False,False,True,True,False,False,-2,1/720,f_L + f_a/2 - f_b/2 - f_c/2 - f_d/2,False
243,-1,-1,1,1,1,1,-1,-1,1,1,-3,3,-3,0,-6,-6,3,0,3,3,False,False,False,True,True,True,False,0,0,f_L + f_a/2 - f_b/2 - f_c/2 - f_d/2,False
244,-1,-1,1,1,1,1,-1,1,-1,-1,-3,3,-3,0,-6,-6,3,0,-3,-3,False,False,False,True,False,False,False,-2,1/720,f_L + f_a/2 - f_b/2 - f_c/2 - f_d/2,False
245,-1,-1,1,1,1,1,-1,1,-1,1,-3,3,-3,0,-6,-6,3,0,-3,3,False,False,False,True,False,True,False,0,0,f_L + f_a/2 - f_b/2 - f_c/2 - f_d/2,False
246,-1,-1,1,1,1,1,-1,1,1,-1,-3,3,-3,0,-6,-6,3,0,3,-3,False,False,False,True,True,False,False,0,0,f_L + f_a/2 - f_b/2 - f_c/2 - f_d/2,False
247,-1,-1,1,1,1,1,-1,1,1,1,-3,3,-3,0,-6,-6,3,0,3,3,False,False,False,True,True,True,False,2,-1/720,f_L + f_a/2 - f_b/2 - f_c/2 - f_d/2,False
248,-1,-1,1,1,1,1,1,-1,-1,-1,-3,3,-3,0,-6,-6,-3,0,-3,-3,False,False,False,True,True,True,False,0,0,f_L + f_a/2 - f_b/2 - f_c/2 - f_d/2,False
249,-1,-1,1,1,1,1,1,-1,-1,1,-3,3,-3,0,-6,-6,-3,0,-3,3,False,False,False,True,True,False,False,2,-1/720,f_L + f_a/2 - f_b/2 - f_c/2 - f_d/2,False
250,-1,-1,1,1,1,1,1,-1,1,-1,-3,3,-3,0,-6,-6,-3,0,3,-3,False,False,False,True,False,True,False,2,-1/720,f_L + f_a/2 - f_b/2 - f_c/2 - f_d/2,False
251,-1,-1,1,1,1,1,1,-1,1,1,-3,3,-3,0,-6,-6,-3,0,3,3,False,False,False,True,False,False,False,4,-1/360,f_L + f_a/2 - f_b/2 - f_c/2 - f_d/2,False
252,-1,-1,1,1,1,1,1,1,-1,-1,-3,3,-3,0,-6,-6,-3,0,-3,-3,False,False,False,True,True,True,False,2,-1/720,f_L + f_a/2 - f_b/2 - f_c/2 - f_d/2,False
253,-1,-1,1,1,1,1,1,1,-1,1,-3,3,-3,0,-6,-6,-3,0,-3,3,False,False,False,True,True,False,False,4,-1/360,f_L + f_a/2 - f_b/2 - f_c/2 - f_d/2,False
254,-1,-1,1,1,1,1,1,1,1,-1,-3,3,-3,0,-6,-6,-3,0,3,-3,False,False,False,True,False,True,False,4,-1/360,f_L + f_a/2 - f_b/2 - f_c/2 - f_d/2,False
255,-1,-1,1,1,1,1,1,1,1,1,-3,3,-3,0,-6,-6,-3,0,3,3,False,False,False,True,False,False,False,6,-1/240,f_L + f_a/2 - f_b/2 - f_c/2 - f_d/2,False
256,-1,1,-1,-1,-1,-1,-1,-1,-1,-1,-3,-3,3,0,6,6,3,0,-3,-3,False,False,True,False,False,False,False,-18,1/80,f_L - f_a/2 + f_b/2 - 3*f_c/2 + f_d/2,False
257,-1,1,-1,-1,-1,-1,-1,-1,-1,1,-3,-3,3,0,6,6,3,0,-3,3,False,False,True,False,False,True,False,-16,1/90,f_L - f_a/2 + f_b/2 - 3*f_c/2 + f_d/2,False
258,-1,1,-1,-1,-1,-1,-1,-1,1,-1,-3,-3,3,0,6,6,3,0,3,-3,False,False,True,False,True,False,False,-16,1/90,f_L - f_a/2 + f_b/2 - 3*f_c/2 + f_d/2,False
259,-1,1,-1,-1,-1,-1,-1,-1,1,1,-3,-3,3,0,6,6,3,0,3,3,False,False,True,False,True,True,False,-14,7/720,f_L - f_a/2 + f_b/2 - 3*f_c/2 + f_d/2,False
260,-1,1,-1,-1,-1,-1,-1,1,-1,-1,-3,-3,3,0,6,6,3,0,-3,-3,False,False,True,False,False,False,False,-16,1/90,f_L - f_a/2 + f_b/2 - 3*f_c/2 + f_d/2,False
261,-1,1,-1,-1,-1,-1,-1,1,-1,1,-3,-3,3,0,6,6,3,0,-3,3,False,False,True,False,False,True,False,-14,7/720,f_L - f_a/2 + f_b/2 - 3*f_c/2 + f_d/2,False
262,-1,1,-1,-1,-1,-1,-1,1,1,-1,-3,-3,3,0,6,6,3,0,3,-3,False,False,True,False,True,False,False,-14,7/720,f_L - f_a/2 + f_b/2 - 3*f_c/2 + f_d/2,False
263,-1,1,-1,-1,-1,-1,-1,1,1,1,-3,-3,3,0,6,6,3,0,3,3,False,False,True,False,True,True,False,-12,1/120,f_L - f_a/2 + f_b/2 - 3*f_c/2 + f_d/2,False
264,-1,1,-1,-1,-1,-1,1,-1,-1,-1,-3,-3,3,0,6,6,-3,0,-3,-3,False,False,True,False,True,True,False,-14,7/720,f_L - f_a/2 + f_b/2 - 3*f_c/2 + f_d/2,False
265,-1,1,-1,-1,-1,-1,1,-1,-1,1,-3,-3,3,0,6,6,-3,0,-3,3,False,False,True,False,True,False,False,-12,1/120,f_L - f_a/2 + f_b/2 - 3*f_c/2 + f_d/2,False
266,-1,1,-1,-1,-1,-1,1,-1,1,-1,-3,-3,3,0,6,6,-3,0,3,-3,False,False,True,False,False,True,False,-12,1/120,f_L - f_a/2 + f_b/2 - 3*f_c/2 + f_d/2,False
267,-1,1,-1,-1,-1,-1,1,-1,1,1,-3,-3,3,0,6,6,-3,0,3,3,False,False,True,False,False,False,False,-10,1/144,f_L - f_a/2 + f_b/2 - 3*f_c/2 + f_d/2,False
268,-1,1,-1,-1,-1,-1,1,1,-1,-1,-3,-3,3,0,6,6,-3,0,-3,-3,False,False,True,False,True,True,False,-12,1/120,f_L - f_a/2 + f_b/2 - 3*f_c/2 + f_d/2,False
269,-1,1,-1,-1,-1,-1,1,1,-1,1,-3,-3,3,0,6,6,-3,0,-3,3,False,False,True,False,True,False,False,-10,1/144,f_L - f_a/2 + f_b/2 - 3*f_c/2 + f_d/2,False
270,-1,1,-1,-1,-1,-1,1,1,1,-1,-3,-3,3,0,6,6,-3,0,3,-3,False,False,True,False,False,True,False,-10,1/144,f_L - f_a/2 + f_b/2 - 3*f_c/2 + f_d/2,False
271,-1,1,-1,-1,-1,-1,1,1,1,1,-3,-3,3,0,6,6,-3,0,3,3,False,False,True,False,False,False,False,-8,1/180,f_L - f_a/2 + f_b/2 - 3*f_c/2 + f_d/2,False
272,-1,1,-1,-1,-1,1,-1,-1,-1,-1,-3,-3,3,0,6,-6,3,0,-3,-3,False,False,True,False,False,False,False,-14,7/720,f_L - f_a/2 + f_b/2 - 3*f_c/2 + f_d/2,False
273,-1,1,-1,-1,-1,1,-1,-1,-1,1,-3,-3,3,0,6,-6,3,0,-3,3,False,False,True,False,False,True,False,-12,1/120,f_L - f_a/2 + f_b/2 - 3*f_c/2 + f_d/2,False
274,-1,1,-1,-1,-1,1,-1,-1,1,-1,-3,-3,3,0,6,-6,3,0,3,-3,False,False,True,False,True,False,False,-12,1/120,f_L - f_a/2 + f_b/2 - 3*f_c/2 + f_d/2,False
275,-1,1,-1,-1,-1,1,-1,-1,1,1,-3,-3,3,0,6,-6,3,0,3,3,False,False,True,False,True,True,False,-10,1/144,f_L - f_a/2 + f_b/2 - 3*f_c/2 + f_d/2,False
276,-1,1,-1,-1,-1,1,-1,1,-1,-1,-3,-3,3,0,6,-6,3,0,-3,-3,False,False,True,False,False,False,False,-12,1/120,f_L - f_a/2 + f_b/2 - 3*f_c/2 + f_d/2,False
277,-1,1,-1,-1,-1,1,-1,1,-1,1,-3,-3,3,0,6,-6,3,0,-3,3,False,False,True,False,False,True,False,-10,1/144,f_L - f_a/2 + f_b/2 - 3*f_c/2 + f_d/2,False
278,-1,1,-1,-1,-1,1,-1,1,1,-1,-3,-3,3,0,6,-6,3,0,3,-3,False,False,True,False,True,False,False,-10,1/144,f_L - f_a/2 + f_b/2 - 3*f_c/2 + f_d/2,False
279,-1,1,-1,-1,-1,1,-1,1,1,1,-3,-3,3,0,6,-6,3,0,3,3,False,False,True,False,True,True,False,-8,1/180,f_L - f_a/2 + f_b/2 - 3*f_c/2 + f_d/2,False
280,-1,1,-1,-1,-1,1,1,-1,-1,-1,-3,-3,3,0,6,-6,-3,0,-3,-3,False,False,True,False,True,True,False,-10,1/144,f_L - f_a/2 + f_b/2 - 3*f_c/2 + f_d/2,False
281,-1,1,-1,-1,-1,1,1,-1,-1,1,-3,-3,3,0,6,-6,-3,0,-3,3,False,False,True,False,True,False,False,-8,1/180,f_L - f_a/2 + f_b/2 - 3*f_c/2 + f_d/2,False
282,-1,1,-1,-1,-1,1,1,-1,1,-1,-3,-3,3,0,6,-6,-3,0,3,-3,False,False,True,False,False,True,False,-8,1/180,f_L - f_a/2 + f_b/2 - 3*f_c/2 + f_d/2,False
283,-1,1,-1,-1,-1,1,1,-1,1,1,-3,-3,3,0,6,-6,-3,0,3,3,False,False,True,False,False,False,False,-6,1/240,f_L - f_a/2 + f_b/2 - 3*f_c/2 + f_d/2,False
284,-1,1,-1,-1,-1,1,1,1,-1,-1,-3,-3,3,0,6,-6,-3,0,-3,-3,False,False,True,False,True,True,False,-8,1/180,f_L - f_a/2 + f_b/2 - 3*f_c/2 + f_d/2,False
285,-1,1,-1,-1,-1,1,1,1,-1,1,-3,-3,3,0,6,-6,-3,0,-3,3,False,False,True,False,True,False,False,-6,1/240,f_L - f_a/2 + f_b/2 - 3*f_c/2 + f_d/2,False
286,-1,1,-1,-1,-1,1,1,1,1,-1,-3,-3,3,0,6,-6,-3,0,3,-3,False,False,True,False,False,True,False,-6,1/240,f_L - f_a/2 + f_b/2 - 3*f_c/2 + f_d/2,False
287,-1,1,-1,-1,-1,1,1,1,1,1,-3,-3,3,0,6,-6,-3,0,3,3,False,False,True,False,False,False,False,-4,1/360,f_L - f_a/2 + f_b/2 - 3*f_c/2 + f_d/2,False
288,-1,1,-1,-1,1,-1,-1,-1,-1,-1,-3,-3,3,0,-6,6,3,0,-3,-3,False,False,True,False,False,False,False,-14,7/720,f_L - f_a/2 + f_b/2 - 3*f_c/2 + f_d/2,False
289,-1,1,-1,-1,1,-1,-1,-1,-1,1,-3,-3,3,0,-6,6,3,0,-3,3,False,False,True,False,False,True,False,-12,1/120,f_L - f_a/2 + f_b/2 - 3*f_c/2 + f_d/2,False
290,-1,1,-1,-1,1,-1,-1,-1,1,-1,-3,-3,3,0,-6,6,3,0,3,-3,False,False,True,False,True,False,False,-12,1/120,f_L - f_a/2 + f_b/2 - 3*f_c/2 + f_d/2,False
291,-1,1,-1,-1,1,-1,-1,-1,1,1,-3,-3,3,0,-6,6,3,0,3,3,False,False,True,False,True,True,False,-10,1/144,f_L - f_a/2 + f_b/2 - 3*f_c/2 + f_d/2,False
292,-1,1,-1,-1,1,-1,-1,1,-1,-1,-3,-3,3,0,-6,6,3,0,-3,-3,False,False,True,False,False,False,False,-12,1/120,f_L - f_a/2 + f_b/2 - 3*f_c/2 + f_d/2,False
293,-1,1,-1,-1,1,-1,-1,1,-1,1,-3,-3,3,0,-6,6,3,0,-3,3,False,False,True,False,False,True,False,-10,1/144,f_L - f_a/2 + f_b/2 - 3*f_c/2 + f_d/2,False
294,-1,1,-1,-1,1,-1,-1,1,1,-1,-3,-3,3,0,-6,6,3,0,3,-3,False,False,True,False,True,False,False,-10,1/144,f_L - f_a/2 + f_b/2 - 3*f_c/2 + f_d/2,False
295,-1,1,-1,-1,1,-1,-1,1,1,1,-3,-3,3,0,-6,6,3,0,3,3,False,False,True,False,True,True,False,-8,1/180,f_L - f_a/2 + f_b/2 - 3*f_c/2 + f_d/2,False
296,-1,1,-1,-1,1,-1,1,-1,-1,-1,-3,-3,3,0,-6,6,-3,0,-3,-3,False,False,True,False,True,True,False,-10,1/144,f_L - f_a/2 + f_b/2 - 3*f_c/2 + f_d/2,False
297,-1,1,-1,-1,1,-1,1,-1,-1,1,-3,-3,3,0,-6,6,-3,0,-3,3,False,False,True,False,True,False,False,-8,1/180,f_L - f_a/2 + f_b/2 - 3*f_c/2 + f_d/2,False
298,-1,1,-1,-1,1,-1,1,-1,1,-1,-3,-3,3,0,-6,6,-3,0,3,-3,False,False,True,False,False,True,False,-8,1/180,f_L - f_a/2 + f_b/2 - 3*f_c/2 + f_d/2,False
299,-1,1,-1,-1,1,-1,1,-1,1,1,-3,-3,3,0,-6,6,-3,0,3,3,False,False,True,False,False,False,False,-6,1/240,f_L - f_a/2 + f_b/2 - 3*f_c/2 + f_d/2,False
300,-1,1,-1,-1,1,-1,1,1,-1,-1,-3,-3,3,0,-6,6,-3,0,-3,-3,False,False,True,False,True,True,False,-8,1/180,f_L - f_a/2 + f_b/2 - 3*f_c/2 + f_d/2,False
301,-1,1,-1,-1,1,-1,1,1,-1,1,-3,-3,3,0,-6,6,-3,0,-3,3,False,False,True,False,True,False,False,-6,1/240,f_L - f_a/2 + f_b/2 - 3*f_c/2 + f_d/2,False
302,-1,1,-1,-1,1,-1,1,1,1,-1,-3,-3,3,0,-6,6,-3,0,3,-3,False,False,True,False,False,True,False,-6,1/240,f_L - f_a/2 + f_b/2 - 3*f_c/2 + f_d/2,False
303,-1,1,-1,-1,1,-1,1,1,1,1,-3,-3,3,0,-6,6,-3,0,3,3,False,False,True,False,False,False,False,-4,1/360,f_L - f_a/2 + f_b/2 - 3*f_c/2 + f_d/2,False
304,-1,1,-1,-1,1,1,-1,-1,-1,-1,-3,-3,3,0,-6,-6,3,0,-3,-3,False,False,True,False,False,False,False,-10,1/144,f_L - f_a/2 + f_b/2 - 3*f_c/2 + f_d/2,False
305,-1,1,-1,-1,1,1,-1,-1,-1,1,-3,-3,3,0,-6,-6,3,0,-3,3,False,False,True,False,False,True,False,-8,1/180,f_L - f_a/2 + f_b/2 - 3*f_c/2 + f_d/2,False
306,-1,1,-1,-1,1,1,-1,-1,1,-1,-3,-3,3,0,-6,-6,3,0,3,-3,False,False,True,False,True,False,False,-8,1/180,f_L - f_a/2 + f_b/2 - 3*f_c/2 + f_d/2,False
307,-1,1,-1,-1,1,1,-1,-1,1,1,-3,-3,3,0,-6,-6,3,0,3,3,False,False,True,False,True,True,False,-6,1/240,f_L - f_a/2 + f_b/2 - 3*f_c/2 + f_d/2,False
308,-1,1,-1,-1,1,1,-1,1,-1,-1,-3,-3,3,0,-6,-6,3,0,-3,-3,False,False,True,False,False,False,False,-8,1/180,f_L - f_a/2 + f_b/2 - 3*f_c/2 + f_d/2,False
309,-1,1,-1,-1,1,1,-1,1,-1,1,-3,-3,3,0,-6,-6,3,0,-3,3,False,False,True,False,False,True,False,-6,1/240,f_L - f_a/2 + f_b/2 - 3*f_c/2 + f_d/2,False
310,-1,1,-1,-1,1,1,-1,1,1,-1,-3,-3,3,0,-6,-6,3,0,3,-3,False,False,True,False,True,False,False,-6,1/240,f_L - f_a/2 + f_b/2 - 3*f_c/2 + f_d/2,False
311,-1,1,-1,-1,1,1,-1,1,1,1,-3,-3,3,0,-6,-6,3,0,3,3,False,False,True,False,True,True,False,-4,1/360,f_L - f_a/2 + f_b/2 - 3*f_c/2 + f_d/2,False
312,-1,1,-1,-1,1,1,1,-1,-1,-1,-3,-3,3,0,-6,-6,-3,0,-3,-3,False,False,True,False,True,True,False,-6,1/240,f_L - f_a/2 + f_b/2 - 3*f_c/2 + f_d/2,False
313,-1,1,-1,-1,1,1,1,-1,-1,1,-3,-3,3,0,-6,-6,-3,0,-3,3,False,False,True,False,True,False,False,-4,1/360,f_L - f_a/2 + f_b/2 - 3*f_c/2 + f_d/2,False
314,-1,1,-1,-1,1,1,1,-1,1,-1,-3,-3,3,0,-6,-6,-3,0,3,-3,False,False,True,False,False,True,False,-4,1/360,f_L - f_a/2 + f_b/2 - 3*f_c/2 + f_d/2,False
315,-1,1,-1,-1,1,1,1,-1,1,1,-3,-3,3,0,-6,-6,-3,0,3,3,False,False,True,False,False,False,False,-2,1/720,f_L - f_a/2 + f_b/2 - 3*f_c/2 + f_d/2,False
316,-1,1,-1,-1,1,1,1,1,-1,-1,-3,-3,3,0,-6,-6,-3,0,-3,-3,False,False,True,False,True,True,False,-4,1/360,f_L - f_a/2 + f_b/2 - 3*f_c/2 + f_d/2,False
317,-1,1,-1,-1,1,1,1,1,-1,1,-3,-3,3,0,-6,-6,-3,0,-3,3,False,False,True,False,True,False,False,-2,1/720,f_L - f_a/2 + f_b/2 - 3*f_c/2 + f_d/2,False
318,-1,1,-1,-1,1,1,1,1,1,-1,-3,-3,3,0,-6,-6,-3,0,3,-3,False,False,True,False,False,True,False,-2,1/720,f_L - f_a/2 + f_b/2 - 3*f_c/2 + f_d/2,False
319,-1,1,-1,-1,1,1,1,1,1,1,-3,-3,3,0,-6,-6,-3,0,3,3,False,False,True,False,False,False,False,0,0,f_L - f_a/2 + f_b/2 - 3*f_c/2 + f_d/2,False
320,-1,1,-1,1,-1,-1,-1,-1,-1,-1,-3,-3,3,0,6,6,3,0,-3,-3,False,False,True,False,False,False,False,-12,1/120,f_L - f_a/2 + f_b/2 - f_c/2 - f_d/2,False
321,-1,1,-1,1,-1,-1,-1,-1,-1,1,-3,-3,3,0,6,6,3,0,-3,3,False,False,True,False,False,True,False,-10,1/144,f_L - f_a/2 + f_b/2 - f_c/2 - f_d/2,False
322,-1,1,-1,1,-1,-1,-1,-1,1,-1,-3,-3,3,0,6,6,3,0,3,-3,False,False,True,False,True,False,False,-10,1/144,f_L - f_a/2 + f_b/2 - f_c/2 - f_d/2,False
323,-1,1,-1,1,-1,-1,-1,-1,1,1,-3,-3,3,0,6,6,3,0,3,3,False,False,True,False,True,True,False,-8,1/180,f_L - f_a/2 + f_b/2 - f_c/2 - f_d/2,False
324,-1,1,-1,1,-1,-1,-1,1,-1,-1,-3,-3,3,0,6,6,3,0,-3,-3,False,False,True,False,False,False,False,-10,1/144,f_L - f_a/2 + f_b/2 - f_c/2 - f_d/2,False
325,-1,1,-1,1,-1,-1,-1,1,-1,1,-3,-3,3,0,6,6,3,0,-3,3,False,False,True,False,False,True,False,-8,1/180,f_L - f_a/2 + f_b/2 - f_c/2 - f_d/2,False
326,-1,1,-1,1,-1,-1,-1,1,1,-1,-3,-3,3,0,6,6,3,0,3,-3,False,False,True,False,True,False,False,-8,1/180,f_L - f_a/2 + f_b/2 - f_c/2 - f_d/2,False
327,-1,1,-1,1,-1,-1,-1,1,1,1,-3,-3,3,0,6,6,3,0,3,3,False,False,True,False,True,True,False,-6,1/240,f_L - f_a/2 + f_b/2 - f_c/2 - f_d/2,False
328,-1,1,-1,1,-1,-1,1,-1,-1,-1,-3,-3,3,0,6,6,-3,0,-3,-3,False,False,True,False,True,True,False,-8,1/180,f_L - f_a/2 + f_b/2 - f_c/2 - f_d/2,False
329,-1,1,-1,1,-1,-1,1,-1,-1,1,-3,-3,3,0,6,6,-3,0,-3,3,False,False,True,False,True,False,False,-6,1/240,f_L - f_a/2 + f_b/2 - f_c/2 - f_d/2,False
330,-1,1,-1,1,-1,-1,1,-1,1,-1,-3,-3,3,0,6,6,-3,0,3,-3,False,False,True,False,False,True,False,-6,1/240,f_L - f_a/2 + f_b/2 - f_c/2 - f_d/2,False
331,-1,1,-1,1,-1,-1,1,-1,1,1,-3,-3,3,0,6,6,-3,0,3,3,False,False,True,False,False,False,False,-4,1/360,f_L - f_a/2 + f_b/2 - f_c/2 - f_d/2,False
332,-1,1,-1,1,-1,-1,1,1,-1,-1,-3,-3,3,0,6,6,-3,0,-3,-3,False,False,True,False,True,True,False,-6,1/240,f_L - f_a/2 + f_b/2 - f_c/2 - f_d/2,False
333,-1,1,-1,1,-1,-1,1,1,-1,1,-3,-3,3,0,6,6,-3,0,-3,3,False,False,True,False,True,False,False,-4,1/360,f_L - f_a/2 + f_b/2 - f_c/2 - f_d/2,False
334,-1,1,-1,1,-1,-1,1,1,1,-1,-3,-3,3,0,6,6,-3,0,3,-3,False,False,True,False,False,True,False,-4,1/360,f_L - f_a/2 + f_b/2 - f_c/2 - f_d/2,False
335,-1,1,-1,1,-1,-1,1,1,1,1,-3,-3,3,0,6,6,-3,0,3,3,False,False,True,False,False,False,False,-2,1/720,f_L - f_a/2 + f_b/2 - f_c/2 - f_d/2,False
336,-1,1,-1,1,-1,1,-1,-1,-1,-1,-3,-3,3,0,6,-6,3,0,-3,-3,False,False,True,False,False,False,False,-8,1/180,f_L - f_a/2 + f_b/2 - f_c/2 - f_d/2,False
337,-1,1,-1,1,-1,1,-1,-1,-1,1,-3,-3,3,0,6,-6,3,0,-3,3,False,False,True,False,False,True,False,-6,1/240,f_L - f_a/2 + f_b/2 - f_c/2 - f_d/2,False
338,-1,1,-1,1,-1,1,-1,-1,1,-1,-3,-3,3,0,6,-6,3,0,3,-3,False,False,True,False,True,False,False,-6,1/240,f_L - f_a/2 + f_b/2 - f_c/2 - f_d/2,False
339,-1,1,-1,1,-1,1,-1,-1,1,1,-3,-3,3,0,6,-6,3,0,3,3,False,False,True,False,True,True,False,-4,1/360,f_L - f_a/2 + f_b/2 - f_c/2 - f_d/2,False
340,-1,1,-1,1,-1,1,-1,1,-1,-1,-3,-3,3,0,6,-6,3,0,-3,-3,False,False,True,False,False,False,False,-6,1/240,f_L - f_a/2 + f_b/2 - f_c/2 - f_d/2,False
341,-1,1,-1,1,-1,1,-1,1,-1,1,-3,-3,3,0,6,-6,3,0,-3,3,False,False,True,False,False,True,False,-4,1/360,f_L - f_a/2 + f_b/2 - f_c/2 - f_d/2,False
342,-1,1,-1,1,-1,1,-1,1,1,-1,-3,-3,3,0,6,-6,3,0,3,-3,False,False,True,False,True,False,False,-4,1/360,f_L - f_a/2 + f_b/2 - f_c/2 - f_d/2,False
343,-1,1,-1,1,-1,1,-1,1,1,1,-3,-3,3,0,6,-6,3,0,3,3,False,False,True,False,True,True,False,-2,1/720,f_L - f_a/2 + f_b/2 - f_c/2 - f_d/2,False
344,-1,1,-1,1,-1,1,1,-1,-1,-1,-3,-3,3,0,6,-6,-3,0,-3,-3,False,False,True,False,True,True,False,-4,1/360,f_L - f_a/2 + f_b/2 - f_c/2 - f_d/2,False
345,-1,1,-1,1,-1,1,1,-1,-1,1,-3,-3,3,0,6,-6,-3,0,-3,3,False,False,True,False,True,False,False,-2,1/720,f_L - f_a/2 + f_b/2 - f_c/2 - f_d/2,False
346,-1,1,-1,1,-1,1,1,-1,1,-1,-3,-3,3,0,6,-6,-3,0,3,-3,False,False,True,False,False,True,False,-2,1/720,f_L - f_a/2 + f_b/2 - f_c/2 - f_d/2,False
347,-1,1,-1,1,-1,1,1,-1,1,1,-3,-3,3,0,6,-6,-3,0,3,3,False,False,True,False,False,False,False,0,0,f_L - f_a/2 + f_b/2 - f_c/2 - f_d/2,False
348,-1,1,-1,1,-1,1,1,1,-1,-1,-3,-3,3,0,6,-6,-3,0,-3,-3,False,False,True,False,True,True,False,-2,1/720,f_L - f_a/2 + f_b/2 - f_c/2 - f_d/2,False
349,-1,1,-1,1,-1,1,1,1,-1,1,-3,-3,3,0,6,-6,-3,0,-3,3,False,False,True,False,True,False,False,0,0,f_L - f_a/2 + f_b/2 - f_c/2 - f_d/2,False
350,-1,1,-1,1,-1,1,1,1,1,-1,-3,-3,3,0,6,-6,-3,0,3,-3,False,False,True,False,False,True,False,0,0,f_L - f_a/2 + f_b/2 - f_c/2 - f_d/2,False
351,-1,1,-1,1,-1,1,1,1,1,1,-3,-3,3,0,6,-6,-3,0,3,3,False,False,True,False,False,False,False,2,-1/720,f_L - f_a/2 + f_b/2 - f_c/2 - f_d/2,False
352,-1,1,-1,1,1,-1,-1,-1,-1,-1,-3,-3,3,0,-6,6,3,0,-3,-3,False,False,True,False,False,False,False,-8,1/180,f_L - f_a/2 + f_b/2 - f_c/2 - f_d/2,False
353,-1,1,-1,1,1,-1,-1,-1,-1,1,-3,-3,3,0,-6,6,3,0,-3,3,False,False,True,False,False,True,False,-6,1/240,f_L - f_a/2 + f_b/2 - f_c/2 - f_d/2,False
354,-1,1,-1,1,1,-1,-1,-1,1,-1,-3,-3,3,0,-6,6,3,0,3,-3,False,False,True,False,True,False,False,-6,1/240,f_L - f_a/2 + f_b/2 - f_c/2 - f_d/2,False
355,-1,1,-1,1,1,-1,-1,-1,1,1,-3,-3,3,0,-6,6,3,0,3,3,False,False,True,False,True,True,False,-4,1/360,f_L - f_a/2 + f_b/2 - f_c/2 - f_d/2,False
356,-1,1,-1,1,1,-1,-1,1,-1,-1,-3,-3,3,0,-6,6,3,0,-3,-3,False,False,True,False,False,False,False,-6,1/240,f_L - f_a/2 + f_b/2 - f_c/2 - f_d/2,False
357,-1,1,-1,1,1,-1,-1,1,-1,1,-3,-3,3,0,-6,6,3,0,-3,3,False,False,True,False,False,True,False,-4,1/360,f_L - f_a/2 + f_b/2 - f_c/2 - f_d/2,False
358,-1,1,-1,1,1,-1,-1,1,1,-1,-3,-3,3,0,-6,6,3,0,3,-3,False,False,True,False,True,False,False,-4,1/360,f_L - f_a/2 + f_b/2 - f_c/2 - f_d/2,False
359,-1,1,-1,1,1,-1,-1,1,1,1,-3,-3,3,0,-6,6,3,0,3,3,False,False,True,False,True,True,False,-2,1/720,f_L - f_a/2 + f_b/2 - f_c/2 - f_d/2,False
360,-1,1,-1,1,1,-1,1,-1,-1,-1,-3,-3,3,0,-6,6,-3,0,-3,-3,False,False,True,False,True,True,False,-4,1/360,f_L - f_a/2 + f_b/2 - f_c/2 - f_d/2,False
361,-1,1,-1,1,1,-1,1,-1,-1,1,-3,-3,3,0,-6,6,-3,0,-3,3,False,False,True,False,True,False,False,-2,1/720,f_L - f_a/2 + f_b/2 - f_c/2 - f_d/2,False
362,-1,1,-1,1,1,-1,1,-1,1,-1,-3,-3,3,0,-6,6,-3,0,3,-3,False,False,True,False,False,True,False,-2,1/720,f_L - f_a/2 + f_b/2 - f_c/2 - f_d/2,False
363,-1,1,-1,1,1,-1,1,-1,1,1,-3,-3,3,0,-6,6,-3,0,3,3,False,False,True,False,False,False,False,0,0,f_L - f_a/2 + f_b/2 - f_c/2 - f_d/2,False
364,-1,1,-1,1,1,-1,1,1,-1,-1,-3,-3,3,0,-6,6,-3,0,-3,-3,False,False,True,False,True,True,False,-2,1/720,f_L - f_a/2 + f_b/2 - f_c/2 - f_d/2,False
365,-1,1,-1,1,1,-1,1,1,-1,1,-3,-3,3,0,-6,6,-3,0,-3,3,False,False,True,False,True,False,False,0,0,f_L - f_a/2 + f_b/2 - f_c/2 - f_d/2,False
366,-1,1,-1,1,1,-1,1,1,1,-1,-3,-3,3,0,-6,6,-3,0,3,-3,False,False,True,False,False,True,False,0,0,f_L - f_a/2 + f_b/2 - f_c/2 - f_d/2,False
367,-1,1,-1,1,1,-1,1,1,1,1,-3,-3,3,0,-6,6,-3,0,3,3,False,False,True,False,False,False,False,2,-1/720,f_L - f_a/2 + f_b/2 - f_c/2 - f_d/2,False
368,-1,1,-1,1,1,1,-1,-1,-1,-1,-3,-3,3,0,-6,-6,3,0,-3,-3,False,False,True,False,False,False,False,-4,1/360,f_L - f_a/2 + f_b/2 - f_c/2 - f_d/2,False
369,-1,1,-1,1,1,1,-1,-1,-1,1,-3,-3,3,0,-6,-6,3,0,-3,3,False,False,True,False,False,True,False,-2,1/720,f_L - f_a/2 + f_b/2 - f_c/2 - f_d/2,False
370,-1,1,-1,1,1,1,-1,-1,1,-1,-3,-3,3,0,-6,-6,3,0,3,-3,False,False,True,False,True,False,False,-2,1/720,f_L - f_a/2 + f_b/2 - f_c/2 - f_d/2,False
371,-1,1,-1,1,1,1,-1,-1,1,1,-3,-3,3,0,-6,-6,3,0,3,3,False,False,True,False,True,True,False,0,0,f_L - f_a/2 + f_b/2 - f_c/2 - f_d/2,False
372,-1,1,-1,1,1,1,-1,1,-1,-1,-3,-3,3,0,-6,-6,3,0,-3,-3,False,False,True,False,False,False,False,-2,1/720,f_L - f_a/2 + f_b/2 - f_c/2 - f_d/2,False
373,-1,1,-1,1,1,1,-1,1,-1,1,-3,-3,3,0,-6,-6,3,0,-3,3,False,False,True,False,False,True,False,0,0,f_L - f_a/2 + f_b/2 - f_c/2 - f_d/2,False
374,-1,1,-1,1,1,1,-1,1,1,-1,-3,-3,3,0,-6,-6,3,0,3,-3,False,False,True,False,True,False,False,0,0,f_L - f_a/2 + f_b/2 - f_c/2 - f_d/2,False
375,-1,1,-1,1,1,1,-1,1,1,1,-3,-3,3,0,-6,-6,3,0,3,3,False,False,True,False,True,True,False,2,-1/720,f_L - f_a/2 + f_b/2 - f_c/2 - f_d/2,False
376,-1,1,-1,1,1,1,1,-1,-1,-1,-3,-3,3,0,-6,-6,-3,0,-3,-3,False,False,True,False,True,True,False,0,0,f_L - f_a/2 + f_b/2 - f_c/2 - f_d/2,False
377,-1,1,-1,1,1,1,1,-1,-1,1,-3,-3,3,0,-6,-6,-3,0,-3,3,False,False,True,False,True,False,False,2,-1/720,f_L - f_a/2 + f_b/2 - f_c/2 - f_d/2,False
378,-1,1,-1,1,1,1,1,-1,1,-1,-3,-3,3,0,-6,-6,-3,0,3,-3,False,False,True,False,False,True,False,2,-1/720,f_L - f_a/2 + f_b/2 - f_c/2 - f_d/2,False
379,-1,1,-1,1,1,1,1,-1,1,1,-3,-3,3,0,-6,-6,-3,0,3,3,False,False,True,False,False,False,False,4,-1/360,f_L - f_a/2 + f_b/2 - f_c/2 - f_d/2,False
380,-1,1,-1,1,1,1,1,1,-1,-1,-3,-3,3,0,-6,-6,-3,0,-3,-3,False,False,True,False,True,True,False,2,-1/720,f_L - f_a/2 + f_b/2 - f_c/2 - f_d/2,False
381,-1,1,-1,1,1,1,1,1,-1,1,-3,-3,3,0,-6,-6,-3,0,-3,3,False,False,True,False,True,False,False,4,-1/360,f_L - f_a/2 + f_b/2 - f_c/2 - f_d/2,False
382,-1,1,-1,1,1,1,1,1,1,-1,-3,-3,3,0,-6,-6,-3,0,3,-3,False,False,True,False,False,True,False,4,-1/360,f_L - f_a/2 + f_b/2 - f_c/2 - f_d/2,False
383,-1,1,-1,1,1,1,1,1,1,1,-3,-3,3,0,-6,-6,-3,0,3,3,False,False,True,False,False,False,False,6,-1/240,f_L - f_a/2 + f_b/2 - f_c/2 - f_d/2,False
384,-1,1,1,-1,-1,-1,-1,-1,-1,-1,-3,-3,-3,0,6,6,3,0,-3,-3,False,False,True,True,False,False,False,-12,1/120,f_L - f_a/2 - f_b/2 - f_c/2 + f_d/2,False
385,-1,1,1,-1,-1,-1,-1,-1,-1,1,-3,-3,-3,0,6,6,3,0,-3,3,False,False,True,True,False,True,False,-10,1/144,f_L - f_a/2 - f_b/2 - f_c/2 + f_d/2,False
386,-1,1,1,-1,-1,-1,-1,-1,1,-1,-3,-3,-3,0,6,6,3,0,3,-3,False,False,True,True,True,False,False,-10,1/144,f_L - f_a/2 - f_b/2 - f_c/2 + f_d/2,False
387,-1,1,1,-1,-1,-1,-1,-1,1,1,-3,-3,-3,0,6,6,3,0,3,3,False,False,True,True,True,True,True,-8,1/180,f_L - f_a/2 - f_b/2 - f_c/2 + f_d/2,False
388,-1,1,1,-1,-1,-1,-1,1,-1,-1,-3,-3,-3,0,6,6,3,0,-3,-3,False,False,True,True,False,False,False,-10,1/144,f_L - f_a/2 - f_b/2 - f_c/2 + f_d/2,False
389,-1,1,1,-1,-1,-1,-1,1,-1,1,-3,-3,-3,0,6,6,3,0,-3,3,False,False,True,True,False,True,False,-8,1/180,f_L - f_a/2 - f_b/2 - f_c/2 + f_d/2,False
390,-1,1,1,-1,-1,-1,-1,1,1,-1,-3,-3,-3,0,6,6,3,0,3,-3,False,False,True,True,True,False,False,-8,1/180,f_L - f_a/2 - f_b/2 - f_c/2 + f_d/2,False
391,-1,1,1,-1,-1,-1,-1,1,1,1,-3,-3,-3,0,6,6,3,0,3,3,False,False,True,True,True,True,True,-6,1/240,f_L - f_a/2 - f_b/2 - f_c/2 + f_d/2,False
392,-1,1,1,-1,-1,-1,1,-1,-1,-1,-3,-3,-3,0,6,6,-3,0,-3,-3,False,False,True,True,True,True,True,-8,1/180,f_L - f_a/2 - f_b/2 - f_c/2 + f_d/2,False
393,-1,1,1,-1,-1,-1,1,-1,-1,1,-3,-3,-3,0,6,6,-3,0,-3,3,False,False,True,True,True,False,False,-6,1/240,f_L - f_a/2 - f_b/2 - f_c/2 + f_d/2,False
394,-1,1,1,-1,-1,-1,1,-1,1,-1,-3,-3,-3,0,6,6,-3,0,3,-3,False,False,True,True,False,True,False,-6,1/240,f_L - f_a/2 - f_b/2 - f_c/2 + f_d/2,False
395,-1,1,1,-1,-1,-1,1,-1,1,1,-3,-3,-3,0,6,6,-3,0,3,3,False,False,True,True,False,False,False,-4,1/360,f_L - f_a/2 - f_b/2 - f_c/2 + f_d/2,False
396,-1,1,1,-1,-1,-1,1,1,-1,-1,-3,-3,-3,0,6,6,-3,0,-3,-3,False,False,True,True,True,True,True,-6,1/240,f_L - f_a/2 - f_b/2 - f_c/2 + f_d/2,False
397,-1,1,1,-1,-1,-1,1,1,-1,1,-3,-3,-3,0,6,6,-3,0,-3,3,False,False,True,True,True,False,False,-4,1/360,f_L - f_a/2 - f_b/2 - f_c/2 + f_d/2,False
398,-1,1,1,-1,-1,-1,1,1,1,-1,-3,-3,-3,0,6,6,-3,0,3,-3,False,False,True,True,False,True,False,-4,1/360,f_L - f_a/2 - f_b/2 - f_c/2 + f_d/2,False
399,-1,1,1,-1,-1,-1,1,1,1,1,-3,-3,-3,0,6,6,-3,0,3,3,False,False,True,True,False,False,False,-2,1/720,f_L - f_a/2 - f_b/2 - f_c/2 + f_d/2,False
400,-1,1,1,-1,-1,1,-1,-1,-1,-1,-3,-3,-3,0,6,-6,3,0,-3,-3,False,False,True,True,False,False,False,-8,1/180,f_L - f_a/2 - f_b/2 - f_c/2 + f_d/2,False
401,-1,1,1,-1,-1,1,-1,-1,-1,1,-3,-3,-3,0,6,-6,3,0,-3,3,False,False,True,True,False,True,False,-6,1/240,f_L - f_a/2 - f_b/2 - f_c/2 + f_d/2,False
402,-1,1,1,-1,-1,1,-1,-1,1,-1,-3,-3,-3,0,6,-6,3,0,3,-3,False,False,True,True,True,False,False,-6,1/240,f_L - f_a/2 - f_b/2 - f_c/2 + f_d/2,False
403,-1,1,1,-1,-1,1,-1,-1,1,1,-3,-3,-3,0,6,-6,3,0,3,3,False,False,True,True,True,True,True,-4,1/360,f_L - f_a/2 - f_b/2 - f_c/2 + f_d/2,False
404,-1,1,1,-1,-1,1,-1,1,-1,-1,-3,-3,-3,0,6,-6,3,0,-3,-3,False,False,True,True,False,False,False,-6,1/240,f_L - f_a/2 - f_b/2 - f_c/2 + f_d/2,False
405,-1,1,1,-1,-1,1,-1,1,-1,1,-3,-3,-3,0,6,-6,3,0,-3,3,False,False,True,True,False,True,False,-4,1/360,f_L - f_a/2 - f_b/2 - f_c/2 + f_d/2,False
406,-1,1,1,-1,-1,1,-1,1,1,-1,-3,-3,-3,0,6,-6,3,0,3,-3,False,False,True,True,True,False,False,-4,1/360,f_L - f_a/2 - f_b/2 - f_c/2 + f_d/2,False
407,-1,1,1,-1,-1,1,-1,1,1,1,-3,-3,-3,0,6,-6,3,0,3,3,False,False,True,True,True,True,True,-2,1/720,f_L - f_a/2 - f_b/2 - f_c/2 + f_d/2,False
408,-1,1,1,-1,-1,1,1,-1,-1,-1,-3,-3,-3,0,6,-6,-3,0,-3,-3,False,False,True,True,True,True,True,-4,1/360,f_L - f_a/2 - f_b/2 - f_c/2 + f_d/2,False
409,-1,1,1,-1,-1,1,1,-1,-1,1,-3,-3,-3,0,6,-6,-3,0,-3,3,False,False,True,True,True,False,False,-2,1/720,f_L - f_a/2 - f_b/2 - f_c/2 + f_d/2,False
410,-1,1,1,-1,-1,1,1,-1,1,-1,-3,-3,-3,0,6,-6,-3,0,3,-3,False,False,True,True,False,True,False,-2,1/720,f_L - f_a/2 - f_b/2 - f_c/2 + f_d/2,False
411,-1,1,1,-1,-1,1,1,-1,1,1,-3,-3,-3,0,6,-6,-3,0,3,3,False,False,True,True,False,False,False,0,0,f_L - f_a/2 - f_b/2 - f_c/2 + f_d/2,False
412,-1,1,1,-1,-1,1,1,1,-1,-1,-3,-3,-3,0,6,-6,-3,0,-3,-3,False,False,True,True,True,True,True,-2,1/720,f_L - f_a/2 - f_b/2 - f_c/2 + f_d/2,False
413,-1,1,1,-1,-1,1,1,1,-1,1,-3,-3,-3,0,6,-6,-3,0,-3,3,False,False,True,True,True,False,False,0,0,f_L - f_a/2 - f_b/2 - f_c/2 + f_d/2,False
414,-1,1,1,-1,-1,1,1,1,1,-1,-3,-3,-3,0,6,-6,-3,0,3,-3,False,False,True,True,False,True,False,0,0,f_L - f_a/2 - f_b/2 - f_c/2 + f_d/2,False
415,-1,1,1,-1,-1,1,1,1,1,1,-3,-3,-3,0,6,-6,-3,0,3,3,False,False,True,True,False,False,False,2,-1/720,f_L - f_a/2 - f_b/2 - f_c/2 + f_d/2,False
416,-1,1,1,-1,1,-1,-1,-1,-1,-1,-3,-3,-3,0,-6,6,3,0,-3,-3,False,False,True,True,False,False,False,-8,1/180,f_L - f_a/2 - f_b/2 - f_c/2 + f_d/2,False
417,-1,1,1,-1,1,-1,-1,-1,-1,1,-3,-3,-3,0,-6,6,3,0,-3,3,False,False,True,True,False,True,False,-6,1/240,f_L - f_a/2 - f_b/2 - f_c/2 + f_d/2,False
418,-1,1,1,-1,1,-1,-1,-1,1,-1,-3,-3,-3,0,-6,6,3,0,3,-3,False,False,True,True,True,False,False,-6,1/240,f_L - f_a/2 - f_b/2 - f_c/2 + f_d/2,False
419,-1,1,1,-1,1,-1,-1,-1,1,1,-3,-3,-3,0,-6,6,3,0,3,3,False,False,True,True,True,True,True,-4,1/360,f_L - f_a/2 - f_b/2 - f_c/2 + f_d/2,False
420,-1,1,1,-1,1,-1,-1,1,-1,-1,-3,-3,-3,0,-6,6,3,0,-3,-3,False,False,True,True,False,False,False,-6,1/240,f_L - f_a/2 - f_b/2 - f_c/2 + f_d/2,False
421,-1,1,1,-1,1,-1,-1,1,-1,1,-3,-3,-3,0,-6,6,3,0,-3,3,False,False,True,True,False,True,False,-4,1/360,f_L - f_a/2 - f_b/2 - f_c/2 + f_d/2,False
422,-1,1,1,-1,1,-1,-1,1,1,-1,-3,-3,-3,0,-6,6,3,0,3,-3,False,False,True,True,True,False,False,-4,1/360,f_L - f_a/2 - f_b/2 - f_c/2 + f_d/2,False
423,-1,1,1,-1,1,-1,-1,1,1,1,-3,-3,-3,0,-6,6,3,0,3,3,False,False,True,True,True,True,True,-2,1/720,f_L - f_a/2 - f_b/2 - f_c/2 + f_d/2,False
424,-1,1,1,-1,1,-1,1,-1,-1,-1,-3,-3,-3,0,-6,6,-3,0,-3,-3,False,False,True,True,True,True,True,-4,1/360,f_L - f_a/2 - f_b/2 - f_c/2 + f_d/2,False
425,-1,1,1,-1,1,-1,1,-1,-1,1,-3,-3,-3,0,-6,6,-3,0,-3,3,False,False,True,True,True,False,False,-2,1/720,f_L - f_a/2 - f_b/2 - f_c/2 + f_d/2,False
426,-1,1,1,-1,1,-1,1,-1,1,-1,-3,-3,-3,0,-6,6,-3,0,3,-3,False,False,True,True,False,True,False,-2,1/720,f_L - f_a/2 - f_b/2 - f_c/2 + f_d/2,False
427,-1,1,1,-1,1,-1,1,-1,1,1,-3,-3,-3,0,-6,6,-3,0,3,3,False,False,True,True,False,False,False,0,0,f_L - f_a/2 - f_b/2 - f_c/2 + f_d/2,False
428,-1,1,1,-1,1,-1,1,1,-1,-1,-3,-3,-3,0,-6,6,-3,0,-3,-3,False,False,True,True,True,True,True,-2,1/720,f_L - f_a/2 - f_b/2 - f_c/2 + f_d/2,False
429,-1,1,1,-1,1,-1,1,1,-1,1,-3,-3,-3,0,-6,6,-3,0,-3,3,False,False,True,True,True,False,False,0,0,f_L - f_a/2 - f_b/2 - f_c/2 + f_d/2,False
430,-1,1,1,-1,1,-1,1,1,1,-1,-3,-3,-3,0,-6,6,-3,0,3,-3,False,False,True,True,False,True,False,0,0,f_L - f_a/2 - f_b/2 - f_c/2 + f_d/2,False
431,-1,1,1,-1,1,-1,1,1,1,1,-3,-3,-3,0,-6,6,-3,0,3,3,False,False,True,True,False,False,False,2,-1/720,f_L - f_a/2 - f_b/2 - f_c/2 + f_d/2,False
432,-1,1,1,-1,1,1,-1,-1,-1,-1,-3,-3,-3,0,-6,-6,3,0,-3,-3,False,False,True,True,False,False,False,-4,1/360,f_L - f_a/2 - f_b/2 - f_c/2 + f_d/2,False
433,-1,1,1,-1,1,1,-1,-1,-1,1,-3,-3,-3,0,-6,-6,3,0,-3,3,False,False,True,True,False,True,False,-2,1/720,f_L - f_a/2 - f_b/2 - f_c/2 + f_d/2,False
434,-1,1,1,-1,1,1,-1,-1,1,-1,-3,-3,-3,0,-6,-6,3,0,3,-3,False,False,True,True,True,False,False,-2,1/720,f_L - f_a/2 - f_b/2 - f_c/2 + f_d/2,False
435,-1,1,1,-1,1,1,-1,-1,1,1,-3,-3,-3,0,-6,-6,3,0,3,3,False,False,True,True,True,True,True,0,0,f_L - f_a/2 - f_b/2 - f_c/2 + f_d/2,False
436,-1,1,1,-1,1,1,-1,1,-1,-1,-3,-3,-3,0,-6,-6,3,0,-3,-3,False,False,True,True,False,False,False,-2,1/720,f_L - f_a/2 - f_b/2 - f_c/2 + f_d/2,False
437,-1,1,1,-1,1,1,-1,1,-1,1,-3,-3,-3,0,-6,-6,3,0,-3,3,False,False,True,True,False,True,False,0,0,f_L - f_a/2 - f_b/2 - f_c/2 + f_d/2,False
438,-1,1,1,-1,1,1,-1,1,1,-1,-3,-3,-3,0,-6,-6,3,0,3,-3,False,False,True,True,True,False,False,0,0,f_L - f_a/2 - f_b/2 - f_c/2 + f_d/2,False
439,-1,1,1,-1,1,1,-1,1,1,1,-3,-3,-3,0,-6,-6,3,0,3,3,False,False,True,True,True,True,True,2,-1/720,f_L - f_a/2 - f_b/2 - f_c/2 + f_d/2,False
440,-1,1,1,-1,1,1,1,-1,-1,-1,-3,-3,-3,0,-6,-6,-3,0,-3,-3,False,False,True,True,True,True,True,0,0,f_L - f_a/2 - f_b/2 - f_c/2 + f_d/2,False
441,-1,1,1,-1,1,1,1,-1,-1,1,-3,-3,-3,0,-6,-6,-3,0,-3,3,False,False,True,True,True,False,False,2,-1/720,f_L - f_a/2 - f_b/2 - f_c/2 + f_d/2,False
442,-1,1,1,-1,1,1,1,-1,1,-1,-3,-3,-3,0,-6,-6,-3,0,3,-3,False,False,True,True,False,True,False,2,-1/720,f_L - f_a/2 - f_b/2 - f_c/2 + f_d/2,False
443,-1,1,1,-1,1,1,1,-1,1,1,-3,-3,-3,0,-6,-6,-3,0,3,3,False,False,True,True,False,False,False,4,-1/360,f_L - f_a/2 - f_b/2 - f_c/2 + f_d/2,False
444,-1,1,1,-1,1,1,1,1,-1,-1,-3,-3,-3,0,-6,-6,-3,0,-3,-3,False,False,True,True,True,True,True,2,-1/720,f_L - f_a/2 - f_b/2 - f_c/2 + f_d/2,False
445,-1,1,1,-1,1,1,1,1,-1,1,-3,-3,-3,0,-6,-6,-3,0,-3,3,False,False,True,True,True,False,False,4,-1/360,f_L - f_a/2 - f_b/2 - f_c/2 + f_d/2,False
446,-1,1,1,-1,1,1,1,1,1,-1,-3,-3,-3,0,-6,-6,-3,0,3,-3,False,False,True,True,False,True,False,4,-1/360,f_L - f_a/2 - f_b/2 - f_c/2 + f_d/2,False
447,-1,1,1,-1,1,1,1,1,1,1,-3,-3,-3,0,-6,-6,-3,0,3,3,False,False,True,True,False,False,False,6,-1/240,f_L - f_a/2 - f_b/2 - f_c/2 + f_d/2,False
448,-1,1,1,1,-1,-1,-1,-1,-1,-1,-3,-3,-3,0,6,6,3,0,-3,-3,False,False,True,True,False,False,False,-6,1/240,f_L - f_a/2 - f_b/2 + f_c/2 - f_d/2,False
449,-1,1,1,1,-1,-1,-1,-1,-1,1,-3,-3,-3,0,6,6,3,0,-3,3,False,False,True,True,False,True,False,-4,1/360,f_L - f_a/2 - f_b/2 + f_c/2 - f_d/2,False
450,-1,1,1,1,-1,-1,-1,-1,1,-1,-3,-3,-3,0,6,6,3,0,3,-3,False,False,True,True,True,False,False,-4,1/360,f_L - f_a/2 - f_b/2 + f_c/2 - f_d/2,False
451,-1,1,1,1,-1,-1,-1,-1,1,1,-3,-3,-3,0,6,6,3,0,3,3,False,False,True,True,True,True,True,-2,1/720,f_L - f_a/2 - f_b/2 + f_c/2 - f_d/2,False
452,-1,1,1,1,-1,-1,-1,1,-1,-1,-3,-3,-3,0,6,6,3,0,-3,-3,False,False,True,True,False,False,False,-4,1/360,f_L - f_a/2 - f_b/2 + f_c/2 - f_d/2,False
453,-1,1,1,1,-1,-1,-1,1,-1,1,-3,-3,-3,0,6,6,3,0,-3,3,False,False,True,True,False,True,False,-2,1/720,f_L - f_a/2 - f_b/2 + f_c/2 - f_d/2,False
454,-1,1,1,1,-1,-1,-1,1,1,-1,-3,-3,-3,0,6,6,3,0,3,-3,False,False,True,True,True,False,False,-2,1/720,f_L - f_a/2 - f_b/2 + f_c/2 - f_d/2,False
455,-1,1,1,1,-1,-1,-1,1,1,1,-3,-3,-3,0,6,6,3,0,3,3,False,False,True,True,True,True,True,0,0,f_L - f_a/2 - f_b/2 + f_c/2 - f_d/2,False
456,-1,1,1,1,-1,-1,1,-1,-1,-1,-3,-3,-3,0,6,6,-3,0,-3,-3,False,False,True,True,True,True,True,-2,1/720,f_L - f_a/2 - f_b/2 + f_c/2 - f_d/2,False
457,-1,1,1,1,-1,-1,1,-1,-1,1,-3,-3,-3,0,6,6,-3,0,-3,3,False,False,True,True,True,False,False,0,0,f_L - f_a/2 - f_b/2 + f_c/2 - f_d/2,False
458,-1,1,1,1,-1,-1,1,-1,1,-1,-3,-3,-3,0,6,6,-3,0,3,-3,False,False,True,True,False,True,False,0,0,f_L - f_a/2 - f_b/2 + f_c/2 - f_d/2,False
459,-1,1,1,1,-1,-1,1,-1,1,1,-3,-3,-3,0,6,6,-3,0,3,3,False,False,True,True,False,False,False,2,-1/720,f_L - f_a/2 - f_b/2 + f_c/2 - f_d/2,False
460,-1,1,1,1,-1,-1,1,1,-1,-1,-3,-3,-3,0,6,6,-3,0,-3,-3,False,False,True,True,True,True,True,0,0,f_L - f_a/2 - f_b/2 + f_c/2 - f_d/2,False
461,-1,1,1,1,-1,-1,1,1,-1,1,-3,-3,-3,0,6,6,-3,0,-3,3,False,False,True,True,True,False,False,2,-1/720,f_L - f_a/2 - f_b/2 + f_c/2 - f_d/2,False
462,-1,1,1,1,-1,-1,1,1,1,-1,-3,-3,-3,0,6,6,-3,0,3,-3,False,False,True,True,False,True,False,2,-1/720,f_L - f_a/2 - f_b/2 + f_c/2 - f_d/2,False
463,-1,1,1,1,-1,-1,1,1,1,1,-3,-3,-3,0,6,6,-3,0,3,3,False,False,True,True,False,False,False,4,-1/360,f_L - f_a/2 - f_b/2 + f_c/2 - f_d/2,False
464,-1,1,1,1,-1,1,-1,-1,-1,-1,-3,-3,-3,0,6,-6,3,0,-3,-3,False,False,True,True,False,False,False,-2,1/720,f_L - f_a/2 - f_b/2 + f_c/2 - f_d/2,False
465,-1,1,1,1,-1,1,-1,-1,-1,1,-3,-3,-3,0,6,-6,3,0,-3,3,False,False,True,True,False,True,False,0,0,f_L - f_a/2 - f_b/2 + f_c/2 - f_d/2,False
466,-1,1,1,1,-1,1,-1,-1,1,-1,-3,-3,-3,0,6,-6,3,0,3,-3,False,False,True,True,True,False,False,0,0,f_L - f_a/2 - f_b/2 + f_c/2 - f_d/2,False
467,-1,1,1,1,-1,1,-1,-1,1,1,-3,-3,-3,0,6,-6,3,0,3,3,False,False,True,True,True,True,True,2,-1/720,f_L - f_a/2 - f_b/2 + f_c/2 - f_d/2,False
468,-1,1,1,1,-1,1,-1,1,-1,-1,-3,-3,-3,0,6,-6,3,0,-3,-3,False,False,True,True,False,False,False,0,0,f_L - f_a/2 - f_b/2 + f_c/2 - f_d/2,False
469,-1,1,1,1,-1,1,-1,1,-1,1,-3,-3,-3,0,6,-6,3,0,-3,3,False,False,True,True,False,True,False,2,-1/720,f_L - f_a/2 - f_b/2 + f_c/2 - f_d/2,False
470,-1,1,1,1,-1,1,-1,1,1,-1,-3,-3,-3,0,6,-6,3,0,3,-3,False,False,True,True,True,False,False,2,-1/720,f_L - f_a/2 - f_b/2 + f_c/2 - f_d/2,False
471,-1,1,1,1,-1,1,-1,1,1,1,-3,-3,-3,0,6,-6,3,0,3,3,False,False,True,True,True,True,True,4,-1/360,f_L - f_a/2 - f_b/2 + f_c/2 - f_d/2,False
472,-1,1,1,1,-1,1,1,-1,-1,-1,-3,-3,-3,0,6,-6,-3,0,-3,-3,False,False,True,True,True,True,True,2,-1/720,f_L - f_a/2 - f_b/2 + f_c/2 - f_d/2,False
473,-1,1,1,1,-1,1,1,-1,-1,1,-3,-3,-3,0,6,-6,-3,0,-3,3,False,False,True,True,True,False,False,4,-1/360,f_L - f_a/2 - f_b/2 + f_c/2 - f_d/2,False
474,-1,1,1,1,-1,1,1,-1,1,-1,-3,-3,-3,0,6,-6,-3,0,3,-3,False,False,True,True,False,True,False,4,-1/360,f_L - f_a/2 - f_b/2 + f_c/2 - f_d/2,False
475,-1,1,1,1,-1,1,1,-1,1,1,-3,-3,-3,0,6,-6,-3,0,3,3,False,False,True,True,False,False,False,6,-1/240,f_L - f_a/2 - f_b/2 + f_c/2 - f_d/2,False
476,-1,1,1,1,-1,1,1,1,-1,-1,-3,-3,-3,0,6,-6,-3,0,-3,-3,False,False,True,True,True,True,True,4,-1/360,f_L - f_a/2 - f_b/2 + f_c/2 - f_d/2,False
477,-1,1,1,1,-1,1,1,1,-1,1,-3,-3,-3,0,6,-6,-3,0,-3,3,False,False,True,True,True,False,False,6,-1/240,f_L - f_a/2 - f_b/2 + f_c/2 - f_d/2,False
478,-1,1,1,1,-1,1,1,1,1,-1,-3,-3,-3,0,6,-6,-3,0,3,-3,False,False,True,True,False,True,False,6,-1/240,f_L - f_a/2 - f_b/2 + f_c/2 - f_d/2,False
479,-1,1,1,1,-1,1,1,1,1,1,-3,-3,-3,0,6,-6,-3,0,3,3,False,False,True,True,False,False,False,8,-1/180,f_L - f_a/2 - f_b/2 + f_c/2 - f_d/2,False
480,-1,1,1,1,1,-1,-1,-1,-1,-1,-3,-3,-3,0,-6,6,3,0,-3,-3,False,False,True,True,False,False,False,-2,1/720,f_L - f_a/2 - f_b/2 + f_c/2 - f_d/2,False
481,-1,1,1,1,1,-1,-1,-1,-1,1,-3,-3,-3,0,-6,6,3,0,-3,3,False,False,True,True,False,True,False,0,0,f_L - f_a/2 - f_b/2 + f_c/2 - f_d/2,False
482,-1,1,1,1,1,-1,-1,-1,1,-1,-3,-3,-3,0,-6,6,3,0,3,-3,False,False,True,True,True,False,False,0,0,f_L - f_a/2 - f_b/2 + f_c/2 - f_d/2,False
483,-1,1,1,1,1,-1,-1,-1,1,1,-3,-3,-3,0,-6,6,3,0,3,3,False,False,True,True,True,True,True,2,-1/720,f_L - f_a/2 - f_b/2 + f_c/2 - f_d/2,False
484,-1,1,1,1,1,-1,-1,1,-1,-1,-3,-3,-3,0,-6,6,3,0,-3,-3,False,False,True,True,False,False,False,0,0,f_L - f_a/2 - f_b/2 + f_c/2 - f_d/2,False
485,-1,1,1,1,1,-1,-1,1,-1,1,-3,-3,-3,0,-6,6,3,0,-3,3,False,False,True,True,False,True,False,2,-1/720,f_L - f_a/2 - f_b/2 + f_c/2 - f_d/2,False
486,-1,1,1,1,1,-1,-1,1,1,-1,-3,-3,-3,0,-6,6,3,0,3,-3,False,False,True,True,True,False,False,2,-1/720,f_L - f_a/2 - f_b/2 + f_c/2 - f_d/2,False
487,-1,1,1,1,1,-1,-1,1,1,1,-3,-3,-3,0,-6,6,3,0,3,3,False,False,True,True,True,True,True,4,-1/360,f_L - f_a/2 - f_b/2 + f_c/2 - f_d/2,False
488,-1,1,1,1,1,-1,1,-1,-1,-1,-3,-3,-3,0,-6,6,-3,0,-3,-3,False,False,True,True,True,True,True,2,-1/720,f_L - f_a/2 - f_b/2 + f_c/2 - f_d/2,False
489,-1,1,1,1,1,-1,1,-1,-1,1,-3,-3,-3,0,-6,6,-3,0,-3,3,False,False,True,True,True,False,False,4,-1/360,f_L - f_a/2 - f_b/2 + f_c/2 - f_d/2,False
490,-1,1,1,1,1,-1,1,-1,1,-1,-3,-3,-3,0,-6,6,-3,0,3,-3,False,False,True,True,False,True,False,4,-1/360,f_L - f_a/2 - f_b/2 + f_c/2 - f_d/2,False
491,-1,1,1,1,1,-1,1,-1,1,1,-3,-3,-3,0,-6,6,-3,0,3,3,False,False,True,True,False,False,False,6,-1/240,f_L - f_a/2 - f_b/2 + f_c/2 - f_d/2,False
492,-1,1,1,1,1,-1,1,1,-1,-1,-3,-3,-3,0,-6,6,-3,0,-3,-3,False,False,True,True,True,True,True,4,-1/360,f_L - f_a/2 - f_b/2 + f_c/2 - f_d/2,False
493,-1,1,1,1,1,-1,1,1,-1,1,-3,-3,-3,0,-6,6,-3,0,-3,3,False,False,True,True,True,False,False,6,-1/240,f_L - f_a/2 - f_b/2 + f_c/2 - f_d/2,False
494,-1,1,1,1,1,-1,1,1,1,-1,-3,-3,-3,0,-6,6,-3,0,3,-3,False,False,True,True,False,True,False,6,-1/240,f_L - f_a/2 - f_b/2 + f_c/2 - f_d/2,False
495,-1,1,1,1,1,-1,1,1,1,1,-3,-3,-3,0,-6,6,-3,0,3,3,False,False,True,True,False,False,False,8,-1/180,f_L - f_a/2 - f_b/2 + f_c/2 - f_d/2,False
496,-1,1,1,1,1,1,-1,-1,-1,-1,-3,-3,-3,0,-6,-6,3,0,-3,-3,False,False,True,True,False,False,False,2,-1/720,f_L - f_a/2 - f_b/2 + f_c/2 - f_d/2,False
497,-1,1,1,1,1,1,-1,-1,-1,1,-3,-3,-3,0,-6,-6,3,0,-3,3,False,False,True,True,False,True,False,4,-1/360,f_L - f_a/2 - f_b/2 + f_c/2 - f_d/2,False
498,-1,1,1,1,1,1,-1,-1,1,-1,-3,-3,-3,0,-6,-6,3,0,3,-3,False,False,True,True,True,False,False,4,-1/360,f_L - f_a/2 - f_b/2 + f_c/2 - f_d/2,False
499,-1,1,1,1,1,1,-1,-1,1,1,-3,-3,-3,0,-6,-6,3,0,3,3,False,False,True,True,True,True,True,6,-1/240,f_L - f_a/2 - f_b/2 + f_c/2 - f_d/2,False
500,-1,1,1,1,1,1,-1,1,-1,-1,-3,-3,-3,0,-6,-6,3,0,-3,-3,False,False,True,True,False,False,False,4,-1/360,f_L - f_a/2 - f_b/2 + f_c/2 - f_d/2,False
501,-1,1,1,1,1,1,-1,1,-1,1,-3,-3,-3,0,-6,-6,3,0,-3,3,False,False,True,True,False,True,False,6,-1/240,f_L - f_a/2 - f_b/2 + f_c/2 - f_d/2,False
502,-1,1,1,1,1,1,-1,1,1,-1,-3,-3,-3,0,-6,-6,3,0,3,-3,False,False,True,True,True,False,False,6,-1/240,f_L - f_a/2 - f_b/2 + f_c/2 - f_d/2,False
503,-1,1,1,1,1,1,-1,1,1,1,-3,-3,-3,0,-6,-6,3,0,3,3,False,False,True,True,True,True,True,8,-1/180,f_L - f_a/2 - f_b/2 + f_c/2 - f_d/2,False
504,-1,1,1,1,1,1,1,-1,-1,-1,-3,-3,-3,0,-6,-6,-3,0,-3,-3,False,False,True,True,True,True,True,6,-1/240,f_L - f_a/2 - f_b/2 + f_c/2 - f_d/2,False
505,-1,1,1,1,1,1,1,-1,-1,1,-3,-3,-3,0,-6,-6,-3,0,-3,3,False,False,True,True,True,False,False,8,-1/180,f_L - f_a/2 - f_b/2 + f_c/2 - f_d/2,False
506,-1,1,1,1,1,1,1,-1,1,-1,-3,-3,-3,0,-6,-6,-3,0,3,-3,False,False,True,True,False,True,False,8,-1/180,f_L - f_a/2 - f_b/2 + f_c/2 - f_d/2,False
507,-1,1,1,1,1,1,1,-1,1,1,-3,-3,-3,0,-6,-6,-3,0,3,3,False,False,True,True,False,False,False,10,-1/144,f_L - f_a/2 - f_b/2 + f_c/2 - f_d/2,False
508,-1,1,1,1,1,1,1,1,-1,-1,-3,-3,-3,0,-6,-6,-3,0,-3,-3,False,False,True,True,True,True,True,8,-1/180,f_L - f_a/2 - f_b/2 + f_c/2 - f_d/2,False
509,-1,1,1,1,1,1,1,1,-1,1,-3,-3,-3,0,-6,-6,-3,0,-3,3,False,False,True,True,True,False,False,10,-1/144,f_L - f_a/2 - f_b/2 + f_c/2 - f_d/2,False
510,-1,1,1,1,1,1,1,1,1,-1,-3,-3,-3,0,-6,-6,-3,0,3,-3,False,False,True,True,False,True,False,10,-1/144,f_L - f_a/2 - f_b/2 + f_c/2 - f_d/2,False
511,-1,1,1,1,1,1,1,1,1,1,-3,-3,-3,0,-6,-6,-3,0,3,3,False,False,True,True,False,False,False,12,-1/120,f_L - f_a/2 - f_b/2 + f_c/2 - f_d/2,False
512,1,-1,-1,-1,-1,-1,-1,-1,-1,-1,3,3,3,0,6,6,3,0,-3,-3,False,False,True,True,False,False,False,-12,1/120,-f_L + f_a/2 + f_b/2 - f_c/2 + f_d/2,False
513,1,-1,-1,-1,-1,-1,-1,-1,-1,1,3,3,3,0,6,6,3,0,-3,3,False,False,True,True,False,True,False,-10,1/144,-f_L + f_a/2 + f_b/2 - f_c/2 + f_d/2,False
514,1,-1,-1,-1,-1,-1,-1,-1,1,-1,3,3,3,0,6,6,3,0,3,-3,False,False,True,True,True,False,False,-10,1/144,-f_L + f_a/2 + f_b/2 - f_c/2 + f_d/2,False
515,1,-1,-1,-1,-1,-1,-1,-1,1,1,3,3,3,0,6,6,3,0,3,3,False,False,True,True,True,True,True,-8,1/180,-f_L + f_a/2 + f_b/2 - f_c/2 + f_d/2,False
516,1,-1,-1,-1,-1,-1,-1,1,-1,-1,3,3,3,0,6,6,3,0,-3,-3,False,False,True,True,False,False,False,-10,1/144,-f_L + f_a/2 + f_b/2 - f_c/2 + f_d/2,False
517,1,-1,-1,-1,-1,-1,-1,1,-1,1,3,3,3,0,6,6,3,0,-3,3,False,False,True,True,False,True,False,-8,1/180,-f_L + f_a/2 + f_b/2 - f_c/2 + f_d/2,False
518,1,-1,-1,-1,-1,-1,-1,1,1,-1,3,3,3,0,6,6,3,0,3,-3,False,False,True,True,True,False,False,-8,1/180,-f_L + f_a/2 + f_b/2 - f_c/2 + f_d/2,False
519,1,-1,-1,-1,-1,-1,-1,1,1,1,3,3,3,0,6,6,3,0,3,3,False,False,True,True,True,True,True,-6,1/240,-f_L + f_a/2 + f_b/2 - f_c/2 + f_d/2,False
520,1,-1,-1,-1,-1,-1,1,-1,-1,-1,3,3,3,0,6,6,-3,0,-3,-3,False,False,True,True,True,True,True,-8,1/180,-f_L + f_a/2 + f_b/2 - f_c/2 + f_d/2,False
521,1,-1,-1,-1,-1,-1,1,-1,-1,1,3,3,3,0,6,6,-3,0,-3,3,False,False,True,True,True,False,False,-6,1/240,-f_L + f_a/2 + f_b/2 - f_c/2 + f_d/2,False
522,1,-1,-1,-1,-1,-1,1,-1,1,-1,3,3,3,0,6,6,-3,0,3,-3,False,False,True,True,False,True,False,-6,1/240,-f_L + f_a/2 + f_b/2 - f_c/2 + f_d/2,False
523,1,-1,-1,-1,-1,-1,1,-1,1,1,3,3,3,0,6,6,-3,0,3,3,False,False,True,True,False,False,False,-4,1/360,-f_L + f_a/2 + f_b/2 - f_c/2 + f_d/2,False
524,1,-1,-1,-1,-1,-1,1,1,-1,-1,3,3,3,0,6,6,-3,0,-3,-3,False,False,True,True,True,True,True,-6,1/240,-f_L + f_a/2 + f_b/2 - f_c/2 + f_d/2,False
525,1,-1,-1,-1,-1,-1,1,1,-1,1,3,3,3,0,6,6,-3,0,-3,3,False,False,True,True,True,False,False,-4,1/360,-f_L + f_a/2 + f_b/2 - f_c/2 + f_d/2,False
526,1,-1,-1,-1,-1,-1,1,1,1,-1,3,3,3,0,6,6,-3,0,3,-3,False,False,True,True,False,True,False,-4,1/360,-f_L + f_a/2 + f_b/2 - f_c/2 + f_d/2,False
527,1,-1,-1,-1,-1,-1,1,1,1,1,3,3,3,0,6,6,-3,0,3,3,False,False,True,True,False,False,False,-2,1/720,-f_L + f_a/2 + f_b/2 - f_c/2 + f_d/2,False
528,1,-1,-1,-1,-1,1,-1,-1,-1,-1,3,3,3,0,6,-6,3,0,-3,-3,False,False,True,True,False,False,False,-8,1/180,-f_L + f_a/2 + f_b/2 - f_c/2 + f_d/2,False
529,1,-1,-1,-1,-1,1,-1,-1,-1,1,3,3,3,0,6,-6,3,0,-3,3,False,False,True,True,False,True,False,-6,1/240,-f_L + f_a/2 + f_b/2 - f_c/2 + f_d/2,False
530,1,-1,-1,-1,-1,1,-1,-1,1,-1,3,3,3,0,6,-6,3,0,3,-3,False,False,True,True,True,False,False,-6,1/240,-f_L + f_a/2 + f_b/2 - f_c/2 + f_d/2,False
531,1,-1,-1,-1,-1,1,-1,-1,1,1,3,3,3,0,6,-6,3,0,3,3,False,False,True,True,True,True,True,-4,1/360,-f_L + f_a/2 + f_b/2 - f_c/2 + f_d/2,False
532,1,-1,-1,-1,-1,1,-1,1,-1,-1,3,3,3,0,6,-6,3,0,-3,-3,False,False,True,True,False,False,False,-6,1/240,-f_L + f_a/2 + f_b/2 - f_c/2 + f_d/2,False
533,1,-1,-1,-1,-1,1,-1,1,-1,1,3,3,3,0,6,-6,3,0,-3,3,False,False,True,True,False,True,False,-4,1/360,-f_L + f_a/2 + f_b/2 - f_c/2 + f_d/2,False
534,1,-1,-1,-1,-1,1,-1,1,1,-1,3,3,3,0,6,-6,3,0,3,-3,False,False,True,True,True,False,False,-4,1/360,-f_L + f_a/2 + f_b/2 - f_c/2 + f_d/2,False
535,1,-1,-1,-1,-1,1,-1,1,1,1,3,3,3,0,6,-6,3,0,3,3,False,False,True,True,True,True,True,-2,1/720,-f_L + f_a/2 + f_b/2 - f_c/2 + f_d/2,False
536,1,-1,-1,-1,-1,1,1,-1,-1,-1,3,3,3,0,6,-6,-3,0,-3,-3,False,False,True,True,True,True,True,-4,1/360,-f_L + f_a/2 + f_b/2 - f_c/2 + f_d/2,False
537,1,-1,-1,-1,-1,1,1,-1,-1,1,3,3,3,0,6,-6,-3,0,-3,3,False,False,True,True,True,False,False,-2,1/720,-f_L + f_a/2 + f_b/2 - f_c/2 + f_d/2,False
538,1,-1,-1,-1,-1,1,1,-1,1,-1,3,3,3,0,6,-6,-3,0,3,-3,False,False,True,True,False,True,False,-2,1/720,-f_L + f_a/2 + f_b/2 - f_c/2 + f_d/2,False
539,1,-1,-1,-1,-1,1,1,-1,1,1,3,3,3,0,6,-6,-3,0,3,3,False,False,True,True,False,False,False,0,0,-f_L + f_a/2 + f_b/2 - f_c/2 + f_d/2,False
540,1,-1,-1,-1,-1,1,1,1,-1,-1,3,3,3,0,6,-6,-3,0,-3,-3,False,False,True,True,True,True,True,-2,1/720,-f_L + f_a/2 + f_b/2 - f_c/2 + f_d/2,False
541,1,-1,-1,-1,-1,1,1,1,-1,1,3,3,3,0,6,-6,-3,0,-3,3,False,False,True,True,True,False,False,0,0,-f_L + f_a/2 + f_b/2 - f_c/2 + f_d/2,False
542,1,-1,-1,-1,-1,1,1,1,1,-1,3,3,3,0,6,-6,-3,0,3,-3,False,False,True,True,False,True,False,0,0,-f_L + f_a/2 + f_b/2 - f_c/2 + f_d/2,False
543,1,-1,-1,-1,-1,1,1,1,1,1,3,3,3,0,6,-6,-3,0,3,3,False,False,True,True,False,False,False,2,-1/720,-f_L + f_a/2 + f_b/2 - f_c/2 + f_d/2,False
544,1,-1,-1,-1,1,-1,-1,-1,-1,-1,3,3,3,0,-6,6,3,0,-3,-3,False,False,True,True,False,False,False,-8,1/180,-f_L + f_a/2 + f_b/2 - f_c/2 + f_d/2,False
545,1,-1,-1,-1,1,-1,-1,-1,-1,1,3,3,3,0,-6,6,3,0,-3,3,False,False,True,True,False,True,False,-6,1/240,-f_L + f_a/2 + f_b/2 - f_c/2 + f_d/2,False
546,1,-1,-1,-1,1,-1,-1,-1,1,-1,3,3,3,0,-6,6,3,0,3,-3,False,False,True,True,True,False,False,-6,1/240,-f_L + f_a/2 + f_b/2 - f_c/2 + f_d/2,False
547,1,-1,-1,-1,1,-1,-1,-1,1,1,3,3,3,0,-6,6,3,0,3,3,False,False,True,True,True,True,True,-4,1/360,-f_L + f_a/2 + f_b/2 - f_c/2 + f_d/2,False
548,1,-1,-1,-1,1,-1,-1,1,-1,-1,3,3,3,0,-6,6,3,0,-3,-3,False,False,True,True,False,False,False,-6,1/240,-f_L + f_a/2 + f_b/2 - f_c/2 + f_d/2,False
549,1,-1,-1,-1,1,-1,-1,1,-1,1,3,3,3,0,-6,6,3,0,-3,3,False,False,True,True,False,True,False,-4,1/360,-f_L + f_a/2 + f_b/2 - f_c/2 + f_d/2,False
550,1,-1,-1,-1,1,-1,-1,1,1,-1,3,3,3,0,-6,6,3,0,3,-3,False,False,True,True,True,False,False,-4,1/360,-f_L + f_a/2 + f_b/2 - f_c/2 + f_d/2,False
551,1,-1,-1,-1,1,-1,-1,1,1,1,3,3,3,0,-6,6,3,0,3,3,False,False,True,True,True,True,True,-2,1/720,-f_L + f_a/2 + f_b/2 - f_c/2 + f_d/2,False
552,1,-1,-1,-1,1,-1,1,-1,-1,-1,3,3,3,0,-6,6,-3,0,-3,-3,False,False,True,True,True,True,True,-4,1/360,-f_L + f_a/2 + f_b/2 - f_c/2 + f_d/2,False
553,1,-1,-1,-1,1,-1,1,-1,-1,1,3,3,3,0,-6,6,-3,0,-3,3,False,False,True,True,True,False,False,-2,1/720,-f_L + f_a/2 + f_b/2 - f_c/2 + f_d/2,False
554,1,-1,-1,-1,1,-1,1,-1,1,-1,3,3,3,0,-6,6,-3,0,3,-3,False,False,True,True,False,True,False,-2,1/720,-f_L + f_a/2 + f_b/2 - f_c/2 + f_d/2,False
555,1,-1,-1,-1,1,-1,1,-1,1,1,3,3,3,0,-6,6,-3,0,3,3,False,False,True,True,False,False,False,0,0,-f_L + f_a/2 + f_b/2 - f_c/2 + f_d/2,False
556,1,-1,-1,-1,1,-1,1,1,-1,-1,3,3,3,0,-6,6,-3,0,-3,-3,False,False,True,True,True,True,True,-2,1/720,-f_L + f_a/2 + f_b/2 - f_c/2 + f_d/2,False
557,1,-1,-1,-1,1,-1,1,1,-1,1,3,3,3,0,-6,6,-3,0,-3,3,False,False,True,True,True,False,False,0,0,-f_L + f_a/2 + f_b/2 - f_c/2 + f_d/2,False
558,1,-1,-1,-1,1,-1,1,1,1,-1,3,3,3,0,-6,6,-3,0,3,-3,False,False,True,True,False,True,False,0,0,-f_L + f_a/2 + f_b/2 - f_c/2 + f_d/2,False
559,1,-1,-1,-1,1,-1,1,1,1,1,3,3,3,0,-6,6,-3,0,3,3,False,False,True,True,False,False,False,2,-1/720,-f_L + f_a/2 + f_b/2 - f_c/2 + f_d/2,False
560,1,-1,-1,-1,1,1,-1,-1,-1,-1,3,3,3,0,-6,-6,3,0,-3,-3,False,False,True,True,False,False,False,-4,1/360,-f_L + f_a/2 + f_b/2 - f_c/2 + f_d/2,False
561,1,-1,-1,-1,1,1,-1,-1,-1,1,3,3,3,0,-6,-6,3,0,-3,3,False,False,True,True,False,True,False,-2,1/720,-f_L + f_a/2 + f_b/2 - f_c/2 + f_d/2,False
562,1,-1,-1,-1,1,1,-1,-1,1,-1,3,3,3,0,-6,-6,3,0,3,-3,False,False,True,True,True,False,False,-2,1/720,-f_L + f_a/2 + f_b/2 - f_c/2 + f_d/2,False
563,1,-1,-1,-1,1,1,-1,-1,1,1,3,3,3,0,-6,-6,3,0,3,3,False,False,True,True,True,True,True,0,0,-f_L + f_a/2 + f_b/2 - f_c/2 + f_d/2,False
564,1,-1,-1,-1,1,1,-1,1,-1,-1,3,3,3,0,-6,-6,3,0,-3,-3,False,False,True,True,False,False,False,-2,1/720,-f_L + f_a/2 + f_b/2 - f_c/2 + f_d/2,False
565,1,-1,-1,-1,1,1,-1,1,-1,1,3,3,3,0,-6,-6,3,0,-3,3,False,False,True,True,False,True,False,0,0,-f_L + f_a/2 + f_b/2 - f_c/2 + f_d/2,False
566,1,-1,-1,-1,1,1,-1,1,1,-1,3,3,3,0,-6,-6,3,0,3,-3,False,False,True,True,True,False,False,0,0,-f_L + f_a/2 + f_b/2 - f_c/2 + f_d/2,False
567,1,-1,-1,-1,1,1,-1,1,1,1,3,3,3,0,-6,-6,3,0,3,3,False,False,True,True,True,True,True,2,-1/720,-f_L + f_a/2 + f_b/2 - f_c/2 + f_d/2,False
568,1,-1,-1,-1,1,1,1,-1,-1,-1,3,3,3,0,-6,-6,-3,0,-3,-3,False,False,True,True,True,True,True,0,0,-f_L + f_a/2 + f_b/2 - f_c/2 + f_d/2,False
569,1,-1,-1,-1,1,1,1,-1,-1,1,3,3,3,0,-6,-6,-3,0,-3,3,False,False,True,True,True,False,False,2,-1/720,-f_L + f_a/2 + f_b/2 - f_c/2 + f_d/2,False
570,1,-1,-1,-1,1,1,1,-1,1,-1,3,3,3,0,-6,-6,-3,0,3,-3,False,False,True,True,False,True,False,2,-1/720,-f_L + f_a/2 + f_b/2 - f_c/2 + f_d/2,False
571,1,-1,-1,-1,1,1,1,-1,1,1,3,3,3,0,-6,-6,-3,0,3,3,False,False,True,True,False,False,False,4,-1/360,-f_L + f_a/2 + f_b/2 - f_c/2 + f_d/2,False
572,1,-1,-1,-1,1,1,1,1,-1,-1,3,3,3,0,-6,-6,-3,0,-3,-3,False,False,True,True,True,True,True,2,-1/720,-f_L + f_a/2 + f_b/2 - f_c/2 + f_d/2,False
573,1,-1,-1,-1,1,1,1,1,-1,1,3,3,3,0,-6,-6,-3,0,-3,3,False,False,True,True,True,False,False,4,-1/360,-f_L + f_a/2 + f_b/2 - f_c/2 + f_d/2,False
574,1,-1,-1,-1,1,1,1,1,1,-1,3,3,3,0,-6,-6,-3,0,3,-3,False,False,True,True,False,True,False,4,-1/360,-f_L + f_a/2 + f_b/2 - f_c/2 + f_d/2,False
575,1,-1,-1,-1,1,1,1,1,1,1,3,3,3,0,-6,-6,-3,0,3,3,False,False,True,True,False,False,False,6,-1/240,-f_L + f_a/2 + f_b/2 - f_c/2 + f_d/2,False
576,1,-1,-1,1,-1,-1,-1,-1,-1,-1,3,3,3,0,6,6,3,0,-3,-3,False,False,True,True,False,False,False,-6,1/240,-f_L + f_a/2 + f_b/2 + f_c/2 - f_d/2,False
577,1,-1,-1,1,-1,-1,-1,-1,-1,1,3,3,3,0,6,6,3,0,-3,3,False,False,True,True,False,True,False,-4,1/360,-f_L + f_a/2 + f_b/2 + f_c/2 - f_d/2,False
578,1,-1,-1,1,-1,-1,-1,-1,1,-1,3,3,3,0,6,6,3,0,3,-3,False,False,True,True,True,False,False,-4,1/360,-f_L + f_a/2 + f_b/2 + f_c/2 - f_d/2,False
579,1,-1,-1,1,-1,-1,-1,-1,1,1,3,3,3,0,6,6,3,0,3,3,False,False,True,True,True,True,True,-2,1/720,-f_L + f_a/2 + f_b/2 + f_c/2 - f_d/2,False
580,1,-1,-1,1,-1,-1,-1,1,-1,-1,3,3,3,0,6,6,3,0,-3,-3,False,False,True,True,False,False,False,-4,1/360,-f_L + f_a/2 + f_b/2 + f_c/2 - f_d/2,False
581,1,-1,-1,1,-1,-1,-1,1,-1,1,3,3,3,0,6,6,3,0,-3,3,False,False,True,True,False,True,False,-2,1/720,-f_L + f_a/2 + f_b/2 + f_c/2 - f_d/2,False
582,1,-1,-1,1,-1,-1,-1,1,1,-1,3,3,3,0,6,6,3,0,3,-3,False,False,True,True,True,False,False,-2,1/720,-f_L + f_a/2 + f_b/2 + f_c/2 - f_d/2,False
583,1,-1,-1,1,-1,-1,-1,1,1,1,3,3,3,0,6,6,3,0,3,3,False,False,True,True,True,True,True,0,0,-f_L + f_a/2 + f_b/2 + f_c/2 - f_d/2,False
584,1,-1,-1,1,-1,-1,1,-1,-1,-1,3,3,3,0,6,6,-3,0,-3,-3,False,False,True,True,True,True,True,-2,1/720,-f_L + f_a/2 + f_b/2 + f_c/2 - f_d/2,False
585,1,-1,-1,1,-1,-1,1,-1,-1,1,3,3,3,0,6,6,-3,0,-3,3,False,False,True,True,True,False,False,0,0,-f_L + f_a/2 + f_b/2 + f_c/2 - f_d/2,False
586,1,-1,-1,1,-1,-1,1,-1,1,-1,3,3,3,0,6,6,-3,0,3,-3,False,False,True,True,False,True,False,0,0,-f_L + f_a/2 + f_b/2 + f_c/2 - f_d/2,False
587,1,-1,-1,1,-1,-1,1,-1,1,1,3,3,3,0,6,6,-3,0,3,3,False,False,True,True,False,False,False,2,-1/720,-f_L + f_a/2 + f_b/2 + f_c/2 - f_d/2,False
588,1,-1,-1,1,-1,-1,1,1,-1,-1,3,3,3,0,6,6,-3,0,-3,-3,False,False,True,True,True,True,True,0,0,-f_L + f_a/2 + f_b/2 + f_c/2 - f_d/2,False
589,1,-1,-1,1,-1,-1,1,1,-1,1,3,3,3,0,6,6,-3,0,-3,3,False,False,True,True,True,False,False,2,-1/720,-f_L + f_a/2 + f_b/2 + f_c/2 - f_d/2,False
590,1,-1,-1,1,-1,-1,1,1,1,-1,3,3,3,0,6,6,-3,0,3,-3,False,False,True,True,False,True,False,2,-1/720,-f_L + f_a/2 + f_b/2 + f_c/2 - f_d/2,False
591,1,-1,-1,1,-1,-1,1,1,1,1,3,3,3,0,6,6,-3,0,3,3,False,False,True,True,False,False,False,4,-1/360,-f_L + f_a/2 + f_b/2 + f_c/2 - f_d/2,False
592,1,-1,-1,1,-1,1,-1,-1,-1,-1,3,3,3,0,6,-6,3,0,-3,-3,False,False,True,True,False,False,False,-2,1/720,-f_L + f_a/2 + f_b/2 + f_c/2 - f_d/2,False
593,1,-1,-1,1,-1,1,-1,-1,-1,1,3,3,3,0,6,-6,3,0,-3,3,False,False,True,True,False,True,False,0,0,-f_L + f_a/2 + f_b/2 + f_c/2 - f_d/2,False
594,1,-1,-1,1,-1,1,-1,-1,1,-1,3,3,3,0,6,-6,3,0,3,-3,False,False,True,True,True,False,False,0,0,-f_L + f_a/2 + f_b/2 + f_c/2 - f_d/2,False
595,1,-1,-1,1,-1,1,-1,-1,1,1,3,3,3,0,6,-6,3,0,3,3,False,False,True,True,True,True,True,2,-1/720,-f_L + f_a/2 + f_b/2 + f_c/2 - f_d/2,False
596,1,-1,-1,1,-1,1,-1,1,-1,-1,3,3,3,0,6,-6,3,0,-3,-3,False,False,True,True,False,False,False,0,0,-f_L + f_a/2 + f_b/2 + f_c/2 - f_d/2,False
597,1,-1,-1,1,-1,1,-1,1,-1,1,3,3,3,0,6,-6,3,0,-3,3,False,False,True,True,False,True,False,2,-1/720,-f_L + f_a/2 + f_b/2 + f_c/2 - f_d/2,False
598,1,-1,-1,1,-1,1,-1,1,1,-1,3,3,3,0,6,-6,3,0,3,-3,False,False,True,True,True,False,False,2,-1/720,-f_L + f_a/2 + f_b/2 + f_c/2 - f_d/2,False
599,1,-1,-1,1,-1,1,-1,1,1,1,3,3,3,0,6,-6,3,0,3,3,False,False,True,True,True,True,True,4,-1/360,-f_L + f_a/2 + f_b/2 + f_c/2 - f_d/2,False
600,1,-1,-1,1,-1,1,1,-1,-1,-1,3,3,3,0,6,-6,-3,0,-3,-3,False,False,True,True,True,True,True,2,-1/720,-f_L + f_a/2 + f_b/2 + f_c/2 - f_d/2,False
601,1,-1,-1,1,-1,1,1,-1,-1,1,3,3,3,0,6,-6,-3,0,-3,3,False,False,True,True,True,False,False,4,-1/360,-f_L + f_a/2 + f_b/2 + f_c/2 - f_d/2,False
602,1,-1,-1,1,-1,1,1,-1,1,-1,3,3,3,0,6,-6,-3,0,3,-3,False,False,True,True,False,True,False,4,-1/360,-f_L + f_a/2 + f_b/2 + f_c/2 - f_d/2,False
603,1,-1,-1,1,-1,1,1,-1,1,1,3,3,3,0,6,-6,-3,0,3,3,False,False,True,True,False,False,False,6,-1/240,-f_L + f_a/2 + f_b/2 + f_c/2 - f_d/2,False
604,1,-1,-1,1,-1,1,1,1,-1,-1,3,3,3,0,6,-6,-3,0,-3,-3,False,False,True,True,True,True,True,4,-1/360,-f_L + f_a/2 + f_b/2 + f_c/2 - f_d/2,False
605,1,-1,-1,1,-1,1,1,1,-1,1,3,3,3,0,6,-6,-3,0,-3,3,False,False,True,True,True,False,False,6,-1/240,-f_L + f_a/2 + f_b/2 + f_c/2 - f_d/2,False
606,1,-1,-1,1,-1,1,1,1,1,-1,3,3,3,0,6,-6,-3,0,3,-3,False,False,True,True,False,True,False,6,-1/240,-f_L + f_a/2 + f_b/2 + f_c/2 - f_d/2,False
607,1,-1,-1,1,-1,1,1,1,1,1,3,3,3,0,6,-6,-3,0,3,3,False,False,True,True,False,False,False,8,-1/180,-f_L + f_a/2 + f_b/2 + f_c/2 - f_d/2,False
608,1,-1,-1,1,1,-1,-1,-1,-1,-1,3,3,3,0,-6,6,3,0,-3,-3,False,False,True,True,False,False,False,-2,1/720,-f_L + f_a/2 + f_b/2 + f_c/2 - f_d/2,False
609,1,-1,-1,1,1,-1,-1,-1,-1,1,3,3,3,0,-6,6,3,0,-3,3,False,False,True,True,False,True,False,0,0,-f_L + f_a/2 + f_b/2 + f_c/2 - f_d/2,False
610,1,-1,-1,1,1,-1,-1,-1,1,-1,3,3,3,0,-6,6,3,0,3,-3,False,False,True,True,True,False,False,0,0,-f_L + f_a/2 + f_b/2 + f_c/2 - f_d/2,False
611,1,-1,-1,1,1,-1,-1,-1,1,1,3,3,3,0,-6,6,3,0,3,3,False,False,True,True,True,True,True,2,-1/720,-f_L + f_a/2 + f_b/2 + f_c/2 - f_d/2,False
612,1,-1,-1,1,1,-1,-1,1,-1,-1,3,3,3,0,-6,6,3,0,-3,-3,False,False,True,True,False,False,False,0,0,-f_L + f_a/2 + f_b/2 + f_c/2 - f_d/2,False
613,1,-1,-1,1,1,-1,-1,1,-1,1,3,3,3,0,-6,6,3,0,-3,3,False,False,True,True,False,True,False,2,-1/720,-f_L + f_a/2 + f_b/2 + f_c/2 - f_d/2,False
614,1,-1,-1,1,1,-1,-1,1,1,-1,3,3,3,0,-6,6,3,0,3,-3,False,False,True,True,True,False,False,2,-1/720,-f_L + f_a/2 + f_b/2 + f_c/2 - f_d/2,False
615,1,-1,-1,1,1,-1,-1,1,1,1,3,3,3,0,-6,6,3,0,3,3,False,False,True,True,True,True,True,4,-1/360,-f_L + f_a/2 + f_b/2 + f_c/2 - f_d/2,False
616,1,-1,-1,1,1,-1,1,-1,-1,-1,3,3,3,0,-6,6,-3,0,-3,-3,False,False,True,True,True,True,True,2,-1/720,-f_L + f_a/2 + f_b/2 + f_c/2 - f_d/2,False
617,1,-1,-1,1,1,-1,1,-1,-1,1,3,3,3,0,-6,6,-3,0,-3,3,False,False,True,True,True,False,False,4,-1/360,-f_L + f_a/2 + f_b/2 + f_c/2 - f_d/2,False
618,1,-1,-1,1,1,-1,1,-1,1,-1,3,3,3,0,-6,6,-3,0,3,-3,False,False,True,True,False,True,False,4,-1/360,-f_L + f_a/2 + f_b/2 + f_c/2 - f_d/2,False
619,1,-1,-1,1,1,-1,1,-1,1,1,3,3,3,0,-6,6,-3,0,3,3,False,False,True,True,False,False,False,6,-1/240,-f_L + f_a/2 + f_b/2 + f_c/2 - f_d/2,False
620,1,-1,-1,1,1,-1,1,1,-1,-1,3,3,3,0,-6,6,-3,0,-3,-3,False,False,True,True,True,True,True,4,-1/360,-f_L + f_a/2 + f_b/2 + f_c/2 - f_d/2,False
621,1,-1,-1,1,1,-1,1,1,-1,1,3,3,3,0,-6,6,-3,0,-3,3,False,False,True,True,True,False,False,6,-1/240,-f_L + f_a/2 + f_b/2 + f_c/2 - f_d/2,False
622,1,-1,-1,1,1,-1,1,1,1,-1,3,3,3,0,-6,6,-3,0,3,-3,False,False,True,True,False,True,False,6,-1/240,-f_L + f_a/2 + f_b/2 + f_c/2 - f_d/2,False
623,1,-1,-1,1,1,-1,1,1,1,1,3,3,3,0,-6,6,-3,0,3,3,False,False,True,True,False,False,False,8,-1/180,-f_L + f_a/2 + f_b/2 + f_c/2 - f_d/2,False
624,1,-1,-1,1,1,1,-1,-1,-1,-1,3,3,3,0,-6,-6,3,0,-3,-3,False,False,True,True,False,False,False,2,-1/720,-f_L + f_a/2 + f_b/2 + f_c/2 - f_d/2,False
625,1,-1,-1,1,1,1,-1,-1,-1,1,3,3,3,0,-6,-6,3,0,-3,3,False,False,True,True,False,True,False,4,-1/360,-f_L + f_a/2 + f_b/2 + f_c/2 - f_d/2,False
626,1,-1,-1,1,1,1,-1,-1,1,-1,3,3,3,0,-6,-6,3,0,3,-3,False,False,True,True,True,False,False,4,-1/360,-f_L + f_a/2 + f_b/2 + f_c/2 - f_d/2,False
627,1,-1,-1,1,1,1,-1,-1,1,1,3,3,3,0,-6,-6,3,0,3,3,False,False,True,True,True,True,True,6,-1/240,-f_L + f_a/2 + f_b/2 + f_c/2 - f_d/2,False
628,1,-1,-1,1,1,1,-1,1,-1,-1,3,3,3,0,-6,-6,3,0,-3,-3,False,False,True,True,False,False,False,4,-1/360,-f_L + f_a/2 + f_b/2 + f_c/2 - f_d/2,False
629,1,-1,-1,1,1,1,-1,1,-1,1,3,3,3,0,-6,-6,3,0,-3,3,False,False,True,True,False,True,False,6,-1/240,-f_L + f_a/2 + f_b/2 + f_c/2 - f_d/2,False
630,1,-1,-1,1,1,1,-1,1,1,-1,3,3,3,0,-6,-6,3,0,3,-3,False,False,True,True,True,False,False,6,-1/240,-f_L + f_a/2 + f_b/2 + f_c/2 - f_d/2,False
631,1,-1,-1,1,1,1,-1,1,1,1,3,3,3,0,-6,-6,3,0,3,3,False,False,True,True,True,True,True,8,-1/180,-f_L + f_a/2 + f_b/2 + f_c/2 - f_d/2,False
632,1,-1,-1,1,1,1,1,-1,-1,-1,3,3,3,0,-6,-6,-3,0,-3,-3,False,False,True,True,True,True,True,6,-1/240,-f_L + f_a/2 + f_b/2 + f_c/2 - f_d/2,False
633,1,-1,-1,1,1,1,1,-1,-1,1,3,3,3,0,-6,-6,-3,0,-3,3,False,False,True,True,True,False,False,8,-1/180,-f_L + f_a/2 + f_b/2 + f_c/2 - f_d/2,False
634,1,-1,-1,1,1,1,1,-1,1,-1,3,3,3,0,-6,-6,-3,0,3,-3,False,False,True,True,False,True,False,8,-1/180,-f_L + f_a/2 + f_b/2 + f_c/2 - f_d/2,False
635,1,-1,-1,1,1,1,1,-1,1,1,3,3,3,0,-6,-6,-3,0,3,3,False,False,True,True,False,False,False,10,-1/144,-f_L + f_a/2 + f_b/2 + f_c/2 - f_d/2,False
636,1,-1,-1,1,1,1,1,1,-1,-1,3,3,3,0,-6,-6,-3,0,-3,-3,False,False,True,True,True,True,True,8,-1/180,-f_L + f_a/2 + f_b/2 + f_c/2 - f_d/2,False
637,1,-1,-1,1,1,1,1,1,-1,1,3,3,3,0,-6,-6,-3,0,-3,3,False,False,True,True,True,False,False,10,-1/144,-f_L + f_a/2 + f_b/2 + f_c/2 - f_d/2,False
638,1,-1,-1,1,1,1,1,1,1,-1,3,3,3,0,-6,-6,-3,0,3,-3,False,False,True,True,False,True,False,10,-1/144,-f_L + f_a/2 + f_b/2 + f_c/2 - f_d/2,False
639,1,-1,-1,1,1,1,1,1,1,1,3,3,3,0,-6,-6,-3,0,3,3,False,False,True,True,False,False,False,12,-1/120,-f_L + f_a/2 + f_b/2 + f_c/2 - f_d/2,False
640,1,-1,1,-1,-1,-1,-1,-1,-1,-1,3,3,-3,0,6,6,3,0,-3,-3,False,False,True,False,False,False,False,-6,1/240,-f_L + f_a/2 - f_b/2 + f_c/2 + f_d/2,False
641,1,-1,1,-1,-1,-1,-1,-1,-1,1,3,3,-3,0,6,6,3,0,-3,3,False,False,True,False,False,True,False,-4,1/360,-f_L + f_a/2 - f_b/2 + f_c/2 + f_d/2,False
642,1,-1,1,-1,-1,-1,-1,-1,1,-1,3,3,-3,0,6,6,3,0,3,-3,False,False,True,False,True,False,False,-4,1/360,-f_L + f_a/2 - f_b/2 + f_c/2 + f_d/2,False
643,1,-1,1,-1,-1,-1,-1,-1,1,1,3,3,-3,0,6,6,3,0,3,3,False,False,True,False,True,True,False,-2,1/720,-f_L + f_a/2 - f_b/2 + f_c/2 + f_d/2,False
644,1,-1,1,-1,-1,-1,-1,1,-1,-1,3,3,-3,0,6,6,3,0,-3,-3,False,False,True,False,False,False,False,-4,1/360,-f_L + f_a/2 - f_b/2 + f_c/2 + f_d/2,False
645,1,-1,1,-1,-1,-1,-1,1,-1,1,3,3,-3,0,6,6,3,0,-3,3,False,False,True,False,False,True,False,-2,1/720,-f_L + f_a/2 - f_b/2 + f_c/2 + f_d/2,False
646,1,-1,1,-1,-1,-1,-1,1,1,-1,3,3,-3,0,6,6,3,0,3,-3,False,False,True,False,True,False,False,-2,1/720,-f_L + f_a/2 - f_b/2 + f_c/2 + f_d/2,False
647,1,-1,1,-1,-1,-1,-1,1,1,1,3,3,-3,0,6,6,3,0,3,3,False,False,True,False,True,True,False,0,0,-f_L + f_a/2 - f_b/2 + f_c/2 + f_d/2,False
648,1,-1,1,-1,-1,-1,1,-1,-1,-1,3,3,-3,0,6,6,-3,0,-3,-3,False,False,True,False,True,True,False,-2,1/720,-f_L + f_a/2 - f_b/2 + f_c/2 + f_d/2,False
649,1,-1,1,-1,-1,-1,1,-1,-1,1,3,3,-3,0,6,6,-3,0,-3,3,False,False,True,False,True,False,False,0,0,-f_L + f_a/2 - f_b/2 + f_c/2 + f_d/2,False
650,1,-1,1,-1,-1,-1,1,-1,1,-1,3,3,-3,0,6,6,-3,0,3,-3,False,False,True,False,False,True,False,0,0,-f_L + f_a/2 - f_b/2 + f_c/2 + f_d/2,False
651,1,-1,1,-1,-1,-1,1,-1,1,1,3,3,-3,0,6,6,-3,0,3,3,False,False,True,False,False,False,False,2,-1/720,-f_L + f_a/2 - f_b/2 + f_c/2 + f_d/2,False
652,1,-1,1,-1,-1,-1,1,1,-1,-1,3,3,-3,0,6,6,-3,0,-3,-3,False,False,True,False,True,True,False,0,0,-f_L + f_a/2 - f_b/2 + f_c/2 + f_d/2,False
653,1,-1,1,-1,-1,-1,1,1,-1,1,3,3,-3,0,6,6,-3,0,-3,3,False,False,True,False,True,False,False,2,-1/720,-f_L + f_a/2 - f_b/2 + f_c/2 + f_d/2,False
654,1,-1,1,-1,-1,-1,1,1,1,-1,3,3,-3,0,6,6,-3,0,3,-3,False,False,True,False,False,True,False,2,-1/720,-f_L + f_a/2 - f_b/2 + f_c/2 + f_d/2,False
655,1,-1,1,-1,-1,-1,1,1,1,1,3,3,-3,0,6,6,-3,0,3,3,False,False,True,False,False,False,False,4,-1/360,-f_L + f_a/2 - f_b/2 + f_c/2 + f_d/2,False
656,1,-1,1,-1,-1,1,-1,-1,-1,-1,3,3,-3,0,6,-6,3,0,-3,-3,False,False,True,False,False,False,False,-2,1/720,-f_L + f_a/2 - f_b/2 + f_c/2 + f_d/2,False
657,1,-1,1,-1,-1,1,-1,-1,-1,1,3,3,-3,0,6,-6,3,0,-3,3,False,False,True,False,False,True,False,0,0,-f_L + f_a/2 - f_b/2 + f_c/2 + f_d/2,False
658,1,-1,1,-1,-1,1,-1,-1,1,-1,3,3,-3,0,6,-6,3,0,3,-3,False,False,True,False,True,False,False,0,0,-f_L + f_a/2 - f_b/2 + f_c/2 + f_d/2,False
659,1,-1,1,-1,-1,1,-1,-1,1,1,3,3,-3,0,6,-6,3,0,3,3,False,False,True,False,True,True,False,2,-1/720,-f_L + f_a/2 - f_b/2 + f_c/2 + f_d/2,False
660,1,-1,1,-1,-1,1,-1,1,-1,-1,3,3,-3,0,6,-6,3,0,-3,-3,False,False,True,False,False,False,False,0,0,-f_L + f_a/2 - f_b/2 + f_c/2 + f_d/2,False
661,1,-1,1,-1,-1,1,-1,1,-1,1,3,3,-3,0,6,-6,3,0,-3,3,False,False,True,False,False,True,False,2,-1/720,-f_L + f_a/2 - f_b/2 + f_c/2 + f_d/2,False
662,1,-1,1,-1,-1,1,-1,1,1,-1,3,3,-3,0,6,-6,3,0,3,-3,False,False,True,False,True,False,False,2,-1/720,-f_L + f_a/2 - f_b/2 + f_c/2 + f_d/2,False
663,1,-1,1,-1,-1,1,-1,1,1,1,3,3,-3,0,6,-6,3,0,3,3,False,False,True,False,True,True,False,4,-1/360,-f_L + f_a/2 - f_b/2 + f_c/2 + f_d/2,False
664,1,-1,1,-1,-1,1,1,-1,-1,-1,3,3,-3,0,6,-6,-3,0,-3,-3,False,False,True,False,True,True,False,2,-1/720,-f_L + f_a/2 - f_b/2 + f_c/2 + f_d/2,False
665,1,-1,1,-1,-1,1,1,-1,-1,1,3,3,-3,0,6,-6,-3,0,-3,3,False,False,True,False,True,False,False,4,-1/360,-f_L + f_a/2 - f_b/2 + f_c/2 + f_d/2,False
666,1,-1,1,-1,-1,1,1,-1,1,-1,3,3,-3,0,6,-6,-3,0,3,-3,False,False,True,False,False,True,False,4,-1/360,-f_L + f_a/2 - f_b/2 + f_c/2 + f_d/2,False
667,1,-1,1,-1,-1,1,1,-1,1,1,3,3,-3,0,6,-6,-3,0,3,3,False,False,True,False,False,False,False,6,-1/240,-f_L + f_a/2 - f_b/2 + f_c/2 + f_d/2,False
668,1,-1,1,-1,-1,1,1,1,-1,-1,3,3,-3,0,6,-6,-3,0,-3,-3,False,False,True,False,True,True,False,4,-1/360,-f_L + f_a/2 - f_b/2 + f_c/2 + f_d/2,False
669,1,-1,1,-1,-1,1,1,1,-1,1,3,3,-3,0,6,-6,-3,0,-3,3,False,False,True,False,True,False,False,6,-1/240,-f_L + f_a/2 - f_b/2 + f_c/2 + f_d/2,False
670,1,-1,1,-1,-1,1,1,1,1,-1,3,3,-3,0,6,-6,-3,0,3,-3,False,False,True,False,False,True,False,6,-1/240,-f_L + f_a/2 - f_b/2 + f_c/2 + f_d/2,False
671,1,-1,1,-1,-1,1,1,1,1,1,3,3,-3,0,6,-6,-3,0,3,3,False,False,True,False,False,False,False,8,-1/180,-f_L + f_a/2 - f_b/2 + f_c/2 + f_d/2,False
672,1,-1,1,-1,1,-1,-1,-1,-1,-1,3,3,-3,0,-6,6,3,0,-3,-3,False,False,True,False,False,False,False,-2,1/720,-f_L + f_a/2 - f_b/2 + f_c/2 + f_d/2,False
673,1,-1,1,-1,1,-1,-1,-1,-1,1,3,3,-3,0,-6,6,3,0,-3,3,False,False,True,False,False,True,False,0,0,-f_L + f_a/2 - f_b/2 + f_c/2 + f_d/2,False
674,1,-1,1,-1,1,-1,-1,-1,1,-1,3,3,-3,0,-6,6,3,0,3,-3,False,False,True,False,True,False,False,0,0,-f_L + f_a/2 - f_b/2 + f_c/2 + f_d/2,False
675,1,-1,1,-1,1,-1,-1,-1,1,1,3,3,-3,0,-6,6,3,0,3,3,False,False,True,False,True,True,False,2,-1/720,-f_L + f_a/2 - f_b/2 + f_c/2 + f_d/2,False
676,1,-1,1,-1,1,-1,-1,1,-1,-1,3,3,-3,0,-6,6,3,0,-3,-3,False,False,True,False,False,False,False,0,0,-f_L + f_a/2 - f_b/2 + f_c/2 + f_d/2,False
677,1,-1,1,-1,1,-1,-1,1,-1,1,3,3,-3,0,-6,6,3,0,-3,3,False,False,True,False,False,True,False,2,-1/720,-f_L + f_a/2 - f_b/2 + f_c/2 + f_d/2,False
678,1,-1,1,-1,1,-1,-1,1,1,-1,3,3,-3,0,-6,6,3,0,3,-3,False,False,True,False,True,False,False,2,-1/720,-f_L + f_a/2 - f_b/2 + f_c/2 + f_d/2,False
679,1,-1,1,-1,1,-1,-1,1,1,1,3,3,-3,0,-6,6,3,0,3,3,False,False,True,False,True,True,False,4,-1/360,-f_L + f_a/2 - f_b/2 + f_c/2 + f_d/2,False
680,1,-1,1,-1,1,-1,1,-1,-1,-1,3,3,-3,0,-6,6,-3,0,-3,-3,False,False,True,False,True,True,False,2,-1/720,-f_L + f_a/2 - f_b/2 + f_c/2 + f_d/2,False
681,1,-1,1,-1,1,-1,1,-1,-1,1,3,3,-3,0,-6,6,-3,0,-3,3,False,False,True,False,True,False,False,4,-1/360,-f_L + f_a/2 - f_b/2 + f_c/2 + f_d/2,False
682,1,-1,1,-1,1,-1,1,-1,1,-1,3,3,-3,0,-6,6,-3,0,3,-3,False,False,True,False,False,True,False,4,-1/360,-f_L + f_a/2 - f_b/2 + f_c/2 + f_d/2,False
683,1,-1,1,-1,1,-1,1,-1,1,1,3,3,-3,0,-6,6,-3,0,3,3,False,False,True,False,False,False,False,6,-1/240,-f_L + f_a/2 - f_b/2 + f_c/2 + f_d/2,False
684,1,-1,1,-1,1,-1,1,1,-1,-1,3,3,-3,0,-6,6,-3,0,-3,-3,False,False,True,False,True,True,False,4,-1/360,-f_L + f_a/2 - f_b/2 + f_c/2 + f_d/2,False
685,1,-1,1,-1,1,-1,1,1,-1,1,3,3,-3,0,-6,6,-3,0,-3,3,False,False,True,False,True,False,False,6,-1/240,-f_L + f_a/2 - f_b/2 + f_c/2 + f_d/2,False
686,1,-1,1,-1,1,-1,1,1,1,-1,3,3,-3,0,-6,6,-3,0,3,-3,False,False,True,False,False,True,False,6,-1/240,-f_L + f_a/2 - f_b/2 + f_c/2 + f_d/2,False
687,1,-1,1,-1,1,-1,1,1,1,1,3,3,-3,0,-6,6,-3,0,3,3,False,False,True,False,False,False,False,8,-1/180,-f_L + f_a/2 - f_b/2 + f_c/2 + f_d/2,False
688,1,-1,1,-1,1,1,-1,-1,-1,-1,3,3,-3,0,-6,-6,3,0,-3,-3,False,False,True,False,False,False,False,2,-1/720,-f_L + f_a/2 - f_b/2 + f_c/2 + f_d/2,False
689,1,-1,1,-1,1,1,-1,-1,-1,1,3,3,-3,0,-6,-6,3,0,-3,3,False,False,True,False,False,True,False,4,-1/360,-f_L + f_a/2 - f_b/2 + f_c/2 + f_d/2,False
690,1,-1,1,-1,1,1,-1,-1,1,-1,3,3,-3,0,-6,-6,3,0,3,-3,False,False,True,False,True,False,False,4,-1/360,-f_L + f_a/2 - f_b/2 + f_c/2 + f_d/2,False
691,1,-1,1,-1,1,1,-1,-1,1,1,3,3,-3,0,-6,-6,3,0,3,3,False,False,True,False,True,True,False,6,-1/240,-f_L + f_a/2 - f_b/2 + f_c/2 + f_d/2,False
692,1,-1,1,-1,1,1,-1,1,-1,-1,3,3,-3,0,-6,-6,3,0,-3,-3,False,False,True,False,False,False,False,4,-1/360,-f_L + f_a/2 - f_b/2 + f_c/2 + f_d/2,False
693,1,-1,1,-1,1,1,-1,1,-1,1,3,3,-3,0,-6,-6,3,0,-3,3,False,False,True,False,False,True,False,6,-1/240,-f_L + f_a/2 - f_b/2 + f_c/2 + f_d/2,False
694,1,-1,1,-1,1,1,-1,1,1,-1,3,3,-3,0,-6,-6,3,0,3,-3,False,False,True,False,True,False,False,6,-1/240,-f_L + f_a/2 - f_b/2 + f_c/2 + f_d/2,False
695,1,-1,1,-1,1,1,-1,1,1,1,3,3,-3,0,-6,-6,3,0,3,3,False,False,True,False,True,True,False,8,-1/180,-f_L + f_a/2 - f_b/2 + f_c/2 + f_d/2,False
696,1,-1,1,-1,1,1,1,-1,-1,-1,3,3,-3,0,-6,-6,-3,0,-3,-3,False,False,True,False,True,True,False,6,-1/240,-f_L + f_a/2 - f_b/2 + f_c/2 + f_d/2,False
697,1,-1,1,-1,1,1,1,-1,-1,1,3,3,-3,0,-6,-6,-3,0,-3,3,False,False,True,False,True,False,False,8,-1/180,-f_L + f_a/2 - f_b/2 + f_c/2 + f_d/2,False
698,1,-1,1,-1,1,1,1,-1,1,-1,3,3,-3,0,-6,-6,-3,0,3,-3,False,False,True,False,False,True,False,8,-1/180,-f_L + f_a/2 - f_b/2 + f_c/2 + f_d/2,False
699,1,-1,1,-1,1,1,1,-1,1,1,3,3,-3,0,-6,-6,-3,0,3,3,False,False,True,False,False,False,False,10,-1/144,-f_L + f_a/2 - f_b/2 + f_c/2 + f_d/2,False
700,1,-1,1,-1,1,1,1,1,-1,-1,3,3,-3,0,-6,-6,-3,0,-3,-3,False,False,True,False,True,True,False,8,-1/180,-f_L + f_a/2 - f_b/2 + f_c/2 + f_d/2,False
701,1,-1,1,-1,1,1,1,1,-1,1,3,3,-3,0,-6,-6,-3,0,-3,3,False,False,True,False,True,False,False,10,-1/144,-f_L + f_a/2 - f_b/2 + f_c/2 + f_d/2,False
702,1,-1,1,-1,1,1,1,1,1,-1,3,3,-3,0,-6,-6,-3,0,3,-3,False,False,True,False,False,True,False,10,-1/144,-f_L + f_a/2 - f_b/2 + f_c/2 + f_d/2,False
703,1,-1,1,-1,1,1,1,1,1,1,3,3,-3,0,-6,-6,-3,0,3,3,False,False,True,False,False,False,False,12,-1/120,-f_L + f_a/2 - f_b/2 + f_c/2 + f_d/2,False
704,1,-1,1,1,-1,-1,-1,-1,-1,-1,3,3,-3,0,6,6,3,0,-3,-3,False,False,True,False,False,False,False,0,0,-f_L + f_a/2 - f_b/2 + 3*f_c/2 - f_d/2,False
705,1,-1,1,1,-1,-1,-1,-1,-1,1,3,3,-3,0,6,6,3,0,-3,3,False,False,True,False,False,True,False,2,-1/720,-f_L + f_a/2 - f_b/2 + 3*f_c/2 - f_d/2,False
706,1,-1,1,1,-1,-1,-1,-1,1,-1,3,3,-3,0,6,6,3,0,3,-3,False,False,True,False,True,False,False,2,-1/720,-f_L + f_a/2 - f_b/2 + 3*f_c/2 - f_d/2,False
707,1,-1,1,1,-1,-1,-1,-1,1,1,3,3,-3,0,6,6,3,0,3,3,False,False,True,False,True,True,False,4,-1/360,-f_L + f_a/2 - f_b/2 + 3*f_c/2 - f_d/2,False
708,1,-1,1,1,-1,-1,-1,1,-1,-1,3,3,-3,0,6,6,3,0,-3,-3,False,False,True,False,False,False,False,2,-1/720,-f_L + f_a/2 - f_b/2 + 3*f_c/2 - f_d/2,False
709,1,-1,1,1,-1,-1,-1,1,-1,1,3,3,-3,0,6,6,3,0,-3,3,False,False,True,False,False,True,False,4,-1/360,-f_L + f_a/2 - f_b/2 + 3*f_c/2 - f_d/2,False
710,1,-1,1,1,-1,-1,-1,1,1,-1,3,3,-3,0,6,6,3,0,3,-3,False,False,True,False,True,False,False,4,-1/360,-f_L + f_a/2 - f_b/2 + 3*f_c/2 - f_d/2,False
711,1,-1,1,1,-1,-1,-1,1,1,1,3,3,-3,0,6,6,3,0,3,3,False,False,True,False,True,True,False,6,-1/240,-f_L + f_a/2 - f_b/2 + 3*f_c/2 - f_d/2,False
712,1,-1,1,1,-1,-1,1,-1,-1,-1,3,3,-3,0,6,6,-3,0,-3,-3,False,False,True,False,True,True,False,4,-1/360,-f_L + f_a/2 - f_b/2 + 3*f_c/2 - f_d/2,False
713,1,-1,1,1,-1,-1,1,-1,-1,1,3,3,-3,0,6,6,-3,0,-3,3,False,False,True,False,True,False,False,6,-1/240,-f_L + f_a/2 - f_b/2 + 3*f_c/2 - f_d/2,False
714,1,-1,1,1,-1,-1,1,-1,1,-1,3,3,-3,0,6,6,-3,0,3,-3,False,False,True,False,False,True,False,6,-1/240,-f_L + f_a/2 - f_b/2 + 3*f_c/2 - f_d/2,False
715,1,-1,1,1,-1,-1,1,-1,1,1,3,3,-3,0,6,6,-3,0,3,3,False,False,True,False,False,False,False,8,-1/180,-f_L + f_a/2 - f_b/2 + 3*f_c/2 - f_d/2,False
716,1,-1,1,1,-1,-1,1,1,-1,-1,3,3,-3,0,6,6,-3,0,-3,-3,False,False,True,False,True,True,False,6,-1/240,-f_L + f_a/2 - f_b/2 + 3*f_c/2 - f_d/2,False
717,1,-1,1,1,-1,-1,1,1,-1,1,3,3,-3,0,6,6,-3,0,-3,3,False,False,True,False,True,False,False,8,-1/180,-f_L + f_a/2 - f_b/2 + 3*f_c/2 - f_d/2,False
718,1,-1,1,1,-1,-1,1,1,1,-1,3,3,-3,0,6,6,-3,0,3,-3,False,False,True,False,False,True,False,8,-1/180,-f_L + f_a/2 - f_b/2 + 3*f_c/2 - f_d/2,False
719,1,-1,1,1,-1,-1,1,1,1,1,3,3,-3,0,6,6,-3,0,3,3,False,False,True,False,False,False,False,10,-1/144,-f_L + f_a/2 - f_b/2 + 3*f_c/2 - f_d/2,False
720,1,-1,1,1,-1,1,-1,-1,-1,-1,3,3,-3,0,6,-6,3,0,-3,-3,False,False,True,False,False,False,False,4,-1/360,-f_L + f_a/2 - f_b/2 + 3*f_c/2 - f_d/2,False
721,1,-1,1,1,-1,1,-1,-1,-1,1,3,3,-3,0,6,-6,3,0,-3,3,False,False,True,False,False,True,False,6,-1/240,-f_L + f_a/2 - f_b/2 + 3*f_c/2 - f_d/2,False
722,1,-1,1,1,-1,1,-1,-1,1,-1,3,3,-3,0,6,-6,3,0,3,-3,False,False,True,False,True,False,False,6,-1/240,-f_L + f_a/2 - f_b/2 + 3*f_c/2 - f_d/2,False
723,1,-1,1,1,-1,1,-1,-1,1,1,3,3,-3,0,6,-6,3,0,3,3,False,False,True,False,True,True,False,8,-1/180,-f_L + f_a/2 - f_b/2 + 3*f_c/2 - f_d/2,False
724,1,-1,1,1,-1,1,-1,1,-1,-1,3,3,-3,0,6,-6,3,0,-3,-3,False,False,True,False,False,False,False,6,-1/240,-f_L + f_a/2 - f_b/2 + 3*f_c/2 - f_d/2,False
725,1,-1,1,1,-1,1,-1,1,-1,1,3,3,-3,0,6,-6,3,0,-3,3,False,False,True,False,False,True,False,8,-1/180,-f_L + f_a/2 - f_b/2 + 3*f_c/2 - f_d/2,False
726,1,-1,1,1,-1,1,-1,1,1,-1,3,3,-3,0,6,-6,3,0,3,-3,False,False,True,False,True,False,False,8,-1/180,-f_L + f_a/2 - f_b/2 + 3*f_c/2 - f_d/2,False
727,1,-1,1,1,-1,1,-1,1,1,1,3,3,-3,0,6,-6,3,0,3,3,False,False,True,False,True,True,False,10,-1/144,-f_L + f_a/2 - f_b/2 + 3*f_c/2 - f_d/2,False
728,1,-1,1,1,-1,1,1,-1,-1,-1,3,3,-3,0,6,-6,-3,0,-3,-3,False,False,True,False,True,True,False,8,-1/180,-f_L + f_a/2 - f_b/2 + 3*f_c/2 - f_d/2,False
729,1,-1,1,1,-1,1,1,-1,-1,1,3,3,-3,0,6,-6,-3,0,-3,3,False,False,True,False,True,False,False,10,-1/144,-f_L + f_a/2 - f_b/2 + 3*f_c/2 - f_d/2,False
730,1,-1,1,1,-1,1,1,-1,1,-1,3,3,-3,0,6,-6,-3,0,3,-3,False,False,True,False,False,True,False,10,-1/144,-f_L + f_a/2 - f_b/2 + 3*f_c/2 - f_d/2,False
731,1,-1,1,1,-1,1,1,-1,1,1,3,3,-3,0,6,-6,-3,0,3,3,False,False,True,False,False,False,False,12,-1/120,-f_L + f_a/2 - f_b/2 + 3*f_c/2 - f_d/2,False
732,1,-1,1,1,-1,1,1,1,-1,-1,3,3,-3,0,6,-6,-3,0,-3,-3,False,False,True,False,True,True,False,10,-1/144,-f_L + f_a/2 - f_b/2 + 3*f_c/2 - f_d/2,False
733,1,-1,1,1,-1,1,1,1,-1,1,3,3,-3,0,6,-6,-3,0,-3,3,False,False,True,False,True,False,False,12,-1/120,-f_L + f_a/2 - f_b/2 + 3*f_c/2 - f_d/2,False
734,1,-1,1,1,-1,1,1,1,1,-1,3,3,-3,0,6,-6,-3,0,3,-3,False,False,True,False,False,True,False,12,-1/120,-f_L + f_a/2 - f_b/2 + 3*f_c/2 - f_d/2,False
735,1,-1,1,1,-1,1,1,1,1,1,3,3,-3,0,6,-6,-3,0,3,3,False,False,True,False,False,False,False,14,-7/720,-f_L + f_a/2 - f_b/2 + 3*f_c/2 - f_d/2,False
736,1,-1,1,1,1,-1,-1,-1,-1,-1,3,3,-3,0,-6,6,3,0,-3,-3,False,False,True,False,False,False,False,4,-1/360,-f_L + f_a/2 - f_b/2 + 3*f_c/2 - f_d/2,False
737,1,-1,1,1,1,-1,-1,-1,-1,1,3,3,-3,0,-6,6,3,0,-3,3,False,False,True,False,False,True,False,6,-1/240,-f_L + f_a/2 - f_b/2 + 3*f_c/2 - f_d/2,False
738,1,-1,1,1,1,-1,-1,-1,1,-1,3,3,-3,0,-6,6,3,0,3,-3,False,False,True,False,True,False,False,6,-1/240,-f_L + f_a/2 - f_b/2 + 3*f_c/2 - f_d/2,False
739,1,-1,1,1,1,-1,-1,-1,1,1,3,3,-3,0,-6,6,3,0,3,3,False,False,True,False,True,True,False,8,-1/180,-f_L + f_a/2 - f_b/2 + 3*f_c/2 - f_d/2,False
740,1,-1,1,1,1,-1,-1,1,-1,-1,3,3,-3,0,-6,6,3,0,-3,-3,False,False,True,False,False,False,False,6,-1/240,-f_L + f_a/2 - f_b/2 + 3*f_c/2 - f_d/2,False
741,1,-1,1,1,1,-1,-1,1,-1,1,3,3,-3,0,-6,6,3,0,-3,3,False,False,True,False,False,True,False,8,-1/180,-f_L + f_a/2 - f_b/2 + 3*f_c/2 - f_d/2,False
742,1,-1,1,1,1,-1,-1,1,1,-1,3,3,-3,0,-6,6,3,0,3,-3,False,False,True,False,True,False,False,8,-1/180,-f_L + f_a/2 - f_b/2 + 3*f_c/2 - f_d/2,False
743,1,-1,1,1,1,-1,-1,1,1,1,3,3,-3,0,-6,6,3,0,3,3,False,False,True,False,True,True,False,10,-1/144,-f_L + f_a/2 - f_b/2 + 3*f_c/2 - f_d/2,False
744,1,-1,1,1,1,-1,1,-1,-1,-1,3,3,-3,0,-6,6,-3,0,-3,-3,False,False,True,False,True,True,False,8,-1/180,-f_L + f_a/2 - f_b/2 + 3*f_c/2 - f_d/2,False
745,1,-1,1,1,1,-1,1,-1,-1,1,3,3,-3,0,-6,6,-3,0,-3,3,False,False,True,False,True,False,False,10,-1/144,-f_L + f_a/2 - f_b/2 + 3*f_c/2 - f_d/2,False
746,1,-1,1,1,1,-1,1,-1,1,-1,3,3,-3,0,-6,6,-3,0,3,-3,False,False,True,False,False,True,False,10,-1/144,-f_L + f_a/2 - f_b/2 + 3*f_c/2 - f_d/2,False
747,1,-1,1,1,1,-1,1,-1,1,1,3,3,-3,0,-6,6,-3,0,3,3,False,False,True,False,False,False,False,12,-1/120,-f_L + f_a/2 - f_b/2 + 3*f_c/2 - f_d/2,False
748,1,-1,1,1,1,-1,1,1,-1,-1,3,3,-3,0,-6,6,-3,0,-3,-3,False,False,True,False,True,True,False,10,-1/144,-f_L + f_a/2 - f_b/2 + 3*f_c/2 - f_d/2,False
749,1,-1,1,1,1,-1,1,1,-1,1,3,3,-3,0,-6,6,-3,0,-3,3,False,False,True,False,True,False,False,12,-1/120,-f_L + f_a/2 - f_b/2 + 3*f_c/2 - f_d/2,False
750,1,-1,1,1,1,-1,1,1,1,-1,3,3,-3,0,-6,6,-3,0,3,-3,False,False,True,False,False,True,False,12,-1/120,-f_L + f_a/2 - f_b/2 + 3*f_c/2 - f_d/2,False
751,1,-1,1,1,1,-1,1,1,1,1,3,3,-3,0,-6,6,-3,0,3,3,False,False,True,False,False,False,False,14,-7/720,-f_L + f_a/2 - f_b/2 + 3*f_c/2 - f_d/2,False
752,1,-1,1,1,1,1,-1,-1,-1,-1,3,3,-3,0,-6,-6,3,0,-3,-3,False,False,True,False,False,False,False,8,-1/180,-f_L + f_a/2 - f_b/2 + 3*f_c/2 - f_d/2,False
753,1,-1,1,1,1,1,-1,-1,-1,1,3,3,-3,0,-6,-6,3,0,-3,3,False,False,True,False,False,True,False,10,-1/144,-f_L + f_a/2 - f_b/2 + 3*f_c/2 - f_d/2,False
754,1,-1,1,1,1,1,-1,-1,1,-1,3,3,-3,0,-6,-6,3,0,3,-3,False,False,True,False,True,False,False,10,-1/144,-f_L + f_a/2 - f_b/2 + 3*f_c/2 - f_d/2,False
755,1,-1,1,1,1,1,-1,-1,1,1,3,3,-3,0,-6,-6,3,0,3,3,False,False,True,False,True,True,False,12,-1/120,-f_L + f_a/2 - f_b/2 + 3*f_c/2 - f_d/2,False
756,1,-1,1,1,1,1,-1,1,-1,-1,3,3,-3,0,-6,-6,3,0,-3,-3,False,False,True,False,False,False,False,10,-1/144,-f_L + f_a/2 - f_b/2 + 3*f_c/2 - f_d/2,False
757,1,-1,1,1,1,1,-1,1,-1,1,3,3,-3,0,-6,-6,3,0,-3,3,False,False,True,False,False,True,False,12,-1/120,-f_L + f_a/2 - f_b/2 + 3*f_c/2 - f_d/2,False
758,1,-1,1,1,1,1,-1,1,1,-1,3,3,-3,0,-6,-6,3,0,3,-3,False,False,True,False,True,False,False,12,-1/120,-f_L + f_a/2 - f_b/2 + 3*f_c/2 - f_d/2,False
759,1,-1,1,1,1,1,-1,1,1,1,3,3,-3,0,-6,-6,3,0,3,3,False,False,True,False,True,True,False,14,-7/720,-f_L + f_a/2 - f_b/2 + 3*f_c/2 - f_d/2,False
760,1,-1,1,1,1,1,1,-1,-1,-1,3,3,-3,0,-6,-6,-3,0,-3,-3,False,False,True,False,True,True,False,12,-1/120,-f_L + f_a/2 - f_b/2 + 3*f_c/2 - f_d/2,False
761,1,-1,1,1,1,1,1,-1,-1,1,3,3,-3,0,-6,-6,-3,0,-3,3,False,False,True,False,True,False,False,14,-7/720,-f_L + f_a/2 - f_b/2 + 3*f_c/2 - f_d/2,False
762,1,-1,1,1,1,1,1,-1,1,-1,3,3,-3,0,-6,-6,-3,0,3,-3,False,False,True,False,False,True,False,14,-7/720,-f_L + f_a/2 - f_b/2 + 3*f_c/2 - f_d/2,False
763,1,-1,1,1,1,1,1,-1,1,1,3,3,-3,0,-6,-6,-3,0,3,3,False,False,True,False,False,False,False,16,-1/90,-f_L + f_a/2 - f_b/2 + 3*f_c/2 - f_d/2,False
764,1,-1,1,1,1,1,1,1,-1,-1,3,3,-3,0,-6,-6,-3,0,-3,-3,False,False,True,False,True,True,False,14,-7/720,-f_L + f_a/2 - f_b/2 + 3*f_c/2 - f_d/2,False
765,1,-1,1,1,1,1,1,1,-1,1,3,3,-3,0,-6,-6,-3,0,-3,3,False,False,True,False,True,False,False,16,-1/90,-f_L + f_a/2 - f_b/2 + 3*f_c/2 - f_d/2,False
766,1,-1,1,1,1,1,1,1,1,-1,3,3,-3,0,-6,-6,-3,0,3,-3,False,False,True,False,False,True,False,16,-1/90,-f_L + f_a/2 - f_b/2 + 3*f_c/2 - f_d/2,False
767,1,-1,1,1,1,1,1,1,1,1,3,3,-3,0,-6,-6,-3,0,3,3,False,False,True,False,False,False,False,18,-1/80,-f_L + f_a/2 - f_b/2 + 3*f_c/2 - f_d/2,False
768,1,1,-1,-1,-1,-1,-1,-1,-1,-1,3,-3,3,0,6,6,3,0,-3,-3,False,False,False,True,False,False,False,-6,1/240,-f_L - f_a/2 + f_b/2 + f_c/2 + f_d/2,False
769,1,1,-1,-1,-1,-1,-1,-1,-1,1,3,-3,3,0,6,6,3,0,-3,3,False,False,False,True,False,True,False,-4,1/360,-f_L - f_a/2 + f_b/2 + f_c/2 + f_d/2,False
770,1,1,-1,-1,-1,-1,-1,-1,1,-1,3,-3,3,0,6,6,3,0,3,-3,False,False,False,True,True,False,False,-4,1/360,-f_L - f_a/2 + f_b/2 + f_c/2 + f_d/2,False
771,1,1,-1,-1,-1,-1,-1,-1,1,1,3,-3,3,0,6,6,3,0,3,3,False,False,False,True,True,True,False,-2,1/720,-f_L - f_a/2 + f_b/2 + f_c/2 + f_d/2,False
772,1,1,-1,-1,-1,-1,-1,1,-1,-1,3,-3,3,0,6,6,3,0,-3,-3,False,False,False,True,False,False,False,-4,1/360,-f_L - f_a/2 + f_b/2 + f_c/2 + f_d/2,False
773,1,1,-1,-1,-1,-1,-1,1,-1,1,3,-3,3,0,6,6,3,0,-3,3,False,False,False,True,False,True,False,-2,1/720,-f_L - f_a/2 + f_b/2 + f_c/2 + f_d/2,False
774,1,1,-1,-1,-1,-1,-1,1,1,-1,3,-3,3,0,6,6,3,0,3,-3,False,False,False,True,True,False,False,-2,1/720,-f_L - f_a/2 + f_b/2 + f_c/2 + f_d/2,False
775,1,1,-1,-1,-1,-1,-1,1,1,1,3,-3,3,0,6,6,3,0,3,3,False,False,False,True,True,True,False,0,0,-f_L - f_a/2 + f_b/2 + f_c/2 + f_d/2,False
776,1,1,-1,-1,-1,-1,1,-1,-1,-1,3,-3,3,0,6,6,-3,0,-3,-3,False,False,False,True,True,True,False,-2,1/720,-f_L - f_a/2 + f_b/2 + f_c/2 + f_d/2,False
777,1,1,-1,-1,-1,-1,1,-1,-1,1,3,-3,3,0,6,6,-3,0,-3,3,False,False,False,True,True,False,False,0,0,-f_L - f_a/2 + f_b/2 + f_c/2 + f_d/2,False
778,1,1,-1,-1,-1,-1,1,-1,1,-1,3,-3,3,0,6,6,-3,0,3,-3,False,False,False,True,False,True,False,0,0,-f_L - f_a/2 + f_b/2 + f_c/2 + f_d/2,False
779,1,1,-1,-1,-1,-1,1,-1,1,1,3,-3,3,0,6,6,-3,0,3,3,False,False,False,True,False,False,False,2,-1/720,-f_L - f_a/2 + f_b/2 + f_c/2 + f_d/2,False
780,1,1,-1,-1,-1,-1,1,1,-1,-1,3,-3,3,0,6,6,-3,0,-3,-3,False,False,False,True,True,True,False,0,0,-f_L - f_a/2 + f_b/2 + f_c/2 + f_d/2,False
781,1,1,-1,-1,-1,-1,1,1,-1,1,3,-3,3,0,6,6,-3,0,-3,3,False,False,False,True,True,False,False,2,-1/720,-f_L - f_a/2 + f_b/2 + f_c/2 + f_d/2,False
782,1,1,-1,-1,-1,-1,1,1,1,-1,3,-3,3,0,6,6,-3,0,3,-3,False,False,False,True,False,True,False,2,-1/720,-f_L - f_a/2 + f_b/2 + f_c/2 + f_d/2,False
783,1,1,-1,-1,-1,-1,1,1,1,1,3,-3,3,0,6,6,-3,0,3,3,False,False,False,True,False,False,False,4,-1/360,-f_L - f_a/2 + f_b/2 + f_c/2 + f_d/2,False
784,1,1,-1,-1,-1,1,-1,-1,-1,-1,3,-3,3,0,6,-6,3,0,-3,-3,False,False,False,True,False,False,False,-2,1/720,-f_L - f_a/2 + f_b/2 + f_c/2 + f_d/2,False
785,1,1,-1,-1,-1,1,-1,-1,-1,1,3,-3,3,0,6,-6,3,0,-3,3,False,False,False,True,False,True,False,0,0,-f_L - f_a/2 + f_b/2 + f_c/2 + f_d/2,False
786,1,1,-1,-1,-1,1,-1,-1,1,-1,3,-3,3,0,6,-6,3,0,3,-3,False,False,False,True,True,False,False,0,0,-f_L - f_a/2 + f_b/2 + f_c/2 + f_d/2,False
787,1,1,-1,-1,-1,1,-1,-1,1,1,3,-3,3,0,6,-6,3,0,3,3,False,False,False,True,True,True,False,2,-1/720,-f_L - f_a/2 + f_b/2 + f_c/2 + f_d/2,False
788,1,1,-1,-1,-1,1,-1,1,-1,-1,3,-3,3,0,6,-6,3,0,-3,-3,False,False,False,True,False,False,False,0,0,-f_L - f_a/2 + f_b/2 + f_c/2 + f_d/2,False
789,1,1,-1,-1,-1,1,-1,1,-1,1,3,-3,3,0,6,-6,3,0,-3,3,False,False,False,True,False,True,False,2,-1/720,-f_L - f_a/2 + f_b/2 + f_c/2 + f_d/2,False
790,1,1,-1,-1,-1,1,-1,1,1,-1,3,-3,3,0,6,-6,3,0,3,-3,False,False,False,True,True,False,False,2,-1/720,-f_L - f_a/2 + f_b/2 + f_c/2 + f_d/2,False
791,1,1,-1,-1,-1,1,-1,1,1,1,3,-3,3,0,6,-6,3,0,3,3,False,False,False,True,True,True,False,4,-1/360,-f_L - f_a/2 + f_b/2 + f_c/2 + f_d/2,False
792,1,1,-1,-1,-1,1,1,-1,-1,-1,3,-3,3,0,6,-6,-3,0,-3,-3,False,False,False,True,True,True,False,2,-1/720,-f_L - f_a/2 + f_b/2 + f_c/2 + f_d/2,False
793,1,1,-1,-1,-1,1,1,-1,-1,1,3,-3,3,0,6,-6,-3,0,-3,3,False,False,False,True,True,False,False,4,-1/360,-f_L - f_a/2 + f_b/2 + f_c/2 + f_d/2,False
794,1,1,-1,-1,-1,1,1,-1,1,-1,3,-3,3,0,6,-6,-3,0,3,-3,False,False,False,True,False,True,False,4,-1/360,-f_L - f_a/2 + f_b/2 + f_c/2 + f_d/2,False
795,1,1,-1,-1,-1,1,1,-1,1,1,3,-3,3,0,6,-6,-3,0,3,3,False,False,False,True,False,False,False,6,-1/240,-f_L - f_a/2 + f_b/2 + f_c/2 + f_d/2,False
796,1,1,-1,-1,-1,1,1,1,-1,-1,3,-3,3,0,6,-6,-3,0,-3,-3,False,False,False,True,True,True,False,4,-1/360,-f_L - f_a/2 + f_b/2 + f_c/2 + f_d/2,False
797,1,1,-1,-1,-1,1,1,1,-1,1,3,-3,3,0,6,-6,-3,0,-3,3,False,False,False,True,True,False,False,6,-1/240,-f_L - f_a/2 + f_b/2 + f_c/2 + f_d/2,False
798,1,1,-1,-1,-1,1,1,1,1,-1,3,-3,3,0,6,-6,-3,0,3,-3,False,False,False,True,False,True,False,6,-1/240,-f_L - f_a/2 + f_b/2 + f_c/2 + f_d/2,False
799,1,1,-1,-1,-1,1,1,1,1,1,3,-3,3,0,6,-6,-3,0,3,3,False,False,False,True,False,False,False,8,-1/180,-f_L - f_a/2 + f_b/2 + f_c/2 + f_d/2,False
800,1,1,-1,-1,1,-1,-1,-1,-1,-1,3,-3,3,0,-6,6,3,0,-3,-3,False,False,False,True,False,False,False,-2,1/720,-f_L - f_a/2 + f_b/2 + f_c/2 + f_d/2,False
801,1,1,-1,-1,1,-1,-1,-1,-1,1,3,-3,3,0,-6,6,3,0,-3,3,False,False,False,True,False,True,False,0,0,-f_L - f_a/2 + f_b/2 + f_c/2 + f_d/2,False
802,1,1,-1,-1,1,-1,-1,-1,1,-1,3,-3,3,0,-6,6,3,0,3,-3,False,False,False,True,True,False,False,0,0,-f_L - f_a/2 + f_b/2 + f_c/2 + f_d/2,False
803,1,1,-1,-1,1,-1,-1,-1,1,1,3,-3,3,0,-6,6,3,0,3,3,False,False,False,True,True,True,False,2,-1/720,-f_L - f_a/2 + f_b/2 + f_c/2 + f_d/2,False
804,1,1,-1,-1,1,-1,-1,1,-1,-1,3,-3,3,0,-6,6,3,0,-3,-3,False,False,False,True,False,False,False,0,0,-f_L - f_a/2 + f_b/2 + f_c/2 + f_d/2,False
805,1,1,-1,-1,1,-1,-1,1,-1,1,3,-3,3,0,-6,6,3,0,-3,3,False,False,False,True,False,True,False,2,-1/720,-f_L - f_a/2 + f_b/2 + f_c/2 + f_d/2,False
806,1,1,-1,-1,1,-1,-1,1,1,-1,3,-3,3,0,-6,6,3,0,3,-3,False,False,False,True,True,False,False,2,-1/720,-f_L - f_a/2 + f_b/2 + f_c/2 + f_d/2,False
807,1,1,-1,-1,1,-1,-1,1,1,1,3,-3,3,0,-6,6,3,0,3,3,False,False,False,True,True,True,False,4,-1/360,-f_L - f_a/2 + f_b/2 + f_c/2 + f_d/2,False
808,1,1,-1,-1,1,-1,1,-1,-1,-1,3,-3,3,0,-6,6,-3,0,-3,-3,False,False,False,True,True,True,False,2,-1/720,-f_L - f_a/2 + f_b/2 + f_c/2 + f_d/2,False
809,1,1,-1,-1,1,-1,1,-1,-1,1,3,-3,3,0,-6,6,-3,0,-3,3,False,False,False,True,True,False,False,4,-1/360,-f_L - f_a/2 + f_b/2 + f_c/2 + f_d/2,False
810,1,1,-1,-1,1,-1,1,-1,1,-1,3,-3,3,0,-6,6,-3,0,3,-3,False,False,False,True,False,True,False,4,-1/360,-f_L - f_a/2 + f_b/2 + f_c/2 + f_d/2,False
811,1,1,-1,-1,1,-1,1,-1,1,1,3,-3,3,0,-6,6,-3,0,3,3,False,False,False,True,False,False,False,6,-1/240,-f_L - f_a/2 + f_b/2 + f_c/2 + f_d/2,False
812,1,1,-1,-1,1,-1,1,1,-1,-1,3,-3,3,0,-6,6,-3,0,-3,-3,False,False,False,True,True,True,False,4,-1/360,-f_L - f_a/2 + f_b/2 + f_c/2 + f_d/2,False
813,1,1,-1,-1,1,-1,1,1,-1,1,3,-3,3,0,-6,6,-3,0,-3,3,False,False,False,True,True,False,False,6,-1/240,-f_L - f_a/2 + f_b/2 + f_c/2 + f_d/2,False
814,1,1,-1,-1,1,-1,1,1,1,-1,3,-3,3,0,-6,6,-3,0,3,-3,False,False,False,True,False,True,False,6,-1/240,-f_L - f_a/2 + f_b/2 + f_c/2 + f_d/2,False
815,1,1,-1,-1,1,-1,1,1,1,1,3,-3,3,0,-6,6,-3,0,3,3,False,False,False,True,False,False,False,8,-1/180,-f_L - f_a/2 + f_b/2 + f_c/2 + f_d/2,False
816,1,1,-1,-1,1,1,-1,-1,-1,-1,3,-3,3,0,-6,-6,3,0,-3,-3,False,False,False,True,False,False,False,2,-1/720,-f_L - f_a/2 + f_b/2 + f_c/2 + f_d/2,False
817,1,1,-1,-1,1,1,-1,-1,-1,1,3,-3,3,0,-6,-6,3,0,-3,3,False,False,False,True,False,True,False,4,-1/360,-f_L - f_a/2 + f_b/2 + f_c/2 + f_d/2,False
818,1,1,-1,-1,1,1,-1,-1,1,-1,3,-3,3,0,-6,-6,3,0,3,-3,False,False,False,True,True,False,False,4,-1/360,-f_L - f_a/2 + f_b/2 + f_c/2 + f_d/2,False
819,1,1,-1,-1,1,1,-1,-1,1,1,3,-3,3,0,-6,-6,3,0,3,3,False,False,False,True,True,True,False,6,-1/240,-f_L - f_a/2 + f_b/2 + f_c/2 + f_d/2,False
820,1,1,-1,-1,1,1,-1,1,-1,-1,3,-3,3,0,-6,-6,3,0,-3,-3,False,False,False,True,False,False,False,4,-1/360,-f_L - f_a/2 + f_b/2 + f_c/2 + f_d/2,False
821,1,1,-1,-1,1,1,-1,1,-1,1,3,-3,3,0,-6,-6,3,0,-3,3,False,False,False,True,False,True,False,6,-1/240,-f_L - f_a/2 + f_b/2 + f_c/2 + f_d/2,False
822,1,1,-1,-1,1,1,-1,1,1,-1,3,-3,3,0,-6,-6,3,0,3,-3,False,False,False,True,True,False,False,6,-1/240,-f_L - f_a/2 + f_b/2 + f_c/2 + f_d/2,False
823,1,1,-1,-1,1,1,-1,1,1,1,3,-3,3,0,-6,-6,3,0,3,3,False,False,False,True,True,True,False,8,-1/180,-f_L - f_a/2 + f_b/2 + f_c/2 + f_d/2,False
824,1,1,-1,-1,1,1,1,-1,-1,-1,3,-3,3,0,-6,-6,-3,0,-3,-3,False,False,False,True,True,True,False,6,-1/240,-f_L - f_a/2 + f_b/2 + f_c/2 + f_d/2,False
825,1,1,-1,-1,1,1,1,-1,-1,1,3,-3,3,0,-6,-6,-3,0,-3,3,False,False,False,True,True,False,False,8,-1/180,-f_L - f_a/2 + f_b/2 + f_c/2 + f_d/2,False
826,1,1,-1,-1,1,1,1,-1,1,-1,3,-3,3,0,-6,-6,-3,0,3,-3,False,False,False,True,False,True,False,8,-1/180,-f_L - f_a/2 + f_b/2 + f_c/2 + f_d/2,False
827,1,1,-1,-1,1,1,1,-1,1,1,3,-3,3,0,-6,-6,-3,0,3,3,False,False,False,True,False,False,False,10,-1/144,-f_L - f_a/2 + f_b/2 + f_c/2 + f_d/2,False
828,1,1,-1,-1,1,1,1,1,-1,-1,3,-3,3,0,-6,-6,-3,0,-3,-3,False,False,False,True,True,True,False,8,-1/180,-f_L - f_a/2 + f_b/2 + f_c/2 + f_d/2,False
829,1,1,-1,-1,1,1,1,1,-1,1,3,-3,3,0,-6,-6,-3,0,-3,3,False,False,False,True,True,False,False,10,-1/144,-f_L - f_a/2 + f_b/2 + f_c/2 + f_d/2,False
830,1,1,-1,-1,1,1,1,1,1,-1,3,-3,3,0,-6,-6,-3,0,3,-3,False,False,False,True,False,True,False,10,-1/144,-f_L - f_a/2 + f_b/2 + f_c/2 + f_d/2,False
831,1,1,-1,-1,1,1,1,1,1,1,3,-3,3,0,-6,-6,-3,0,3,3,False,False,False,True,False,False,False,12,-1/120,-f_L - f_a/2 + f_b/2 + f_c/2 + f_d/2,False
832,1,1,-1,1,-1,-1,-1,-1,-1,-1,3,-3,3,0,6,6,3,0,-3,-3,False,False,False,True,False,False,False,0,0,-f_L - f_a/2 + f_b/2 + 3*f_c/2 - f_d/2,False
833,1,1,-1,1,-1,-1,-1,-1,-1,1,3,-3,3,0,6,6,3,0,-3,3,False,False,False,True,False,True,False,2,-1/720,-f_L - f_a/2 + f_b/2 + 3*f_c/2 - f_d/2,False
834,1,1,-1,1,-1,-1,-1,-1,1,-1,3,-3,3,0,6,6,3,0,3,-3,False,False,False,True,True,False,False,2,-1/720,-f_L - f_a/2 + f_b/2 + 3*f_c/2 - f_d/2,False
835,1,1,-1,1,-1,-1,-1,-1,1,1,3,-3,3,0,6,6,3,0,3,3,False,False,False,True,True,True,False,4,-1/360,-f_L - f_a/2 + f_b/2 + 3*f_c/2 - f_d/2,False
836,1,1,-1,1,-1,-1,-1,1,-1,-1,3,-3,3,0,6,6,3,0,-3,-3,False,False,False,True,False,False,False,2,-1/720,-f_L - f_a/2 + f_b/2 + 3*f_c/2 - f_d/2,False
837,1,1,-1,1,-1,-1,-1,1,-1,1,3,-3,3,0,6,6,3,0,-3,3,False,False,False,True,False,True,False,4,-1/360,-f_L - f_a/2 + f_b/2 + 3*f_c/2 - f_d/2,False
838,1,1,-1,1,-1,-1,-1,1,1,-1,3,-3,3,0,6,6,3,0,3,-3,False,False,False,True,True,False,False,4,-1/360,-f_L - f_a/2 + f_b/2 + 3*f_c/2 - f_d/2,False
839,1,1,-1,1,-1,-1,-1,1,1,1,3,-3,3,0,6,6,3,0,3,3,False,False,False,True,True,True,False,6,-1/240,-f_L - f_a/2 + f_b/2 + 3*f_c/2 - f_d/2,False
840,1,1,-1,1,-1,-1,1,-1,-1,-1,3,-3,3,0,6,6,-3,0,-3,-3,False,False,False,True,True,True,False,4,-1/360,-f_L - f_a/2 + f_b/2 + 3*f_c/2 - f_d/2,False
841,1,1,-1,1,-1,-1,1,-1,-1,1,3,-3,3,0,6,6,-3,0,-3,3,False,False,False,True,True,False,False,6,-1/240,-f_L - f_a/2 + f_b/2 + 3*f_c/2 - f_d/2,False
842,1,1,-1,1,-1,-1,1,-1,1,-1,3,-3,3,0,6,6,-3,0,3,-3,False,False,False,True,False,True,False,6,-1/240,-f_L - f_a/2 + f_b/2 + 3*f_c/2 - f_d/2,False
843,1,1,-1,1,-1,-1,1,-1,1,1,3,-3,3,0,6,6,-3,0,3,3,False,False,False,True,False,False,False,8,-1/180,-f_L - f_a/2 + f_b/2 + 3*f_c/2 - f_d/2,False
844,1,1,-1,1,-1,-1,1,1,-1,-1,3,-3,3,0,6,6,-3,0,-3,-3,False,False,False,True,True,True,False,6,-1/240,-f_L - f_a/2 + f_b/2 + 3*f_c/2 - f_d/2,False
845,1,1,-1,1,-1,-1,1,1,-1,1,3,-3,3,0,6,6,-3,0,-3,3,False,False,False,True,True,False,False,8,-1/180,-f_L - f_a/2 + f_b/2 + 3*f_c/2 - f_d/2,False
846,1,1,-1,1,-1,-1,1,1,1,-1,3,-3,3,0,6,6,-3,0,3,-3,False,False,False,True,False,True,False,8,-1/180,-f_L - f_a/2 + f_b/2 + 3*f_c/2 - f_d/2,False
847,1,1,-1,1,-1,-1,1,1,1,1,3,-3,3,0,6,6,-3,0,3,3,False,False,False,True,False,False,False,10,-1/144,-f_L - f_a/2 + f_b/2 + 3*f_c/2 - f_d/2,False
848,1,1,-1,1,-1,1,-1,-1,-1,-1,3,-3,3,0,6,-6,3,0,-3,-3,False,False,False,True,False,False,False,4,-1/360,-f_L - f_a/2 + f_b/2 + 3*f_c/2 - f_d/2,False
849,1,1,-1,1,-1,1,-1,-1,-1,1,3,-3,3,0,6,-6,3,0,-3,3,False,False,False,True,False,True,False,6,-1/240,-f_L - f_a/2 + f_b/2 + 3*f_c/2 - f_d/2,False
850,1,1,-1,1,-1,1,-1,-1,1,-1,3,-3,3,0,6,-6,3,0,3,-3,False,False,False,True,True,False,False,6,-1/240,-f_L - f_a/2 + f_b/2 + 3*f_c/2 - f_d/2,False
851,1,1,-1,1,-1,1,-1,-1,1,1,3,-3,3,0,6,-6,3,0,3,3,False,False,False,True,True,True,False,8,-1/180,-f_L - f_a/2 + f_b/2 + 3*f_c/2 - f_d/2,False
852,1,1,-1,1,-1,1,-1,1,-1,-1,3,-3,3,0,6,-6,3,0,-3,-3,False,False,False,True,False,False,False,6,-1/240,-f_L - f_a/2 + f_b/2 + 3*f_c/2 - f_d/2,False
853,1,1,-1,1,-1,1,-1,1,-1,1,3,-3,3,0,6,-6,3,0,-3,3,False,False,False,True,False,True,False,8,-1/180,-f_L - f_a/2 + f_b/2 + 3*f_c/2 - f_d/2,False
854,1,1,-1,1,-1,1,-1,1,1,-1,3,-3,3,0,6,-6,3,0,3,-3,False,False,False,True,True,False,False,8,-1/180,-f_L - f_a/2 + f_b/2 + 3*f_c/2 - f_d/2,False
855,1,1,-1,1,-1,1,-1,1,1,1,3,-3,3,0,6,-6,3,0,3,3,False,False,False,True,True,True,False,10,-1/144,-f_L - f_a/2 + f_b/2 + 3*f_c/2 - f_d/2,False
856,1,1,-1,1,-1,1,1,-1,-1,-1,3,-3,3,0,6,-6,-3,0,-3,-3,False,False,False,True,True,True,False,8,-1/180,-f_L - f_a/2 + f_b/2 + 3*f_c/2 - f_d/2,False
857,1,1,-1,1,-1,1,1,-1,-1,1,3,-3,3,0,6,-6,-3,0,-3,3,False,False,False,True,True,False,False,10,-1/144,-f_L - f_a/2 + f_b/2 + 3*f_c/2 - f_d/2,False
858,1,1,-1,1,-1,1,1,-1,1,-1,3,-3,3,0,6,-6,-3,0,3,-3,False,False,False,True,False,True,False,10,-1/144,-f_L - f_a/2 + f_b/2 + 3*f_c/2 - f_d/2,False
859,1,1,-1,1,-1,1,1,-1,1,1,3,-3,3,0,6,-6,-3,0,3,3,False,False,False,True,False,False,False,12,-1/120,-f_L - f_a/2 + f_b/2 + 3*f_c/2 - f_d/2,False
860,1,1,-1,1,-1,1,1,1,-1,-1,3,-3,3,0,6,-6,-3,0,-3,-3,False,False,False,True,True,True,False,10,-1/144,-f_L - f_a/2 + f_b/2 + 3*f_c/2 - f_d/2,False
861,1,1,-1,1,-1,1,1,1,-1,1,3,-3,3,0,6,-6,-3,0,-3,3,False,False,False,True,True,False,False,12,-1/120,-f_L - f_a/2 + f_b/2 + 3*f_c/2 - f_d/2,False
862,1,1,-1,1,-1,1,1,1,1,-1,3,-3,3,0,6,-6,-3,0,3,-3,False,False,False,True,False,True,False,12,-1/120,-f_L - f_a/2 + f_b/2 + 3*f_c/2 - f_d/2,False
863,1,1,-1,1,-1,1,1,1,1,1,3,-3,3,0,6,-6,-3,0,3,3,False,False,False,True,False,False,False,14,-7/720,-f_L - f_a/2 + f_b/2 + 3*f_c/2 - f_d/2,False
864,1,1,-1,1,1,-1,-1,-1,-1,-1,3,-3,3,0,-6,6,3,0,-3,-3,False,False,False,True,False,False,False,4,-1/360,-f_L - f_a/2 + f_b/2 + 3*f_c/2 - f_d/2,False
865,1,1,-1,1,1,-1,-1,-1,-1,1,3,-3,3,0,-6,6,3,0,-3,3,False,False,False,True,False,True,False,6,-1/240,-f_L - f_a/2 + f_b/2 + 3*f_c/2 - f_d/2,False
866,1,1,-1,1,1,-1,-1,-1,1,-1,3,-3,3,0,-6,6,3,0,3,-3,False,False,False,True,True,False,False,6,-1/240,-f_L - f_a/2 + f_b/2 + 3*f_c/2 - f_d/2,False
867,1,1,-1,1,1,-1,-1,-1,1,1,3,-3,3,0,-6,6,3,0,3,3,False,False,False,True,True,True,False,8,-1/180,-f_L - f_a/2 + f_b/2 + 3*f_c/2 - f_d/2,False
868,1,1,-1,1,1,-1,-1,1,-1,-1,3,-3,3,0,-6,6,3,0,-3,-3,False,False,False,True,False,False,False,6,-1/240,-f_L - f_a/2 + f_b/2 + 3*f_c/2 - f_d/2,False
869,1,1,-1,1,1,-1,-1,1,-1,1,3,-3,3,0,-6,6,3,0,-3,3,False,False,False,True,False,True,False,8,-1/180,-f_L - f_a/2 + f_b/2 + 3*f_c/2 - f_d/2,False
870,1,1,-1,1,1,-1,-1,1,1,-1,3,-3,3,0,-6,6,3,0,3,-3,False,False,False,True,True,False,False,8,-1/180,-f_L - f_a/2 + f_b/2 + 3*f_c/2 - f_d/2,False
871,1,1,-1,1,1,-1,-1,1,1,1,3,-3,3,0,-6,6,3,0,3,3,False,False,False,True,True,True,False,10,-1/144,-f_L - f_a/2 + f_b/2 + 3*f_c/2 - f_d/2,False
872,1,1,-1,1,1,-1,1,-1,-1,-1,3,-3,3,0,-6,6,-3,0,-3,-3,False,False,False,True,True,True,False,8,-1/180,-f_L - f_a/2 + f_b/2 + 3*f_c/2 - f_d/2,False
873,1,1,-1,1,1,-1,1,-1,-1,1,3,-3,3,0,-6,6,-3,0,-3,3,False,False,False,True,True,False,False,10,-1/144,-f_L - f_a/2 + f_b/2 + 3*f_c/2 - f_d/2,False
874,1,1,-1,1,1,-1,1,-1,1,-1,3,-3,3,0,-6,6,-3,0,3,-3,False,False,False,True,False,True,False,10,-1/144,-f_L - f_a/2 + f_b/2 + 3*f_c/2 - f_d/2,False
875,1,1,-1,1,1,-1,1,-1,1,1,3,-3,3,0,-6,6,-3,0,3,3,False,False,False,True,False,False,False,12,-1/120,-f_L - f_a/2 + f_b/2 + 3*f_c/2 - f_d/2,False
876,1,1,-1,1,1,-1,1,1,-1,-1,3,-3,3,0,-6,6,-3,0,-3,-3,False,False,False,True,True,True,False,10,-1/144,-f_L - f_a/2 + f_b/2 + 3*f_c/2 - f_d/2,False
877,1,1,-1,1,1,-1,1,1,-1,1,3,-3,3,0,-6,6,-3,0,-3,3,False,False,False,True,True,False,False,12,-1/120,-f_L - f_a/2 + f_b/2 + 3*f_c/2 - f_d/2,False
878,1,1,-1,1,1,-1,1,1,1,-1,3,-3,3,0,-6,6,-3,0,3,-3,False,False,False,True,False,True,False,12,-1/120,-f_L - f_a/2 + f_b/2 + 3*f_c/2 - f_d/2,False
879,1,1,-1,1,1,-1,1,1,1,1,3,-3,3,0,-6,6,-3,0,3,3,False,False,False,True,False,False,False,14,-7/720,-f_L - f_a/2 + f_b/2 + 3*f_c/2 - f_d/2,False
880,1,1,-1,1,1,1,-1,-1,-1,-1,3,-3,3,0,-6,-6,3,0,-3,-3,False,False,False,True,False,False,False,8,-1/180,-f_L - f_a/2 + f_b/2 + 3*f_c/2 - f_d/2,False
881,1,1,-1,1,1,1,-1,-1,-1,1,3,-3,3,0,-6,-6,3,0,-3,3,False,False,False,True,False,True,False,10,-1/144,-f_L - f_a/2 + f_b/2 + 3*f_c/2 - f_d/2,False
882,1,1,-1,1,1,1,-1,-1,1,-1,3,-3,3,0,-6,-6,3,0,3,-3,False,False,False,True,True,False,False,10,-1/144,-f_L - f_a/2 + f_b/2 + 3*f_c/2 - f_d/2,False
883,1,1,-1,1,1,1,-1,-1,1,1,3,-3,3,0,-6,-6,3,0,3,3,False,False,False,True,True,True,False,12,-1/120,-f_L - f_a/2 + f_b/2 + 3*f_c/2 - f_d/2,False
884,1,1,-1,1,1,1,-1,1,-1,-1,3,-3,3,0,-6,-6,3,0,-3,-3,False,False,False,True,False,False,False,10,-1/144,-f_L - f_a/2 + f_b/2 + 3*f_c/2 - f_d/2,False
885,1,1,-1,1,1,1,-1,1,-1,1,3,-3,3,0,-6,-6,3,0,-3,3,False,False,False,True,False,True,False,12,-1/120,-f_L - f_a/2 + f_b/2 + 3*f_c/2 - f_d/2,False
886,1,1,-1,1,1,1,-1,1,1,-1,3,-3,3,0,-6,-6,3,0,3,-3,False,False,False,True,True,False,False,12,-1/120,-f_L - f_a/2 + f_b/2 + 3*f_c/2 - f_d/2,False
887,1,1,-1,1,1,1,-1,1,1,1,3,-3,3,0,-6,-6,3,0,3,3,False,False,False,True,True,True,False,14,-7/720,-f_L - f_a/2 + f_b/2 + 3*f_c/2 - f_d/2,False
888,1,1,-1,1,1,1,1,-1,-1,-1,3,-3,3,0,-6,-6,-3,0,-3,-3,False,False,False,True,True,True,False,12,-1/120,-f_L - f_a/2 + f_b/2 + 3*f_c/2 - f_d/2,False
889,1,1,-1,1,1,1,1,-1,-1,1,3,-3,3,0,-6,-6,-3,0,-3,3,False,False,False,True,True,False,False,14,-7/720,-f_L - f_a/2 + f_b/2 + 3*f_c/2 - f_d/2,False
890,1,1,-1,1,1,1,1,-1,1,-1,3,-3,3,0,-6,-6,-3,0,3,-3,False,False,False,True,False,True,False,14,-7/720,-f_L - f_a/2 + f_b/2 + 3*f_c/2 - f_d/2,False
891,1,1,-1,1,1,1,1,-1,1,1,3,-3,3,0,-6,-6,-3,0,3,3,False,False,False,True,False,False,False,16,-1/90,-f_L - f_a/2 + f_b/2 + 3*f_c/2 - f_d/2,False
892,1,1,-1,1,1,1,1,1,-1,-1,3,-3,3,0,-6,-6,-3,0,-3,-3,False,False,False,True,True,True,False,14,-7/720,-f_L - f_a/2 + f_b/2 + 3*f_c/2 - f_d/2,False
893,1,1,-1,1,1,1,1,1,-1,1,3,-3,3,0,-6,-6,-3,0,-3,3,False,False,False,True,True,False,False,16,-1/90,-f_L - f_a/2 + f_b/2 + 3*f_c/2 - f_d/2,False
894,1,1,-1,1,1,1,1,1,1,-1,3,-3,3,0,-6,-6,-3,0,3,-3,False,False,False,True,False,True,False,16,-1/90,-f_L - f_a/2 + f_b/2 + 3*f_c/2 - f_d/2,False
895,1,1,-1,1,1,1,1,1,1,1,3,-3,3,0,-6,-6,-3,0,3,3,False,False,False,True,False,False,False,18,-1/80,-f_L - f_a/2 + f_b/2 + 3*f_c/2 - f_d/2,False
896,1,1,1,-1,-1,-1,-1,-1,-1,-1,3,-3,-3,0,6,6,3,0,-3,-3,False,False,False,False,False,False,False,0,0,-f_L - f_a/2 - f_b/2 + 3*f_c/2 + f_d/2,False
897,1,1,1,-1,-1,-1,-1,-1,-1,1,3,-3,-3,0,6,6,3,0,-3,3,False,False,False,False,False,True,False,2,-1/720,-f_L - f_a/2 - f_b/2 + 3*f_c/2 + f_d/2,False
898,1,1,1,-1,-1,-1,-1,-1,1,-1,3,-3,-3,0,6,6,3,0,3,-3,False,False,False,False,True,False,False,2,-1/720,-f_L - f_a/2 - f_b/2 + 3*f_c/2 + f_d/2,False
899,1,1,1,-1,-1,-1,-1,-1,1,1,3,-3,-3,0,6,6,3,0,3,3,False,False,False,False,True,True,False,4,-1/360,-f_L - f_a/2 - f_b/2 + 3*f_c/2 + f_d/2,False
900,1,1,1,-1,-1,-1,-1,1,-1,-1,3,-3,-3,0,6,6,3,0,-3,-3,False,False,False,False,False,False,False,2,-1/720,-f_L - f_a/2 - f_b/2 + 3*f_c/2 + f_d/2,False
901,1,1,1,-1,-1,-1,-1,1,-1,1,3,-3,-3,0,6,6,3,0,-3,3,False,False,False,False,False,True,False,4,-1/360,-f_L - f_a/2 - f_b/2 + 3*f_c/2 + f_d/2,False
902,1,1,1,-1,-1,-1,-1,1,1,-1,3,-3,-3,0,6,6,3,0,3,-3,False,False,False,False,True,False,False,4,-1/360,-f_L - f_a/2 - f_b/2 + 3*f_c/2 + f_d/2,False
903,1,1,1,-1,-1,-1,-1,1,1,1,3,-3,-3,0,6,6,3,0,3,3,False,False,False,False,True,True,False,6,-1/240,-f_L - f_a/2 - f_b/2 + 3*f_c/2 + f_d/2,False
904,1,1,1,-1,-1,-1,1,-1,-1,-1,3,-3,-3,0,6,6,-3,0,-3,-3,False,False,False,False,True,True,False,4,-1/360,-f_L - f_a/2 - f_b/2 + 3*f_c/2 + f_d/2,False
905,1,1,1,-1,-1,-1,1,-1,-1,1,3,-3,-3,0,6,6,-3,0,-3,3,False,False,False,False,True,False,False,6,-1/240,-f_L - f_a/2 - f_b/2 + 3*f_c/2 + f_d/2,False
906,1,1,1,-1,-1,-1,1,-1,1,-1,3,-3,-3,0,6,6,-3,0,3,-3,False,False,False,False,False,True,False,6,-1/240,-f_L - f_a/2 - f_b/2 + 3*f_c/2 + f_d/2,False
907,1,1,1,-1,-1,-1,1,-1,1,1,3,-3,-3,0,6,6,-3,0,3,3,True,False,False,False,False,False,False,8,-1/180,-f_L - f_a/2 - f_b/2 + 3*f_c/2 + f_d/2,True
908,1,1,1,-1,-1,-1,1,1,-1,-1,3,-3,-3,0,6,6,-3,0,-3,-3,False,False,False,False,True,True,False,6,-1/240,-f_L - f_a/2 - f_b/2 + 3*f_c/2 + f_d/2,False
909,1,1,1,-1,-1,-1,1,1,-1,1,3,-3,-3,0,6,6,-3,0,-3,3,False,False,False,False,True,False,False,8,-1/180,-f_L - f_a/2 - f_b/2 + 3*f_c/2 + f_d/2,False
910,1,1,1,-1,-1,-1,1,1,1,-1,3,-3,-3,0,6,6,-3,0,3,-3,False,False,False,False,False,True,False,8,-1/180,-f_L - f_a/2 - f_b/2 + 3*f_c/2 + f_d/2,False
911,1,1,1,-1,-1,-1,1,1,1,1,3,-3,-3,0,6,6,-3,0,3,3,True,False,False,False,False,False,False,10,-1/144,-f_L - f_a/2 - f_b/2 + 3*f_c/2 + f_d/2,True
912,1,1,1,-1,-1,1,-1,-1,-1,-1,3,-3,-3,0,6,-6,3,0,-3,-3,False,False,False,False,False,False,False,4,-1/360,-f_L - f_a/2 - f_b/2 + 3*f_c/2 + f_d/2,False
913,1,1,1,-1,-1,1,-1,-1,-1,1,3,-3,-3,0,6,-6,3,0,-3,3,False,False,False,False,False,True,False,6,-1/240,-f_L - f_a/2 - f_b/2 + 3*f_c/2 + f_d/2,False
914,1,1,1,-1,-1,1,-1,-1,1,-1,3,-3,-3,0,6,-6,3,0,3,-3,False,False,False,False,True,False,False,6,-1/240,-f_L - f_a/2 - f_b/2 + 3*f_c/2 + f_d/2,False
915,1,1,1,-1,-1,1,-1,-1,1,1,3,-3,-3,0,6,-6,3,0,3,3,False,False,False,False,True,True,False,8,-1/180,-f_L - f_a/2 - f_b/2 + 3*f_c/2 + f_d/2,False
916,1,1,1,-1,-1,1,-1,1,-1,-1,3,-3,-3,0,6,-6,3,0,-3,-3,False,False,False,False,False,False,False,6,-1/240,-f_L - f_a/2 - f_b/2 + 3*f_c/2 + f_d/2,False
917,1,1,1,-1,-1,1,-1,1,-1,1,3,-3,-3,0,6,-6,3,0,-3,3,False,False,False,False,False,True,False,8,-1/180,-f_L - f_a/2 - f_b/2 + 3*f_c/2 + f_d/2,False
918,1,1,1,-1,-1,1,-1,1,1,-1,3,-3,-3,0,6,-6,3,0,3,-3,False,False,False,False,True,False,False,8,-1/180,-f_L - f_a/2 - f_b/2 + 3*f_c/2 + f_d/2,False
919,1,1,1,-1,-1,1,-1,1,1,1,3,-3,-3,0,6,-6,3,0,3,3,False,False,False,False,True,True,False,10,-1/144,-f_L - f_a/2 - f_b/2 + 3*f_c/2 + f_d/2,False
920,1,1,1,-1,-1,1,1,-1,-1,-1,3,-3,-3,0,6,-6,-3,0,-3,-3,False,False,False,False,True,True,False,8,-1/180,-f_L - f_a/2 - f_b/2 + 3*f_c/2 + f_d/2,False
921,1,1,1,-1,-1,1,1,-1,-1,1,3,-3,-3,0,6,-6,-3,0,-3,3,False,False,False,False,True,False,False,10,-1/144,-f_L - f_a/2 - f_b/2 + 3*f_c/2 + f_d/2,False
922,1,1,1,-1,-1,1,1,-1,1,-1,3,-3,-3,0,6,-6,-3,0,3,-3,False,False,False,False,False,True,False,10,-1/144,-f_L - f_a/2 - f_b/2 + 3*f_c/2 + f_d/2,False
923,1,1,1,-1,-1,1,1,-1,1,1,3,-3,-3,0,6,-6,-3,0,3,3,True,False,False,False,False,False,False,12,-1/120,-f_L - f_a/2 - f_b/2 + 3*f_c/2 + f_d/2,False
924,1,1,1,-1,-1,1,1,1,-1,-1,3,-3,-3,0,6,-6,-3,0,-3,-3,False,False,False,False,True,True,False,10,-1/144,-f_L - f_a/2 - f_b/2 + 3*f_c/2 + f_d/2,False
925,1,1,1,-1,-1,1,1,1,-1,1,3,-3,-3,0,6,-6,-3,0,-3,3,False,False,False,False,True,False,False,12,-1/120,-f_L - f_a/2 - f_b/2 + 3*f_c/2 + f_d/2,False
926,1,1,1,-1,-1,1,1,1,1,-1,3,-3,-3,0,6,-6,-3,0,3,-3,False,False,False,False,False,True,False,12,-1/120,-f_L - f_a/2 - f_b/2 + 3*f_c/2 + f_d/2,False
927,1,1,1,-1,-1,1,1,1,1,1,3,-3,-3,0,6,-6,-3,0,3,3,True,False,False,False,False,False,False,14,-7/720,-f_L - f_a/2 - f_b/2 + 3*f_c/2 + f_d/2,False
928,1,1,1,-1,1,-1,-1,-1,-1,-1,3,-3,-3,0,-6,6,3,0,-3,-3,False,False,False,False,False,False,False,4,-1/360,-f_L - f_a/2 - f_b/2 + 3*f_c/2 + f_d/2,False
929,1,1,1,-1,1,-1,-1,-1,-1,1,3,-3,-3,0,-6,6,3,0,-3,3,False,False,False,False,False,True,False,6,-1/240,-f_L - f_a/2 - f_b/2 + 3*f_c/2 + f_d/2,False
930,1,1,1,-1,1,-1,-1,-1,1,-1,3,-3,-3,0,-6,6,3,0,3,-3,False,False,False,False,True,False,False,6,-1/240,-f_L - f_a/2 - f_b/2 + 3*f_c/2 + f_d/2,False
931,1,1,1,-1,1,-1,-1,-1,1,1,3,-3,-3,0,-6,6,3,0,3,3,False,False,False,False,True,True,False,8,-1/180,-f_L - f_a/2 - f_b/2 + 3*f_c/2 + f_d/2,False
932,1,1,1,-1,1,-1,-1,1,-1,-1,3,-3,-3,0,-6,6,3,0,-3,-3,False,False,False,False,False,False,False,6,-1/240,-f_L - f_a/2 - f_b/2 + 3*f_c/2 + f_d/2,False
933,1,1,1,-1,1,-1,-1,1,-1,1,3,-3,-3,0,-6,6,3,0,-3,3,False,False,False,False,False,True,False,8,-1/180,-f_L - f_a/2 - f_b/2 + 3*f_c/2 + f_d/2,False
934,1,1,1,-1,1,-1,-1,1,1,-1,3,-3,-3,0,-6,6,3,0,3,-3,False,False,False,False,True,False,False,8,-1/180,-f_L - f_a/2 - f_b/2 + 3*f_c/2 + f_d/2,False
935,1,1,1,-1,1,-1,-1,1,1,1,3,-3,-3,0,-6,6,3,0,3,3,False,False,False,False,True,True,False,10,-1/144,-f_L - f_a/2 - f_b/2 + 3*f_c/2 + f_d/2,False
936,1,1,1,-1,1,-1,1,-1,-1,-1,3,-3,-3,0,-6,6,-3,0,-3,-3,False,False,False,False,True,True,False,8,-1/180,-f_L - f_a/2 - f_b/2 + 3*f_c/2 + f_d/2,False
937,1,1,1,-1,1,-1,1,-1,-1,1,3,-3,-3,0,-6,6,-3,0,-3,3,False,False,False,False,True,False,False,10,-1/144,-f_L - f_a/2 - f_b/2 + 3*f_c/2 + f_d/2,False
938,1,1,1,-1,1,-1,1,-1,1,-1,3,-3,-3,0,-6,6,-3,0,3,-3,False,False,False,False,False,True,False,10,-1/144,-f_L - f_a/2 - f_b/2 + 3*f_c/2 + f_d/2,False
939,1,1,1,-1,1,-1,1,-1,1,1,3,-3,-3,0,-6,6,-3,0,3,3,True,False,False,False,False,False,False,12,-1/120,-f_L - f_a/2 - f_b/2 + 3*f_c/2 + f_d/2,False
940,1,1,1,-1,1,-1,1,1,-1,-1,3,-3,-3,0,-6,6,-3,0,-3,-3,False,False,False,False,True,True,False,10,-1/144,-f_L - f_a/2 - f_b/2 + 3*f_c/2 + f_d/2,False
941,1,1,1,-1,1,-1,1,1,-1,1,3,-3,-3,0,-6,6,-3,0,-3,3,False,False,False,False,True,False,False,12,-1/120,-f_L - f_a/2 - f_b/2 + 3*f_c/2 + f_d/2,False
942,1,1,1,-1,1,-1,1,1,1,-1,3,-3,-3,0,-6,6,-3,0,3,-3,False,False,False,False,False,True,False,12,-1/120,-f_L - f_a/2 - f_b/2 + 3*f_c/2 + f_d/2,False
943,1,1,1,-1,1,-1,1,1,1,1,3,-3,-3,0,-6,6,-3,0,3,3,True,False,False,False,False,False,False,14,-7/720,-f_L - f_a/2 - f_b/2 + 3*f_c/2 + f_d/2,False
944,1,1,1,-1,1,1,-1,-1,-1,-1,3,-3,-3,0,-6,-6,3,0,-3,-3,False,False,False,False,False,False,False,8,-1/180,-f_L - f_a/2 - f_b/2 + 3*f_c/2 + f_d/2,False
945,1,1,1,-1,1,1,-1,-1,-1,1,3,-3,-3,0,-6,-6,3,0,-3,3,False,False,False,False,False,True,False,10,-1/144,-f_L - f_a/2 - f_b/2 + 3*f_c/2 + f_d/2,False
946,1,1,1,-1,1,1,-1,-1,1,-1,3,-3,-3,0,-6,-6,3,0,3,-3,False,False,False,False,True,False,False,10,-1/144,-f_L - f_a/2 - f_b/2 + 3*f_c/2 + f_d/2,False
947,1,1,1,-1,1,1,-1,-1,1,1,3,-3,-3,0,-6,-6,3,0,3,3,False,False,False,False,True,True,False,12,-1/120,-f_L - f_a/2 - f_b/2 + 3*f_c/2 + f_d/2,False
948,1,1,1,-1,1,1,-1,1,-1,-1,3,-3,-3,0,-6,-6,3,0,-3,-3,False,False,False,False,False,False,False,10,-1/144,-f_L - f_a/2 - f_b/2 + 3*f_c/2 + f_d/2,False
949,1,1,1,-1,1,1,-1,1,-1,1,3,-3,-3,0,-6,-6,3,0,-3,3,False,False,False,False,False,True,False,12,-1/120,-f_L - f_a/2 - f_b/2 + 3*f_c/2 + f_d/2,False
950,1,1,1,-1,1,1,-1,1,1,-1,3,-3,-3,0,-6,-6,3,0,3,-3,False,False,False,False,True,False,False,12,-1/120,-f_L - f_a/2 - f_b/2 + 3*f_c/2 + f_d/2,False
951,1,1,1,-1,1,1,-1,1,1,1,3,-3,-3,0,-6,-6,3,0,3,3,False,False,False,False,True,True,False,14,-7/720,-f_L - f_a/2 - f_b/2 + 3*f_c/2 + f_d/2,False
952,1,1,1,-1,1,1,1,-1,-1,-1,3,-3,-3,0,-6,-6,-3,0,-3,-3,False,False,False,False,True,True,False,12,-1/120,-f_L - f_a/2 - f_b/2 + 3*f_c/2 + f_d/2,False
953,1,1,1,-1,1,1,1,-1,-1,1,3,-3,-3,0,-6,-6,-3,0,-3,3,False,False,False,False,True,False,False,14,-7/720,-f_L - f_a/2 - f_b/2 + 3*f_c/2 + f_d/2,False
954,1,1,1,-1,1,1,1,-1,1,-1,3,-3,-3,0,-6,-6,-3,0,3,-3,False,False,False,False,False,True,False,14,-7/720,-f_L - f_a/2 - f_b/2 + 3*f_c/2 + f_d/2,False
955,1,1,1,-1,1,1,1,-1,1,1,3,-3,-3,0,-6,-6,-3,0,3,3,True,True,False,False,False,False,False,16,-1/90,-f_L - f_a/2 - f_b/2 + 3*f_c/2 + f_d/2,True
956,1,1,1,-1,1,1,1,1,-1,-1,3,-3,-3,0,-6,-6,-3,0,-3,-3,False,False,False,False,True,True,False,14,-7/720,-f_L - f_a/2 - f_b/2 + 3*f_c/2 + f_d/2,False
957,1,1,1,-1,1,1,1,1,-1,1,3,-3,-3,0,-6,-6,-3,0,-3,3,False,False,False,False,True,False,False,16,-1/90,-f_L - f_a/2 - f_b/2 + 3*f_c/2 + f_d/2,False
958,1,1,1,-1,1,1,1,1,1,-1,3,-3,-3,0,-6,-6,-3,0,3,-3,False,False,False,False,False,True,False,16,-1/90,-f_L - f_a/2 - f_b/2 + 3*f_c/2 + f_d/2,False
959,1,1,1,-1,1,1,1,1,1,1,3,-3,-3,0,-6,-6,-3,0,3,3,True,True,False,False,False,False,False,18,-1/80,-f_L - f_a/2 - f_b/2 + 3*f_c/2 + f_d/2,True
960,1,1,1,1,-1,-1,-1,-1,-1,-1,3,-3,-3,0,6,6,3,0,-3,-3,False,False,False,False,False,False,False,6,-1/240,-f_L - f_a/2 - f_b/2 + 5*f_c/2 - f_d/2,False
961,1,1,1,1,-1,-1,-1,-1,-1,1,3,-3,-3,0,6,6,3,0,-3,3,False,False,False,False,False,True,False,8,-1/180,-f_L - f_a/2 - f_b/2 + 5*f_c/2 - f_d/2,False
962,1,1,1,1,-1,-1,-1,-1,1,-1,3,-3,-3,0,6,6,3,0,3,-3,False,False,False,False,True,False,False,8,-1/180,-f_L - f_a/2 - f_b/2 + 5*f_c/2 - f_d/2,False
963,1,1,1,1,-1,-1,-1,-1,1,1,3,-3,-3,0,6,6,3,0,3,3,False,False,False,False,True,True,False,10,-1/144,-f_L - f_a/2 - f_b/2 + 5*f_c/2 - f_d/2,False
964,1,1,1,1,-1,-1,-1,1,-1,-1,3,-3,-3,0,6,6,3,0,-3,-3,False,False,False,False,False,False,False,8,-1/180,-f_L - f_a/2 - f_b/2 + 5*f_c/2 - f_d/2,False
965,1,1,1,1,-1,-1,-1,1,-1,1,3,-3,-3,0,6,6,3,0,-3,3,False,False,False,False,False,True,False,10,-1/144,-f_L - f_a/2 - f_b/2 + 5*f_c/2 - f_d/2,False
966,1,1,1,1,-1,-1,-1,1,1,-1,3,-3,-3,0,6,6,3,0,3,-3,False,False,False,False,True,False,False,10,-1/144,-f_L - f_a/2 - f_b/2 + 5*f_c/2 - f_d/2,False
967,1,1,1,1,-1,-1,-1,1,1,1,3,-3,-3,0,6,6,3,0,3,3,False,False,False,False,True,True,False,12,-1/120,-f_L - f_a/2 - f_b/2 + 5*f_c/2 - f_d/2,False
968,1,1,1,1,-1,-1,1,-1,-1,-1,3,-3,-3,0,6,6,-3,0,-3,-3,False,False,False,False,True,True,False,10,-1/144,-f_L - f_a/2 - f_b/2 + 5*f_c/2 - f_d/2,False
969,1,1,1,1,-1,-1,1,-1,-1,1,3,-3,-3,0,6,6,-3,0,-3,3,False,False,False,False,True,False,False,12,-1/120,-f_L - f_a/2 - f_b/2 + 5*f_c/2 - f_d/2,False
970,1,1,1,1,-1,-1,1,-1,1,-1,3,-3,-3,0,6,6,-3,0,3,-3,False,False,False,False,False,True,False,12,-1/120,-f_L - f_a/2 - f_b/2 + 5*f_c/2 - f_d/2,False
971,1,1,1,1,-1,-1,1,-1,1,1,3,-3,-3,0,6,6,-3,0,3,3,True,False,False,False,False,False,False,14,-7/720,-f_L - f_a/2 - f_b/2 + 5*f_c/2 - f_d/2,True
972,1,1,1,1,-1,-1,1,1,-1,-1,3,-3,-3,0,6,6,-3,0,-3,-3,False,False,False,False,True,True,False,12,-1/120,-f_L - f_a/2 - f_b/2 + 5*f_c/2 - f_d/2,False
973,1,1,1,1,-1,-1,1,1,-1,1,3,-3,-3,0,6,6,-3,0,-3,3,False,False,False,False,True,False,False,14,-7/720,-f_L - f_a/2 - f_b/2 + 5*f_c/2 - f_d/2,False
974,1,1,1,1,-1,-1,1,1,1,-1,3,-3,-3,0,6,6,-3,0,3,-3,False,False,False,False,False,True,False,14,-7/720,-f_L - f_a/2 - f_b/2 + 5*f_c/2 - f_d/2,False
975,1,1,1,1,-1,-1,1,1,1,1,3,-3,-3,0,6,6,-3,0,3,3,True,False,False,False,False,False,False,16,-1/90,-f_L - f_a/2 - f_b/2 + 5*f_c/2 - f_d/2,True
976,1,1,1,1,-1,1,-1,-1,-1,-1,3,-3,-3,0,6,-6,3,0,-3,-3,False,False,False,False,False,False,False,10,-1/144,-f_L - f_a/2 - f_b/2 + 5*f_c/2 - f_d/2,False
977,1,1,1,1,-1,1,-1,-1,-1,1,3,-3,-3,0,6,-6,3,0,-3,3,False,False,False,False,False,True,False,12,-1/120,-f_L - f_a/2 - f_b/2 + 5*f_c/2 - f_d/2,False
978,1,1,1,1,-1,1,-1,-1,1,-1,3,-3,-3,0,6,-6,3,0,3,-3,False,False,False,False,True,False,False,12,-1/120,-f_L - f_a/2 - f_b/2 + 5*f_c/2 - f_d/2,False
979,1,1,1,1,-1,1,-1,-1,1,1,3,-3,-3,0,6,-6,3,0,3,3,False,False,False,False,True,True,False,14,-7/720,-f_L - f_a/2 - f_b/2 + 5*f_c/2 - f_d/2,False
980,1,1,1,1,-1,1,-1,1,-1,-1,3,-3,-3,0,6,-6,3,0,-3,-3,False,False,False,False,False,False,False,12,-1/120,-f_L - f_a/2 - f_b/2 + 5*f_c/2 - f_d/2,False
981,1,1,1,1,-1,1,-1,1,-1,1,3,-3,-3,0,6,-6,3,0,-3,3,False,False,False,False,False,True,False,14,-7/720,-f_L - f_a/2 - f_b/2 + 5*f_c/2 - f_d/2,False
982,1,1,1,1,-1,1,-1,1,1,-1,3,-3,-3,0,6,-6,3,0,3,-3,False,False,False,False,True,False,False,14,-7/720,-f_L - f_a/2 - f_b/2 + 5*f_c/2 - f_d/2,False
983,1,1,1,1,-1,1,-1,1,1,1,3,-3,-3,0,6,-6,3,0,3,3,False,False,False,False,True,True,False,16,-1/90,-f_L - f_a/2 - f_b/2 + 5*f_c/2 - f_d/2,False
984,1,1,1,1,-1,1,1,-1,-1,-1,3,-3,-3,0,6,-6,-3,0,-3,-3,False,False,False,False,True,True,False,14,-7/720,-f_L - f_a/2 - f_b/2 + 5*f_c/2 - f_d/2,False
985,1,1,1,1,-1,1,1,-1,-1,1,3,-3,-3,0,6,-6,-3,0,-3,3,False,False,False,False,True,False,False,16,-1/90,-f_L - f_a/2 - f_b/2 + 5*f_c/2 - f_d/2,False
986,1,1,1,1,-1,1,1,-1,1,-1,3,-3,-3,0,6,-6,-3,0,3,-3,False,False,False,False,False,True,False,16,-1/90,-f_L - f_a/2 - f_b/2 + 5*f_c/2 - f_d/2,False
987,1,1,1,1,-1,1,1,-1,1,1,3,-3,-3,0,6,-6,-3,0,3,3,True,False,False,False,False,False,False,18,-1/80,-f_L - f_a/2 - f_b/2 + 5*f_c/2 - f_d/2,False
988,1,1,1,1,-1,1,1,1,-1,-1,3,-3,-3,0,6,-6,-3,0,-3,-3,False,False,False,False,True,True,False,16,-1/90,-f_L - f_a/2 - f_b/2 + 5*f_c/2 - f_d/2,False
989,1,1,1,1,-1,1,1,1,-1,1,3,-3,-3,0,6,-6,-3,0,-3,3,False,False,False,False,True,False,False,18,-1/80,-f_L - f_a/2 - f_b/2 + 5*f_c/2 - f_d/2,False
990,1,1,1,1,-1,1,1,1,1,-1,3,-3,-3,0,6,-6,-3,0,3,-3,False,False,False,False,False,True,False,18,-1/80,-f_L - f_a/2 - f_b/2 + 5*f_c/2 - f_d/2,False
991,1,1,1,1,-1,1,1,1,1,1,3,-3,-3,0,6,-6,-3,0,3,3,True,False,False,False,False,False,False,20,-1/72,-f_L - f_a/2 - f_b/2 + 5*f_c/2 - f_d/2,False
992,1,1,1,1,1,-1,-1,-1,-1,-1,3,-3,-3,0,-6,6,3,0,-3,-3,False,False,False,False,False,False,False,10,-1/144,-f_L - f_a/2 - f_b/2 + 5*f_c/2 - f_d/2,False
993,1,1,1,1,1,-1,-1,-1,-1,1,3,-3,-3,0,-6,6,3,0,-3,3,False,False,False,False,False,True,False,12,-1/120,-f_L - f_a/2 - f_b/2 + 5*f_c/2 - f_d/2,False
994,1,1,1,1,1,-1,-1,-1,1,-1,3,-3,-3,0,-6,6,3,0,3,-3,False,False,False,False,True,False,False,12,-1/120,-f_L - f_a/2 - f_b/2 + 5*f_c/2 - f_d/2,False
995,1,1,1,1,1,-1,-1,-1,1,1,3,-3,-3,0,-6,6,3,0,3,3,False,False,False,False,True,True,False,14,-7/720,-f_L - f_a/2 - f_b/2 + 5*f_c/2 - f_d/2,False
996,1,1,1,1,1,-1,-1,1,-1,-1,3,-3,-3,0,-6,6,3,0,-3,-3,False,False,False,False,False,False,False,12,-1/120,-f_L - f_a/2 - f_b/2 + 5*f_c/2 - f_d/2,False
997,1,1,1,1,1,-1,-1,1,-1,1,3,-3,-3,0,-6,6,3,0,-3,3,False,False,False,False,False,True,False,14,-7/720,-f_L - f_a/2 - f_b/2 + 5*f_c/2 - f_d/2,False
998,1,1,1,1,1,-1,-1,1,1,-1,3,-3,-3,0,-6,6,3,0,3,-3,False,False,False,False,True,False,False,14,-7/720,-f_L - f_a/2 - f_b/2 + 5*f_c/2 - f_d/2,False
999,1,1,1,1,1,-1,-1,1,1,1,3,-3,-3,0,-6,6,3,0,3,3,False,False,False,False,True,True,False,16,-1/90,-f_L - f_a/2 - f_b/2 + 5*f_c/2 - f_d/2,False
1000,1,1,1,1,1,-1,1,-1,-1,-1,3,-3,-3,0,-6,6,-3,0,-3,-3,False,False,False,False,True,True,False,14,-7/720,-f_L - f_a/2 - f_b/2 + 5*f_c/2 - f_d/2,False
1001,1,1,1,1,1,-1,1,-1,-1,1,3,-3,-3,0,-6,6,-3,0,-3,3,False,False,False,False,True,False,False,16,-1/90,-f_L - f_a/2 - f_b/2 + 5*f_c/2 - f_d/2,False
1002,1,1,1,1,1,-1,1,-1,1,-1,3,-3,-3,0,-6,6,-3,0,3,-3,False,False,False,False,False,True,False,16,-1/90,-f_L - f_a/2 - f_b/2 + 5*f_c/2 - f_d/2,False
1003,1,1,1,1,1,-1,1,-1,1,1,3,-3,-3,0,-6,6,-3,0,3,3,True,False,False,False,False,False,False,18,-1/80,-f_L - f_a/2 - f_b/2 + 5*f_c/2 - f_d/2,False
1004,1,1,1,1,1,-1,1,1,-1,-1,3,-3,-3,0,-6,6,-3,0,-3,-3,False,False,False,False,True,True,False,16,-1/90,-f_L - f_a/2 - f_b/2 + 5*f_c/2 - f_d/2,False
1005,1,1,1,1,1,-1,1,1,-1,1,3,-3,-3,0,-6,6,-3,0,-3,3,False,False,False,False,True,False,False,18,-1/80,-f_L - f_a/2 - f_b/2 + 5*f_c/2 - f_d/2,False
1006,1,1,1,1,1,-1,1,1,1,-1,3,-3,-3,0,-6,6,-3,0,3,-3,False,False,False,False,False,True,False,18,-1/80,-f_L - f_a/2 - f_b/2 + 5*f_c/2 - f_d/2,False
1007,1,1,1,1,1,-1,1,1,1,1,3,-3,-3,0,-6,6,-3,0,3,3,True,False,False,False,False,False,False,20,-1/72,-f_L - f_a/2 - f_b/2 + 5*f_c/2 - f_d/2,False
1008,1,1,1,1,1,1,-1,-1,-1,-1,3,-3,-3,0,-6,-6,3,0,-3,-3,False,False,False,False,False,False,False,14,-7/720,-f_L - f_a/2 - f_b/2 + 5*f_c/2 - f_d/2,False
1009,1,1,1,1,1,1,-1,-1,-1,1,3,-3,-3,0,-6,-6,3,0,-3,3,False,False,False,False,False,True,False,16,-1/90,-f_L - f_a/2 - f_b/2 + 5*f_c/2 - f_d/2,False
1010,1,1,1,1,1,1,-1,-1,1,-1,3,-3,-3,0,-6,-6,3,0,3,-3,False,False,False,False,True,False,False,16,-1/90,-f_L - f_a/2 - f_b/2 + 5*f_c/2 - f_d/2,False
1011,1,1,1,1,1,1,-1,-1,1,1,3,-3,-3,0,-6,-6,3,0,3,3,False,False,False,False,True,True,False,18,-1/80,-f_L - f_a/2 - f_b/2 + 5*f_c/2 - f_d/2,False
1012,1,1,1,1,1,1,-1,1,-1,-1,3,-3,-3,0,-6,-6,3,0,-3,-3,False,False,False,False,False,False,False,16,-1/90,-f_L - f_a/2 - f_b/2 + 5*f_c/2 - f_d/2,False
1013,1,1,1,1,1,1,-1,1,-1,1,3,-3,-3,0,-6,-6,3,0,-3,3,False,False,False,False,False,True,False,18,-1/80,-f_L - f_a/2 - f_b/2 + 5*f_c/2 - f_d/2,False
1014,1,1,1,1,1,1,-1,1,1,-1,3,-3,-3,0,-6,-6,3,0,3,-3,False,False,False,False,True,False,False,18,-1/80,-f_L - f_a/2 - f_b/2 + 5*f_c/2 - f_d/2,False
1015,1,1,1,1,1,1,-1,1,1,1,3,-3,-3,0,-6,-6,3,0,3,3,False,False,False,False,True,True,False,20,-1/72,-f_L - f_a/2 - f_b/2 + 5*f_c/2 - f_d/2,False
1016,1,1,1,1,1,1,1,-1,-1,-1,3,-3,-3,0,-6,-6,-3,0,-3,-3,False,False,False,False,True,True,False,18,-1/80,-f_L - f_a/2 - f_b/2 + 5*f_c/2 - f_d/2,False
1017,1,1,1,1,1,1,1,-1,-1,1,3,-3,-3,0,-6,-6,-3,0,-3,3,False,False,False,False,True,False,False,20,-1/72,-f_L - f_a/2 - f_b/2 + 5*f_c/2 - f_d/2,False
1018,1,1,1,1,1,1,1,-1,1,-1,3,-3,-3,0,-6,-6,-3,0,3,-3,False,False,False,False,False,True,False,20,-1/72,-f_L - f_a/2 - f_b/2 + 5*f_c/2 - f_d/2,False
1019,1,1,1,1,1,1,1,-1,1,1,3,-3,-3,0,-6,-6,-3,0,3,3,True,True,False,False,False,False,False,22,-11/720,-f_L - f_a/2 - f_b/2 + 5*f_c/2 - f_d/2,True
1020,1,1,1,1,1,1,1,1,-1,-1,3,-3,-3,0,-6,-6,-3,0,-3,-3,False,False,False,False,True,True,False,20,-1/72,-f_L - f_a/2 - f_b/2 + 5*f_c/2 - f_d/2,False
1021,1,1,1,1,1,1,1,1,-1,1,3,-3,-3,0,-6,-6,-3,0,-3,3,False,False,False,False,True,False,False,22,-11/720,-f_L - f_a/2 - f_b/2 + 5*f_c/2 - f_d/2,False
1022,1,1,1,1,1,1,1,1,1,-1,3,-3,-3,0,-6,-6,-3,0,3,-3,False,False,False,False,False,True,False,22,-11/720,-f_L - f_a/2 - f_b/2 + 5*f_c/2 - f_d/2,False
1023,1,1,1,1,1,1,1,1,1,1,3,-3,-3,0,-6,-6,-3,0,3,3,True,True,False,False,False,False,False,24,-1/60,-f_L - f_a/2 - f_b/2 + 5*f_c/2 - f_d/2,True
