N,beta,log_Z,energy_per_spin,heat_capacity_per_spin,mean_disagreeing_edges,energy_variance
6,0.0,2.772588722239781,-0.2500000000000001,0.0,2.5,7.000000000000002
6,0.0025,2.7751106284275413,-0.25438435006503224,1.0984187499107842e-05,2.491231299869936,7.029879999429019
6,0.005,2.7776764712376902,-0.25878729895612435,4.4121968695716184e-05,2.482425402087751,7.059514991314589
6,0.0075,2.780286435885012,-0.26320869119487855,9.968762050767117e-05,2.473582617610243,7.0888974583232836
6,0.01,2.782940706006005,-0.2676483666020231,0.00017795049688926347,2.464703266795954,7.118019875570539
6,0.0125,2.785639463611857,-0.27210616029378215,0.0002791747935201098,2.4557876794124356,7.1468747141148095
6,0.015,2.7883828890413866,-0.27658190268044686,0.00040361931250352634,2.4468361946391064,7.175454444507135
6,0.0175,2.791171160913989,-0.2810754194671806,0.0005515372273114038,2.4378491610656385,7.203751540393845
6,0.02,2.7940044560825963,-0.2855865316570937,0.0007231758482170068,2.428826936685813,7.231758482170068
6,0.0225,2.796882949586684,-0.29011505555661454,0.0009187763884612636,2.419769888886771,7.25946776068159
6,0.025,2.799806814605339,-0.2946608027831914,0.00113857373140195,2.410678394433617,7.286871880972479
6,0.0275,2.8027762224104182,-0.29922358027534784,0.0013827961988987145,2.4015528394493044,7.313963366075845
6,0.03,2.8057913423198215,-0.30380319030512154,0.001651665321190116,2.392393619389757,7.340734760844961
6,0.0325,2.808852341650896,-0.3083994304929085,0.0019453956085217154,2.383201139014183,7.36717863582188
6,0.035,2.8119593856740055,-0.3130120938247373,0.0022641943247868205,2.3739758123505257,7.393287591140637
6,0.0375,2.8151126375662856,-0.31764096867199115,0.002608261263443657,2.364718062656017,7.419054260461957
6,0.04,2.8183122583656006,-0.3222858388136003,0.002977788525974555,2.3554283223727994,7.444471314936387
6,0.0425,2.821558406924747,-0.32694648346071703,0.0033729603031541493,2.3461070330785656,7.469531467192578
6,0.045,2.824851239865903,-0.33162267728389283,0.003793952659394671,2.336754645432215,7.494227475347499
6,0.0475,2.8281909115353745,-0.33631419044276545,0.004240933320437011,2.3273716191144693,7.518552147035144
6,0.05,2.831577573958641,-0.3410207886182715,0.004714061464656454,2.317958422763457,7.542498343450325
6,0.0525,2.835011376795742,-0.34574223304738727,0.005213487518251837,2.3085155339052252,7.5660589834040275
6,0.055,2.83849246729702,-0.35047828056040925,0.005739352954586193,2.2990434388791816,7.589227047386702
6,0.0575,2.8420209902592553,-0.3552286836207746,0.006291790097945932,2.289542632758451,7.6119955816359095
6,0.06,2.845597087982199,-0.3599931903674243,0.006870921931984093,2.2800136192651514,7.6343577022045475
6,0.0625,2.8492209002255593,-0.3647715446597084,0.007476861913111268,2.270456910680583,7.656306599025938
6,0.065,2.852892564166434,-0.36956348612483003,0.00810971378909537,2.2608730277503404,7.677835539971947
6,0.0675,2.856612214357241,-0.3743687502078223,0.008769571423128586,2.2512624995843553,7.698937874900268
6,0.07,2.8603799826841545,-0.3791870682240506,0.009456518623616579,2.241625863551899,7.719607039687003
6,0.0725,2.864195998326082,-0.38401816741422945,0.01017062897994114,2.2319636651715413,7.739836560240582
6,0.075,2.8680603877142037,-0.38886177100194136,0.010911965704443388,2.222276457996117,7.759620056493077
6,0.0775,2.8719732744921,-0.39371759825364205,0.011680581480869817,2.212564803492716,7.778951246364914
6,0.08,2.875934779476488,-0.39858536454113397,0.012476518319518421,2.202829270917732,7.797823949699013
6,0.0825,2.8799450206186004,-0.40346478140648895,0.013299807419316497,2.193070437187022,7.816232092160291
6,0.085,2.88400411296622,-0.4083555566293951,0.014150469037055698,2.18328888674121,7.834169709096578
6,0.08750000000000001,2.8881121686264057,-0.4132573942969044,0.015028512364003372,2.1734852114061916,7.851630949356862
6,0.09,2.892269296728923,-0.41816999487555206,0.015933935410102348,2.1636600102488956,7.868610079062889
6,0.0925,2.8964756033904075,-0.4230930552858175,0.016866724895963962,2.1538138894283647,7.885101485330122
6,0.095,2.9007311916792915,-0.42802626897889406,0.017826856152851196,2.1439474620422123,7.901099679934047
6,0.0975,2.9050361615814992,-0.43296932601573207,0.01881429303084081,2.1340613479685357,7.916599302917894
6,0.1,2.909390609966951,-0.43792191314831774,0.019828987815344635,2.1241561737033647,7.931595126137853
6,0.10250000000000001,2.9137946305568887,-0.4428837139031462,0.020870881152161035,2.114232572193708,7.946082056741856
6,0.105,2.918248313892049,-0.44785440866684856,0.02193990198121849,2.1042911826663024,7.960055140578138
6,0.1075,2.922751747301699,-0.45283367477392555,0.023035967479163283,2.094332650452149,7.973509565529747
6,0.11,2.927305014873565,-0.45782118659654014,0.024158983010933006,2.0843576268069195,7.9864406647712425
6,0.1125,2.9319081974246624,-0.4628166156363227,0.02530884209044772,2.074366768727355,7.99884391994397
6,0.115,2.9365613724730624,-0.46781963061813203,0.026485426350539156,2.0643607387637357,8.010714964246247
6,0.11750000000000001,2.9412646142105983,-0.47282989758572164,0.027688605522227846,2.0543402048285566,8.022049585434956
6,0.12,2.9460179934765396,-0.47784707999925247,0.02891823742344626,2.0443058400014955,8.032843728735072
6,0.1225,2.9508215777322544,-0.4828708388345956,0.030174167957294898,2.0342583223308086,8.043093499653784
6,0.125,2.9556754310368665,-0.48790083268436185,0.031456231119905954,2.024198334631276,8.052795166695924
6,0.1275,2.960579614023938,-0.4929367178605978,0.0327642490179774,2.014126564278804,8.061945163977523
6,0.13,2.965534183879183,-0.49797814849908184,0.03409803189602795,2.004043703001836,8.070540093734424
6,0.1325,2.9705391943192296,-0.5030247766651557,0.0354573781734109,1.993950446669689,8.078576728723023
6,0.135,2.9755946955714574,-0.5080762524610202,0.036842074491112244,1.9838474950779599,8.086052014510232
6,0.1375,2.980700734354903,-0.5131322241344288,0.038251895768345694,1.9737355517311421,8.092963071649997
6,0.14,2.985857353862264,-0.5181923381887049,0.03968660526894428,1.9636153236225904,8.09930719774373
6,0.14250000000000002,2.9910645937430154,-0.523256239494008,0.04114595467753552,1.953487521011984,8.105081869382188
6,0.145,2.9963224900876355,-0.5283235713997788,0.04262968418547383,1.9433528572004424,8.110284743966485
6,0.1475,3.001631075412964,-0.5333939758482824,0.04413752258649107,1.9332120483034352,8.114913661406
6,0.15,3.006990378648706,-0.538467093489174,0.0456691873820127,1.923065813021652,8.118966645691147
6,0.1525,3.0124004251250818,-0.5435425637950078,0.04722438489607462,1.9129148724099845,8.122441906339091
6,0.155,3.017861236561634,-0.5486200251776093,0.04880281039976198,1.9027599496447811,8.125337839710632
6,0.1575,3.023372831057209,-0.5536991151052315,0.05040414824507895,1.892601769789537,8.127653030196656
6,0.16,3.028935223081109,-0.5587794702204086,0.05202807200814546,1.882441059559183,8.129386251272727
6,0.1625,3.0345484234654254,-0.5638607264584292,0.053674244641603745,1.8722785470831418,8.130536466420448
6,0.165,3.040212439398563,-0.5689425191663434,0.05534231863610591,1.8621149616673132,8.13110282991455
6,0.1675,3.0459272744199515,-0.5740244832224195,0.057031936190740165,1.851951033555161,8.13108468747465
6,0.17,3.051692928415961,-0.5791062531559648,0.0587427293922424,1.8417874936880707,8.130481576780953
6,0.17250000000000001,3.0575093976170096,-0.5841874632674263,0.060474320402826416,1.8316250734651476,8.12929322785316
6,0.17500000000000002,3.0633766745958746,-0.5892677477486861,0.06222632165645603,1.8214645045026279,8.127519563292214
6,0.1775,3.0692947482672137,-0.5943467408034645,0.06399833606336904,1.8113065183930712,8.125160698384484
6,0.18,3.0752636038882812,-0.5994240767677448,0.06578995722265335,1.8011518464645104,8.122216941068315
6,0.1825,3.0812832230608542,-0.6044993902301341,0.06760076964266377,1.7910012195397313,8.118688791762962
6,0.185,3.0873535837343606,-0.6095723161520755,0.0694303489690577,1.7808553676958487,8.114576943060067
6,0.1875,3.093474660210207,-0.6146424899878234,0.07127826222021781,1.7707150200243524,8.109882279278116
6,0.19,3.099646423147304,-0.6197095478040976,0.07314406802982042,1.7605809043918048,8.10460587588038
6,0.1925,3.1058688395687906,-0.6247731263993312,0.0750273168962975,1.7504537472013375,8.098748998757026
6,0.195,3.112141872869943,-0.6298328634224296,0.07692755143893314,1.7403342731551406,8.092313103372321
6,0.1975,3.11846548282727,-0.6348883974909512,0.07884430666032516,1.7302232050180981,8.085299833777935
6,0.2,3.124839625608792,-0.6399393683086316,0.08077711021493501,1.7201212633827365,8.0777110214935
6,0.2025,3.1312642537854822,-0.6449854167821691,0.08272548268344208,1.7100291664356622,8.069548684255894
6,0.20500000000000002,3.1377393163438807,-0.6500261851371826,0.08468893785260975,1.6999476297256346,8.060815024638643
6,0.20750000000000002,3.1442647586998578,-0.6550613170332724,0.08666698300036574,1.6898773659334547,8.051512428543194
6,0.21,3.1508405227135245,-0.6600904576780944,0.08865911918579131,1.6798190846438108,8.041643463563839
6,0.2125,3.1574665467052805,-0.6651132539403748,0.09066484154370984,1.66977349211925,8.031210877228277
6,0.215,3.1641427654729863,-0.670129354461787,0.09268363958355848,1.6597412910764262,8.020217595115932
6,0.2175,3.1708691103102433,-0.6751384097676143,0.09471499749222348,1.6497231804647712,8.00866671885626
6,0.22,3.1776455090257807,-0.6801400723761258,0.09675839444051464,1.639719855247748,7.996561524009474
6,0.2225,3.1844718859639265,-0.6851339969065897,0.09881330489295088,1.6297320061868206,7.983905457832163
6,0.225,3.1913481620261512,-0.6901198401858563,0.10087919892052667,1.6197603196282877,7.970702136930502
6,0.2275,3.1982742546936698,-0.6950972613534395,0.10295554251612539,1.609805477293121,7.956955344803797
6,0.23,3.205250078051087,-0.7000659219650307,0.10504179791224487,1.5998681560699386,7.942669029281276
6,0.2325,3.212275542811072,-0.7050254860943743,0.10713742390069822,1.589949027811251,7.92784729985511
6,0.23500000000000001,3.2193505563400384,-0.70997562043345,0.10924187615395248,1.5800487591330996,7.912494424912809
6,0.23750000000000002,3.2264750226848227,-0.7149159943908903,0.11135460754776769,1.57016801121822,7.896614828872168
6,0.24,3.233648842600334,-0.7198462801885799,0.11347506848479819,1.5603074396228405,7.880213089222097
6,0.2425,3.2408719135781614,-0.7247661529563771,0.11560270721882043,1.5504676940872457,7.863293933472748
6,0.245,3.2481441298761204,-0.729675290824901,0.11773697017925079,1.540649418350198,7.845862236018379
6,0.2475,3.2554653825487154,-0.734573375016332,0.11987730229562088,1.5308532499673362,7.827923014916577
6,0.25,3.262835559478502,-0.7394600899331731,0.12202314732167843,1.5210798201336537,7.80948142858742
6,0.2525,3.2702545454083234,-0.744335123244926,0.1241739481587859,1.5113297535101478,7.790542772436327
6,0.255,3.2777222219744058,-0.749198165972632,0.12632914717829177,1.501603668054736,7.771112475404338
6,0.2575,3.2852384677402884,-0.7540489125712362,0.12848818654255317,1.491902174857528,7.751196096449622
6,0.26,3.292803158231564,-0.7588870610097308,0.13065050852429363,1.4822258779805382,7.7307993209641195
6,0.2625,3.3004161659714115,-0.7637123128490415,0.1328155558239834,1.472575374301917,7.709927957129196
6,0.265,3.3080773605168936,-0.7685243733176164,0.13498277188493632,1.4629512533647675,7.688587932214244
6,0.2675,3.315786608496002,-0.7733229513846852,0.1371516012058212,1.4533540972306294,7.666785288822218
6,0.27,3.323543773645421,-0.7781077598311578,0.13932148965029403,1.443784480337684,7.644526181086091
6,0.2725,3.3313487168489884,-0.7828785153181285,0.14149188475346106,1.4342429693637428,7.621816870820223
6,0.275,3.3392012961768307,-0.7876349384529638,0.14366223602489273,1.4247301230940723,7.598663723630689
6,0.2775,3.3471013669251457,-0.7923767538529483,0.14583199524791232,1.415246492294104,7.575073204988546
6,0.28,3.355048781656609,-0.7971036902064621,0.14800061677489426,1.4057926195870762,7.551051876270114
6,0.28250000000000003,3.363043390241382,-0.801815480331679,0.1501675578183115,1.3963690393366424,7.526606390768215
6,0.28500000000000003,3.3710850398986913,-0.806511861232759,0.1523322787372826,1.386976277534482,7.501743489678428
6,0.28750000000000003,3.3791735752389593,-0.81119257415353,0.15449424331937545,1.37761485169294,7.476469998064292
6,0.29,3.3873088383064602,-0.8158573646286374,0.15665291905743436,1.3682852707427258,7.45079282080544
6,0.2925,3.395490668622473,-0.8205059825321609,0.15880777742120653,1.3589880349356778,7.424718938532558
6,0.295,3.403718903228905,-0.8251381821236866,0.1609582941235518,1.3497236357526272,7.398255403553086
6,0.2975,3.411993376732372,-0.8297537220918276,0.16310394938103046,1.3404925558163452,7.37140933577145
6,0.3,3.4203139213486913,-0.8343523655951998,0.16524422816867324,1.3312952688096,7.3441879186077
6,0.3025,3.4286803669477783,-0.8389338803008433,0.16737862046874635,1.3221322393983137,7.316598394918221
6,0.305,3.4370925410989117,-0.8434980384200943,0.16950662151333565,1.313003923159811,7.288648062922253
6,0.3075,3.4455502691163433,-0.8480446167419203,0.17162773202058354,1.3039107665161596,7.2603442721378455
6,0.31,3.454053374105235,-0.8525733966637119,0.17374145842442176,1.2948532066725762,7.23169441933077
6,0.3125,3.4626016770078802,-0.8570841642195525,0.1758473130976554,1.2858316715608948,7.202705944479965
6,0.315,3.471194996650207,-0.8615767101059703,0.17794481456826083,1.2768465797880593,7.173386326762845
6,0.3175,3.479833149788519,-0.8660508297051887,0.18003348772877312,1.2678983405896227,7.143743080563879
6,0.32,3.488515951156457,-0.8705063231058906,0.18211286403864815,1.258987353788219,7.113783751509693
6,0.3225,3.49724321351216,-0.874942995121513,0.1841824817194936,1.250114009756974,7.083515912533857
6,0.325,3.5060147476855894,-0.8793606553060924,0.18624188594307614,1.2412786893878152,7.05294715997448
6,0.3275,3.5148303626260087,-0.883759117967683,0.1882906290120191,1.2324817640646342,7.0220851097076045
6,0.33,3.5236898654495796,-0.8881382021793689,0.19032827053311815,1.2237235956412622,6.9909373933193075
6,0.3325,3.532593061487055,-0.8924977317878978,0.19235437758321106,1.2150045364242041,6.959511654319354
6,0.335,3.541539754331551,-0.8968375354199618,0.19436852486754708,1.206324929160076,6.927815544399093
6,0.3375,3.550529745886369,-0.9011574464861531,0.19637029487061428,1.197685107027694,6.895856719736248
6,0.34,3.559562836412843,-0.9054573031826256,0.19835927799938924,1.1890853936347492,6.863642837349107
6,0.3425,3.568638824578195,-0.9097369484904957,0.20033507271898626,1.1805261030190088,6.831181551502541
6,0.34500000000000003,3.577757507503371,-0.9139962301730118,0.2022972856806922,1.1720075396539766,6.798480510168188
6,0.34750000000000003,3.5869186808108418,-0.9182350007705283,0.20424553184237948,1.1635299984589433,6.765547351540958
6,0.35000000000000003,3.596122138672337,-0.9224531175933238,0.20617943458130542,1.1550937648133521,6.732389700614053
6,0.3525,3.605367673856501,-0.9266504427122938,0.20809862579930688,1.1466991145754128,6.699015165814417
6,0.355,3.6146550777764443,-0.9308268429475618,0.2100027460204161,1.1383463141048764,6.66543133570057
6,0.3575,3.6239841405371687,-0.9349821898550476,0.21189144448092567,1.1300356202899053,6.631645775724605
6,0.36,3.633354650982851,-0.9391163597110284,0.21376437921194358,1.1217672805779433,6.597666025059987
6,0.3625,3.642766396743961,-0.9432292334947437,0.21562121711448418,1.1135415330105127,6.5634995934967835
6,0.365,3.6522191642841966,-0.9473206968690766,0.21746163402715135,1.1053586062618463,6.529153958405746
6,0.3675,3.6617127389472137,-0.9513906401593623,0.21928531478647664,1.0972187196812757,6.494636561772644
6,0.37,3.67124690500314,-0.9554389583303623,0.2210919532799812,1.0891220833392756,6.459954807304054
6,0.3725,3.6808214456948445,-0.9594655509614574,0.22288125249204108,1.0810688980770857,6.425116057605797
6,0.375,3.6904361432839545,-0.9634703222200942,0.22465292454263786,1.0730593555598116,6.390127631435032
6,0.3775,3.700090779096593,-0.9674531808335428,0.22640669071908798,1.0650936383329141,6.354996801026986
6,0.38,3.7097851335688325,-0.9714140400590028,0.22814228150084492,1.0571719198819938,6.319730789497089
6,0.3825,3.7195189862918356,-0.9753528176521131,0.22985943657748006,1.0492943646957735,6.284336768319332
6,0.385,3.7292921160566777,-0.9792694358339066,0.23155790485994937,1.0414611283321866,6.248821854881413
6,0.3875,3.739104300898827,-0.9831638212562634,0.23323744448526124,1.033672357487473,6.21319311011726
6,0.39,3.7489553181422766,-0.9870359049659067,0.23489782281466418,1.0259281900681867,6.177457536217335
6,0.3925,3.7588449444433034,-0.990885622366994,0.2365388164254796,1.018228755266012,6.141622074417094
6,0.395,3.768772955833855,-0.9947129131823489,0.23816021109670754,1.0105741736353029,6.105693602863836
6,0.3975,3.778739127764532,-0.998517721413384,0.23976180178853898,1.002964557173232,6.069678934562119
6,0.4,3.7887432351471713,-1.0022999952987677,0.24134339261591292,0.9954000094024646,6.0335848153978215
6,0.4025,3.798785052397005,-1.0060596872718748,0.24290479681625646,0.9878806254562504,5.997417922240813
6,0.405,3.8088643534743927,-1.0097967539170816,0.24444583671155504,0.9804064921658369,5.96118486112617
6,0.40750000000000003,3.8189809119261047,-1.0135111559249443,0.24596634366489825,0.9729776881501111,5.924892165513752
6,0.41000000000000003,3.8291345009261573,-1.0172028580463177,0.2474661580316519,0.9655942839073641,5.888546294625862
6,0.41250000000000003,3.8393248933161828,-1.0208718290454564,0.24894512910540925,0.958256341909087,5.852153631862696
6,0.41500000000000004,3.849551861645323,-1.0245180416521507,0.2504031150588762,0.9509639166956987,5.815720483295135
6,0.4175,3.859815178209643,-1.0281414725129456,0.25183998287984705,0.9437170549741087,5.779253076234434
6,0.42,3.87011461509105,-1.031742102141489,0.25325560830243043,0.936515795717022,5.7427575578782415
6,0.4225,3.8804499441957145,-1.0353199148680567,0.25464987573368436,0.9293601702638864,5.706239994032352
6,0.425,3.890820937291978,-1.038874898788303,0.25602267817582275,0.9222502024233943,5.6697063679074935
6,0.4275,3.90122736604775,-1.0424070457112817,0.25737391714415486,0.915185908577437,5.6331625789904285
6,0.43,3.9116690020673777,-1.0459163511067855,0.25870350258092156,0.9081672977864287,5.596614441988568
6,0.4325,3.9221456169279896,-1.0494028140520486,0.26001135276519105,0.9011943718959031,5.5600676858472475
6,0.435,3.932656982215298,-1.052866437177855,0.26129739421897796,0.8942671256442898,5.523527952838747
6,0.4375,3.9432028695588657,-1.0563072266141043,0.26256156160975014,0.8873855467717918,5.487000797722125
6,0.44,3.953783050666819,-1.0597251919348691,0.2638037976494856,0.8805496161302621,5.450491686972843
6,0.4425,3.9643972973600174,-1.0631203461029963,0.26502405299044324,0.8737593077940071,5.414005998081128
6,0.445,3.975045381605659,-1.06649270541429,0.2662222861178102,0.8670145891714196,5.377549018918019
6,0.4475,3.985727075550331,-1.069842289441318,0.26739846323938615,0.8603154211173639,5.341125947167914
6,0.45,3.9964421515524955,-1.0731691209768848,0.26855255817246654,0.8536617580462305,5.304741889826499
6,0.4525,4.007190382214406,-1.0764732259772112,0.2696845522280834,0.8470535480455775,5.268401862762839
6,0.455,4.017971540413459,-1.0797546335048605,0.2707944340927618,0.8404907329902792,5.2321107903443895
6,0.4575,4.028785399332968,-1.0830133756714473,0.2718821997079483,0.8339732486571053,5.195873505123679
6,0.46,4.039631732492369,-1.086249487580173,0.2729478521472667,0.8275010248396542,5.159694747585381
6,0.4625,4.050510313776849,-1.0894630072682177,0.2739914014917533,0.8210739854635642,5.123579165952434
6,0.465,4.061420917466395,-1.0926539756490328,0.2750128647032238,0.8146920487019343,5.087531316049925
6,0.4675,4.072363318264272,-1.0958224364545637,0.27601226549591795,0.8083551270908725,5.051555661225298
6,0.47000000000000003,4.083337291324911,-1.0989684361774408,0.2769896342065728,0.8020631276451187,5.015656572323635
6,0.47250000000000003,4.0943426122812365,-1.1020920240131713,0.27794500766306424,0.7958159519736575,4.9798383277165
6,0.47500000000000003,4.105379057271398,-1.1051932518023675,0.2788784290517619,0.7896134963952653,4.944105113383036
6,0.47750000000000004,4.116446402964941,-1.108272173973038,0.27978994778373406,0.783455652053924,4.908461023041851
6,0.48,4.127544426588382,-1.1113288474829808,0.2806796193599414,0.7773423050340386,4.872910058332316
6,0.4825,4.13867290595023,-1.1143633317623023,0.28154750523555055,0.7712733364753961,4.8374561290437965
6,0.485,4.149831619465415,-1.1173756886560935,0.2823936726835009,0.7652486226878129,4.802103053391449
6,0.4875,4.161020346179154,-1.1203659823672971,0.2832181946574508,0.7592680352654058,4.766854558337108
6,0.49,4.1722388657902485,-1.123334279399783,0.2840211496542277,0.7533314412004338,4.731714279953815
6,0.4925,4.183486958673805,-1.1262806485016692,0.2848026215759067,0.7474387029966614,4.696685763832623
6,0.495,4.194764405903396,-1.1292051606089082,0.2855626995916323,0.7415896787821841,4.661772465530166
6,0.4975,4.206070989272662,-1.1321078887891642,0.28630147799930245,0.7357842224216711,4.626977751055619
6,0.5,4.2174064913163445,-1.1349889081860116,0.2870190560872253,0.730022183627977,4.592304897395604
6,0.5025000000000001,4.228770695330766,-1.137848295963465,0.2877155379958579,0.72430340807307,4.557757093075643
6,0.505,4.2401633853937675,-1.1406861312508787,0.28839103257973353,0.7186277374982423,4.523337438756727
6,0.5075000000000001,4.251584346384078,-1.1435024950882262,0.28904565326967974,0.7129950098235475,4.489048947865636
6,0.51,4.263033364000153,-1.1462974703717825,0.2896795179354255,0.7074050592564342,4.454894547257601
6,0.5125,4.274510224778468,-1.1490711418002353,0.29029274874869637,0.7018577163995292,4.420877077909951
6,0.515,4.286014716111277,-1.151823595821232,0.2908854720468852,0.6963528083575359,4.386999295645361
6,0.5175,4.297546626263831,-1.1545549205783943,0.29145781819739397,0.6908901588432116,4.353263871883408
6,0.52,4.309105744391079,-1.1572652058588069,0.29200992146272714,0.6854695882823862,4.31967339441904
6,0.5225,4.320691860553842,-1.1599545430410023,0.29254191986642325,0.680090913917995,4.28623036822671
6,0.525,4.332304765734468,-1.162623025043457,0.2930539550599015,0.6747539499130865,4.25293721628882
6,0.5275,4.343944251851977,-1.1652707462736078,0.29354617219030105,0.6694585074527846,4.219796280447265
6,0.53,4.355610111776698,-1.1678978025774152,0.2940187197693851,0.6642043948451696,4.1868098222767545
6,0.5325,4.367302139344404,-1.1705042911894719,0.2944717495435802,0.6589914176210562,4.153980023978738
6,0.535,4.379020129369951,-1.1730903106836799,0.29490541636521617,0.6538193786326402,4.121308989294662
6,0.5375,4.390763877660428,-1.1756559609245028,0.29531987806503074,0.6486880781509949,4.088798744437419
6,0.54,4.40253318102782,-1.1782013430188056,0.29571529532599816,0.6435973139623881,4.056451239039755
6,0.5425,4.414327837301194,-1.180726559268295,0.2960918315585409,0.63854688146341,4.024268347118567
6,0.545,4.426147645338413,-1.1832317131225607,0.2964496527771751,0.6335365737548786,3.9922518680538683
6,0.5475,4.437992405037381,-1.1857169091327402,0.29678892747864377,0.6285661817345196,3.96040352758141
6,0.55,4.449861917346832,-1.1881822529058033,0.29710982652158435,0.6236354941883934,3.928724978797809
6,0.5525,4.4617559842766585,-1.1906278510594699,0.29741252300777576,0.6187442978810603,3.8972178031771767
6,0.555,4.473674408907801,-1.1930538111777664,0.29769719216500756,0.613892377644467,3.865883511598182
6,0.5575,4.485616995401687,-1.1954602417672273,0.29796401123161065,0.6090795164655459,3.8347235453805792
6,0.56,4.497583549009243,-1.1978472522137456,0.29821315934268516,0.6043054955725088,3.8037392773301675
6,0.5625,4.509573876079473,-1.2002149527400825,0.29844481741806156,0.5995700945198351,3.7729320127912964
6,0.5650000000000001,4.52158778406762,-1.202563454364033,0.2986591680520234,0.594873091271934,3.7423029907059076
6,0.5675,4.533625081542905,-1.2048928688572569,0.29885639540482445,0.5902142622854868,3.7118533846782906
6,0.5700000000000001,4.5456855781958705,-1.2072033087047767,0.2990366850960214,0.5855933825904468,3.6815843040445837
6,0.5725,4.557769084845305,-1.209494887065147,0.2992002240996502,0.5810102258697064,3.6514967949462465
6,0.5750000000000001,4.569875413444793,-1.2117677177312918,0.29934720064126585,0.5764645645374171,3.621591841406618
6,0.5775,4.582004377088852,-1.2140219150920177,0.29947780409686353,0.5719561698159641,3.591870366409787
6,0.58,4.594155790018713,-1.2162575940942058,0.29959222489369963,0.5674848118115884,3.562333232980971
6,0.5825,4.606329467627713,-1.2184748702056696,0.29969065441302584,0.5630502595886608,3.5329812452676697
6,0.585,4.618525226466316,-1.2206738593786979,0.29977328489474964,0.5586522812426038,3.50381514962086
6,0.5875,4.630742884246783,-1.2228546780142704,0.2998403093440314,0.5542906439714603,3.47483563567551
6,0.59,4.642982259847483,-1.2250174429269423,0.29989192143982435,0.5499651141461156,3.4460433374297543
6,0.5925,4.655243173316853,-1.2271622713104153,0.2999283154453685,0.5456754573791689,3.417438834322061
6,0.595,4.667525445877022,-1.2292892807037696,0.29994968612063677,0.5414214385924614,3.389022652305761
6,0.5975,4.679828899927101,-1.2313985889583692,0.2999562286367407,0.5372028220832619,3.3607952649203274
6,0.6,4.692153359046137,-1.2334903142054408,0.29994813849229535,0.5330193715891187,3.3327570943588376
6,0.6025,4.7044986479957585,-1.2355645748243123,0.2999256114317409,0.5288708503513754,3.30490851253102
6,0.605,4.716864592722496,-1.2376214894113176,0.2998888433656212,0.5247570211773646,3.2772498421213982
6,0.6075,4.729251020359804,-1.2396611767493606,0.29983803029281225,0.5206776465012797,3.249781357641955
6,0.61,4.741657759229772,-1.2416837557781308,0.29977336822469824,0.5166324884437374,3.2225032864788847
6,0.6125,4.7540846388445495,-1.2436893455649831,0.2996950531112855,0.5126213088700331,3.195415809932906
6,0.615,4.766531489907479,-1.2456780652764499,0.29960328076924714,0.5086438694470999,3.1685190642527297
6,0.6175,4.778998144313949,-1.2476500341504082,0.29949824681188947,0.5046999316991837,3.1418131416612174
6,0.62,4.7914844351519665,-1.2496053714688815,0.2993801465810267,0.500789257062237,3.115298091373847
6,0.6225,4.8039901967024745,-1.2515441965314775,0.2992491750807553,0.49691160693704517,3.0889739206090767
6,0.625,4.816515264439385,-1.2534666286294514,0.29910552691311165,0.49306674274109774,3.0628405955902633
6,0.6275000000000001,4.82905947502938,-1.2553727870203963,0.2989493962155995,0.4892544259592078,3.036898042538748
6,0.63,4.841622666331443,-1.2572627909035494,0.2987809766005734,0.4854744181929014,3.011146148657832
6,0.6325000000000001,4.854204677396159,-1.2591367593957112,0.2986004610964584,0.48172648120857753,2.9855847631072714
6,0.635,4.866805348464771,-1.26099481150777,0.29840804209079225,0.47801037698446025,2.960213697968055
6,0.6375000000000001,4.879424520968005,-1.2628370661218258,0.2982039112750693,0.47432586775634855,2.935032729197144
6,0.64,4.892062037524671,-1.2646636419689095,0.297988259591368,0.4706727160621809,2.910041597571953
6,0.6425,4.904717741940042,-1.2664746576072878,0.29776127718074225,0.46705068478542366,2.885240009624295
6,0.645,4.917391479204025,-1.26827023140135,0.29752315333335577,0.46345953719730054,2.8606276385636034
6,0.6475,4.930083095489113,-1.270050481501063,0.2972740764403379,0.4598990369978745,2.836204125189193
6,0.65,4.942792438148146,-1.2718155258220025,0.2970142339473401,0.4563689483559952,2.8119690787913854
6,0.6525,4.955519355711861,-1.2735654820259354,0.2967438123097702,0.4528690359481296,2.7879220780413227
6,0.655,4.96826369788627,-1.2753004675019584,0.2964629969496796,0.4493990649960836,2.7640626718692807
6,0.6575,4.981025315549835,-1.2770205993481816,0.2961719722142826,0.4459588013036366,2.740390380331375
6,0.66,4.993804060750469,-1.278725994353951,0.2958709213360837,0.4425480112920981,2.7169046954644966
6,0.6625,5.0065997867023615,-1.2804167689825978,0.2955600263945855,0.43916646203480453,2.693605082129366
6,0.665,5.019412347782639,-1.2820930393547165,0.29523946827955544,0.43581392129056706,2.670490978841589
6,0.6675,5.032241599527848,-1.2837549212319543,0.2949094266558261,0.4324901575360919,2.647561798590648
6,0.67,5.0450873986302955,-1.28540253000131,0.29457007992960116,0.4291949399973802,2.624816929646702
6,0.6725,5.057949602934217,-1.287035980659934,0.29422160521624513,0.4259280386801317,2.602255736355176
6,0.675,5.070828071431813,-1.288655387800421,0.29386417830952655,0.42268922439915846,2.5798775599190256
6,0.6775,5.083722664259125,-1.2902608655965841,0.29349797365229285,0.4194782688068318,2.5576817191686856
6,0.68,5.096633242691784,-1.2918525277897146,0.29312316430854707,0.4162949444205716,2.5356675113196108
6,0.6825,5.109559669140612,-1.2934304876752996,0.2927399219369027,0.41313902464940006,2.5138342127174353
6,0.685,5.122501807147107,-1.2949948580902162,0.2923484167653885,0.41001028381956844,2.492181079570683
6,0.6875,5.135459521378788,-1.2965457514003613,0.2919488175675762,0.40690849719927724,2.470707348671058
6,0.6900000000000001,5.148432677624431,-1.298083279488748,0.2915412916400068,0.40383344102250296,2.449412238101296
6,0.6925,5.161421142789175,-1.2996075537440248,0.2911260047808871,0.4007848925119503,2.4282949479306097
6,0.6950000000000001,5.174424784889535,-1.3011186850494307,0.29070312127002784,0.397762629901138,2.407354660897699
6,0.6975,5.187443473048281,-1.3026167837721778,0.2902728038500016,0.3947664324556434,2.3865905430814225
6,0.7000000000000001,5.200477077489232,-1.304101959753242,0.2898352137084907,0.3917960804935153,2.366001744559107
6,0.7025,5.21352546953195,-1.305574322297566,0.2893905104617964,0.38885135540486826,2.345587400052554
6,0.705,5.22658852158632,-1.3070339801646593,0.288938852139489,0.3859320396706816,2.325346629561805
6,0.7075,5.239666107147065,-1.3084810415595942,0.2884803951701662,0.38303791688081146,2.3052785389867068
6,0.71,5.252758100788142,-1.309915614124383,0.2880152943682981,0.38016877175123376,2.285382220736347
6,0.7125,5.265864378157086,-1.3113378049297335,0.287543702922129,0.37732439014053265,2.265656754326409
6,0.715,5.278984815969243,-1.3127477204671743,0.2870657723826143,0.37450455906565133,2.2461012069645605
6,0.7175,5.292119292001951,-1.314145466641542,0.28658165265336194,0.37170906671691584,2.2267146341239012
6,0.72,5.3052676850886336,-1.3155311487638242,0.2860914919815561,0.3689377024723518,2.2074960801045997
6,0.7225,5.318429875112823,-1.3169048715443468,0.2855954369498387,0.36619025691130647,2.1884445785837903
6,0.725,5.331605743002126,-1.3182667390863057,0.28509363246911873,0.3634665218273886,2.1695591531538168
6,0.7275,5.344795170722122,-1.3196168548796283,0.2845862217722897,0.36076629024074425,2.1508388178489315
6,0.73,5.3579980412701955,-1.3209553217951588,0.28407334640882803,0.3580893564096824,2.13228257766056
6,0.7325,5.3712142386693245,-1.3222822420791696,0.2835551462402483,0.35543551584166055,2.1138894290412105
6,0.735,5.3844436479618,-1.3235977173481748,0.28303175943639125,0.3528045653036512,2.0956583603971772
6,0.7375,5.397686155202915,-1.3249018485840522,0.28250332247252047,0.3501963028318953,2.0775883525701015
6,0.74,5.4109416474545835,-1.3261947361294673,0.2819699701272057,0.3476105277410654,2.0596783793075657
6,0.7425,5.424210012778938,-1.327476479683579,0.28143183548096656,0.3450470406328416,2.0419274077227785
6,0.745,5.437491140231862,-1.3287471782980367,0.2808890499156574,0.34250564340392625,2.0243343987435334
6,0.7475,5.450784919856508,-1.3300069303732511,0.28034174311456705,0.339986139253498,2.0068983075505074
6,0.75,5.464091242676756,-1.3312558336549354,0.279790043063214,0.3374883326901287,1.9896180840050772
6,0.7525000000000001,5.477410000690661,-1.3324939852309152,0.27923407605081285,0.3350120295381699,1.9724926730667454
6,0.755,5.490741086863852,-1.3337214815281877,0.27867396667239225,0.3325570369436249,1.9555210152003317
6,0.7575000000000001,5.504084395122915,-1.334938418310241,0.2781098378315414,0.330123163379518,1.938702046773045
6,0.76,5.51743982034874,-1.3361448906746134,0.277541810743764,0.3277102186507727,1.9220347004415788
6,0.7625000000000001,5.530807258369854,-1.3373409930506925,0.27697000494042234,0.32531801389861476,1.9055179055293765
6,0.765,5.544186605955731,-1.3385268191977469,0.27639453827324484,0.3229463616045061,1.8891505883941722
6,0.7675000000000001,5.557577760810078,-1.339702462203186,0.27581552691938427,0.32059507559362843,1.8729316727859808
6,0.77,5.570980621564111,-1.3408680144810385,0.27523308538700114,0.31826397103792375,1.8568600801956563
6,0.7725,5.5843950877698125,-1.3420235677706474,0.2746473265213565,0.31595286445870524,1.8409347301941554
6,0.775,5.5978210598931835,-1.3431692131355752,0.2740583615113936,0.31366157372884984,1.8251545407626628
6,0.7775,5.611258439307473,-1.344305040962708,0.2734662998967913,0.3113899180745842,1.809518428613708
6,0.78,5.624707128286418,-1.3454311409615634,0.27287124957546843,0.30913771807687396,1.7940253095034082
6,0.7825,5.638167029997458,-1.3465476021637859,0.27227331681152356,0.30690479567242823,1.7786740985349967
6,0.785,5.651638048494958,-1.347654512922834,0.27167260624359374,0.3046909741543324,1.763463710453771
6,0.7875,5.665120088713429,-1.348751960913843,0.2710692208936095,0.30249607817231305,1.7483930599335862
6,0.79,5.67861305646074,-1.3498400331336728,0.2704632621759368,0.30031993373265436,1.7334610618550665
6,0.7925,5.692116858411337,-1.3509188159011152,0.2698548299068832,0.2981623681977693,1.7186666315756476
6,0.795,5.705631402099468,-1.3519883948572802,0.2692440223145562,0.2960232102854392,1.7040086851916059
6,0.7975,5.7191565959124,-1.3530488549661346,0.268630936049056,0.2939022900677305,1.6894861397922176
6,0.8,5.732692349083666,-1.3541002805152007,0.2680156661929872,0.29179943896959853,1.67509791370617
6,0.8025,5.746238571686286,-1.3551427551164055,0.2673983062722761,0.28971448976718894,1.6608429267403917
6,0.805,5.759795174626033,-1.356176361707079,0.2667789482672762,0.28764727658584266,1.6467201004114111
6,0.8075,5.773362069634681,-1.3572011825510895,0.26615768262415135,0.2855976348978207,1.6327283581694145
6,0.81,5.78693916926328,-1.3582172992401258,0.26553459826651776,0.2835654015197486,1.6188666256151059
6,0.8125,5.800526386875444,-1.3592247926951013,0.26490978260733544,0.2815504146097982,1.6051338307095353
6,0.8150000000000001,5.814123636640649,-1.360223743167696,0.2642833215610323,0.2795525136646076,1.5915289039770095
6,0.8175,5.827730833527545,-1.3612142302420218,0.2636552995558518,0.27757153951595614,1.5780507787012426
6,0.8200000000000001,5.8413478932972955,-1.3621963328364028,0.26302579954640665,0.27560733432719425,1.5646983911148518
6,0.8225,5.8549747324969275,-1.363170129205279,0.26239490302642915,0.2736597415894425,1.5514706805823548
6,0.8250000000000001,5.868611268452699,-1.3641356969412166,0.2617626900417084,0.2717286061175671,1.5383665897767982
6,0.8275,5.882257419263491,-1.3650931129770325,0.2611292392031948,0.26981377404593504,1.525385064850126
6,0.8300000000000001,5.895913103794229,-1.366042453588018,0.2604946277002698,0.2679150928239637,1.512525055597444
6,0.8325,5.909578241669308,-1.3669837943942666,0.2598589313141637,0.2660324112114669,1.499785515615298
6,0.835,5.923252753266062,-1.3679172103630965,0.2592222244315112,0.26416557927380707,1.4871654024540786
6,0.8375,5.936936559708241,-1.3688427758115698,0.25858458005803736,0.26231444837686063,1.474663677764704
6,0.84,5.950629582859528,-1.369760564409098,0.25794606983236057,0.26047887118180424,1.462279307439686
6,0.8425,5.9643317453170726,-1.370670649180137,0.25730676403990355,0.25865870163972676,1.4500112617487013
6,0.845,5.978042970405054,-1.3715731025069626,0.25666673162690257,0.25685379498607563,1.4378585154688006
6,0.8475,5.991763182168278,-1.372467996132527,0.25602604021450787,0.2550640077349454,1.425820048009372
6,0.85,6.005492305365793,-1.3733554011633946,0.2553847561129608,0.2532891976732106,1.4138948435319632
6,0.8525,6.019230265464545,-1.3742353880727434,0.25474294433584466,0.25152922385451365,1.4020818910650972
6,0.855,6.032976988633056,-1.375108026703444,0.25410066861439706,0.2497839465931119,1.39038018461419
6,0.8575,6.04673240173514,-1.3759733862712051,0.2534579914118764,0.24805322745759031,1.3787887232666736
6,0.86,6.060496432323645,-1.376831535367777,0.25281497393797586,0.24633692926444614,1.3673065112924603
6,0.8625,6.074269008634231,-1.3776825419642251,0.25217167616327424,0.2446349160715497,1.3559325582398276
6,0.865,6.088050059579175,-1.3785264734142553,0.25152815683371876,0.24294705317148937,1.3446658790268635
6,0.8675,6.101839514741227,-1.3793633964575984,0.2508844734851303,0.2412732070848035,1.3335054940285476
6,0.87,6.11563730436747,-1.380193377223446,0.2502406824577279,0.23961324555310873,1.3224504291596137
6,0.8725,6.129443359363246,-1.3810164812339378,0.24959683891065923,0.23796703753212411,1.3114997159532507
6,0.875,6.143257611286093,-1.3818327734076992,0.24895299683653763,0.23633445318460194,1.3006523916357884
6,0.8775000000000001,6.15707999233974,-1.382642318063417,0.24830920907597356,0.23471536387316594,1.289907499197434
6,0.88,6.170910435368109,-1.3834451789234674,0.24766552733209854,0.23310964215306507,1.2792640874591867
6,0.8825000000000001,6.184748873849387,-1.3842414191175776,0.24702200218507228,0.2315171617648445,1.2687212111360033
6,0.885,6.198595241890108,-1.38503110118653,0.24637868310656982,0.22993779762694047,1.2582779308963314
6,0.8875000000000001,6.212449474219284,-1.3858142870858978,0.24573561847424247,0.22837142582820388,1.2479333134180928
6,0.89,6.226311506182572,-1.386591038189823,0.2450928555861456,0.2268179236203546,1.23768643144121
6,0.8925000000000001,6.240181273736481,-1.3873614152948137,0.24445044067513136,0.22527716941037287,1.2275363638167742
6,0.895,6.254058713442611,-1.3881254786235844,0.24380841892319885,0.2237490427528319,1.217482195552942
6,0.8975,6.267943762461937,-1.3888832878289132,0.24316683447579684,0.22223342434217372,1.207523017857636
6,0.9,6.28183635854913,-1.3896349019975325,0.24252573045607775,0.22073019600493488,1.1976579281781616
6,0.9025,6.29573644004691,-1.390380379654038,0.24188514897909497,0.21923924069192455,1.1878860302378034
6,0.905,6.3096439458804525,-1.3911197787648217,0.24124513116593987,0.21776044247035695,1.1782064340694844
6,0.9075,6.323558815551822,-1.3918531567420274,0.2406057171578172,0.21629368651594535,1.1686182560465892
6,0.91,6.337480989134448,-1.3925805704475205,0.23996694613005295,0.21483885910495948,1.1591206189110153
6,0.9125,6.351410407267645,-1.3933020761968762,0.2393288563060292,0.21339584760624739,1.1497126517985266
6,0.915,6.36534701115117,-1.3940177297633853,0.2386914849710476,0.21196454047322938,1.1403934902615072
6,0.9175,6.379290742539813,-1.3947275863820678,0.2380548684861132,0.2105448272358647,1.1311622762891733
6,0.92,6.393241543738046,-1.3954317007537034,0.23741904230163682,0.20913659849259272,1.1220181583253157
6,0.9225,6.407199357594691,-1.3961301270488717,0.23678404097105654,0.2077397459022571,1.112960291283673
6,0.925,6.421164127497642,-1.3968229189119963,0.23614989816436813,0.20635416217600752,1.1039878365609612
6,0.9275,6.4351357973686225,-1.3975101294654042,0.23551664668156963,0.20497974106919115,1.095099962047679
6,0.93,6.449114311657988,-1.3981918113133862,0.23488431846601096,0.20361637737322788,1.0862958421367137
6,0.9325,6.463099615339563,-1.3988680165462601,0.23425294461765123,0.2022639669074798,1.0775746577298535
6,0.935,6.477091653905521,-1.3995387967444446,0.23362255540621713,0.20092240651111073,1.0689355962422356
6,0.9375,6.491090373361308,-1.4002042029825283,0.2329931802842633,0.19959159403494375,1.060377851604825
6,0.9400000000000001,6.505095720220603,-1.4008642858333427,0.2323648479001311,0.1982714283333151,1.0519006242649662
6,0.9425,6.519107641500322,-1.401519095372035,0.2317375861108037,0.19696180925593007,1.043503121185081
6,0.9450000000000001,6.533126084715662,-1.4021686811801397,0.23111142199465692,0.19566263763972025,1.0351845558395651
6,0.9475,6.547150997875184,-1.4028130923496471,0.23048638186410217,0.1943738153007065,1.0269441482099497
6,0.9500000000000001,6.561182329475936,-1.4034523774870649,0.22986249127812206,0.19309524502586964,1.0187811247783802
6,0.9525,6.575220028498621,-1.4040865847174857,0.22923977505469495,0.1918268305650287,1.01069471851947
6,0.9550000000000001,6.589264044402808,-1.4047157616886337,0.2286182572831088,0.19056847662273163,1.0026841688905843
6,0.9575,6.603314327122163,-1.40533995557492,0.22799796133616224,0.18932008885015905,0.9947487218206125
6,0.96,6.617370827059758,-1.4059592130814789,0.2273789098822509,0.18808157383704194,0.9868876296972696
6,0.9625,6.631433495083378,-1.4065735804482018,0.22676112489733988,0.18685283910359718,0.9791001513529938
6,0.965,6.645502282520902,-1.4071831034537592,0.2261446276768195,0.18563379309248146,0.9713855520494811
6,0.9675,6.6595771411557045,-1.4077878274196178,0.22552943884724347,0.18442434516076456,0.9637431034609019
6,0.97,6.6736580232221066,-1.4083877972140377,0.2249155783779499,0.1832244055719246,0.956172083655861
6,0.9725,6.68774488140086,-1.4089830572560658,0.22430306559256435,0.18203388548786836,0.9486717770781397
6,0.975,6.70183766881468,-1.4095736515195134,0.22369191918038078,0.1808526969609732,0.9412414745262572
6,0.9775,6.715936339023812,-1.4101596235369214,0.2230821572076261,0.1796807529261581,0.9338804731319175
6,0.98,6.730040846021631,-1.4107410164035095,0.22247379712860105,0.17851796719298083,0.9265880763373638
6,0.9825,6.7441511442303,-1.4113178727811178,0.22186685579670226,0.17736425443776452,0.9193635938716951
6,0.985,6.758267188496446,-1.4118902349021223,0.22126134947532197,0.1762195301957547,0.9122063417261851
6,0.9875,6.772388934086891,-1.4124581445733462,0.22065729384862584,0.17508371085330693,0.9051156421286366
6,0.99,6.78651633668441,-1.4130216431799463,0.22005470403220945,0.17395671364010842,0.8980908235168226
6,0.9925,6.8006493523835445,-1.4135807716892843,0.21945359458363115,0.17283845662143127,0.8911312205110363
6,0.995,6.814787937686429,-1.414135570654788,0.21885397951282604,0.1717288586904239,0.8842361738858151
6,0.9975,6.828932049498683,-1.414686080219783,0.21825587229239235,0.17062783956043465,0.8774050305408326
6,1.0,6.8430816451253245,-1.4152323401213123,0.2176592858677604,0.16953531975737474,0.8706371434710416
6,1.0025,6.857236682266724,-1.415774389693941,0.21706423266723607,0.168451220612118,0.8639318717360657
6,1.0050000000000001,6.871397119014604,-1.4163122678735303,0.21647072461192254,0.16737546425293956,0.8572885804288904
6,1.0075,6.885562913848065,-1.4168460132010028,0.21587877312552167,0.1663079735979945,0.8507066406438919
6,1.01,6.89973402562966,-1.4173756638260822,0.2152883891440093,0.16524867234783502,0.8441854294442086
6,1.0125,6.913910413601495,-1.4179012575110137,0.21469958312519502,0.16419748497797265,0.8377243298285311
6,1.0150000000000001,6.928092037381383,-1.4184228316342615,0.21411236505815273,0.1631543367314768,0.8313227306972854
6,1.0175,6.942278856959011,-1.4189404231941887,0.21352674447253775,0.16211915361162185,0.8249800268182974
6,1.02,6.95647083269217,-1.4194540688127137,0.2129427304477776,0.161091862374573,0.8186956187919169
6,1.0225,6.970667925302998,-1.4199638047389413,0.21236033162214427,0.16007239052211797,0.8124689130156584
6,1.025,6.984870095874281,-1.4204696668527785,0.21177955620170724,0.15906066629444301,0.8062993216483798
6,1.0275,6.999077305845768,-1.4209716906685228,0.21120041196916572,0.1580566186629538,0.80018626257402
6,1.03,7.013289517010538,-1.4214699113384288,0.21062290629256356,0.15706017732314267,0.79412915936493
6,1.0325,7.027506691511402,-1.4219643636562507,0.21004704613388225,0.15607127268749912,0.7881274412448022
6,1.035,7.041728791837325,-1.422455082060764,0.20947283805752162,0.155089835878472,0.7821805430512605
6,1.0375,7.055955780819903,-1.4229421006392633,0.20890028823865697,0.15411579872147277,0.7762879051980864
6,1.04,7.070187621629859,-1.4234254531310342,0.20832940247148507,0.1531490937379313,0.7704489736371488
6,1.0425,7.0844242777735875,-1.4239051729308017,0.20776018617735034,0.15218965413839583,0.7646631998200244
6,1.045,7.098665713089718,-1.4243812930921582,0.20719264441275767,0.15123741381568304,0.7589300406593538
6,1.0475,7.112911891745727,-1.424853846330962,0.20662678187727024,0.1502923073380759,0.7532489584899432
6,1.05,7.127162778234571,-1.4253228650287153,0.20606260292129286,0.1493542699425702,0.747619421029634
6,1.0525,7.141418337371368,-1.4257883812359144,0.20550011155374415,0.1484232375281711,0.7420409013399623
6,1.055,7.155678534290099,-1.426250426675382,0.20493931144961267,0.14749914664923663,0.7365128777866182
6,1.0575,7.169943334440348,-1.4267090327455627,0.20438020595740677,0.1465819345088743,0.7310348339997446
6,1.06,7.184212703584073,-1.4271642305238084,0.20382279810648865,0.14567153895238383,0.7256062588340642
6,1.0625,7.198486607792417,-1.4276160507696238,0.2032670906143016,0.14476789846075208,0.7202266463288749
6,1.065,7.212765013442541,-1.428064523927901,0.20271308589348783,0.14387095214419746,0.7148954956679243
6,1.0675000000000001,7.227047887214497,-1.428509680132118,0.20216078605889704,0.14298063973576405,0.7096123111391719
6,1.07,7.241335196088121,-1.4289515492075167,0.20161019293448934,0.14209690158496766,0.7043766020944688
6,1.0725,7.255626907339985,-1.4293901606742554,0.2010613080601294,0.1412196786514891,0.6991878829091497
6,1.075,7.269922988540338,-1.4298255437505387,0.20051413269827895,0.1403489124989227,0.6940456729415821
6,1.0775000000000001,7.284223407550125,-1.4302577273557144,0.19996866784058004,0.13948454528857046,0.6889494964926502
6,1.08,7.298528132517994,-1.430686740113354,0.19942491421433925,0.13862651977329116,0.6838988827652237
6,1.0825,7.312837131877368,-1.431112610354302,0.1988828722889061,0.13777477929139703,0.6788933658235945
6,1.085,7.327150374343526,-1.431535366119699,0.19834254228195045,0.13692926776060244,0.673932484552912
6,1.0875000000000001,7.341467828910723,-1.4319550351639883,0.19780392416564052,0.1360899296720237,0.6690157826186282
6,1.09,7.3557894648493365,-1.4323716449578854,0.19726701767271962,0.13525671008422868,0.6641428084259561
6,1.0925,7.370115251703043,-1.4327852226913314,0.19673182230248512,0.13442955461733774,0.6593131150793609
6,1.095,7.384445159286032,-1.4331957952764127,0.19619833732666747,0.1336084094471739,0.6545262603420862
6,1.0975,7.39877915768023,-1.433603389350267,0.19566656179521677,0.13279322129946658,0.6497818065957459
6,1.1,7.41311721723258,-1.434008031277949,0.19513649454198784,0.13198393744410153,0.6450793207999597
6,1.1025,7.427459308552319,-1.4344097471552872,0.19460813419033585,0.13118050568942574,0.6404183744520798
6,1.105,7.441805402508312,-1.4348085628117004,0.19408147915861423,0.1303828743765988,0.6357985435469846
6,1.1075,7.456155470226397,-1.4352045038130015,0.1935565276655816,0.1295909923739967,0.6312194085369721
6,1.11,7.470509483086767,-1.4355975954641675,0.19303327773571657,0.1288048090716652,0.6266805542917508
6,1.1125,7.484867412721366,-1.4359878628120888,0.19251172720444118,0.12802427437582248,0.6221815700585398
6,1.115,7.499229231011331,-1.4363753306482934,0.1919918737232564,0.12724933870341315,0.6177220494222893
6,1.1175,7.51359491008445,-1.4367600235116453,0.19147371476478509,0.12647995297670925,0.6133015902660164
6,1.12,7.527964422312645,-1.4371419656910178,0.1909572476277322,0.1257160686179643,0.6089197947312888
6,1.1225,7.542337740309489,-1.4375211812279434,0.19044246944175358,0.1249576375441132,0.6045762691788348
6,1.125,7.556714836927745,-1.4378976939192383,0.1899293771722419,0.12420461216152355,0.6002706241493078
6,1.1275,7.57109568525693,-1.4382715273196027,0.18941796762502722,0.12345694536079509,0.5960024743242041
6,1.1300000000000001,7.585480258620912,-1.4386427047441963,0.18890823745099283,0.12271459051160777,0.591771438486938
6,1.1325,7.599868530575515,-1.4390112492711902,0.18840018315061052,0.1219775014576193,0.5875771394840905
6,1.135,7.614260474906181,-1.4393771837442952,0.18789380107839074,0.12124563251140894,0.5834192041868175
6,1.1375,7.628656065625619,-1.439740530775264,0.1873890874472566,0.1205189384494726,0.5792972634524538
6,1.1400000000000001,7.643055276971512,-1.4401013127463693,0.18688603833283343,0.11979737450726209,0.5752109520862831
6,1.1425,7.657458083404223,-1.440459551812862,0.18638464967766347,0.11908089637427581,0.5711599088035116
6,1.145,7.671864459604547,-1.440815269905403,0.18588491729534107,0.11836946018919382,0.567143776191426
6,1.1475,7.68627438047147,-1.4411684887324692,0.18538683687457072,0.11766302253506151,0.5631622006717515
6,1.1500000000000001,7.700687821119965,-1.4415192297827397,0.184890403983151,0.11696154043452031,0.5592148324632166
6,1.1525,7.715104756878798,-1.4418675143274577,0.18439561407188226,0.11626497134508441,0.555301325544321
6,1.155,7.729525163288373,-1.4422133634227678,0.18390246247840206,0.11557327315446456,0.5514213376163177
6,1.1575,7.74394901609859,-1.4425567979120317,0.18341094443094527,0.11488640417593682,0.5475745300664041
6,1.16,7.758376291266725,-1.4428978384281206,0.18292105505203657,0.11420432314375932,0.5437605679311432
6,1.1625,7.772806964955347,-1.4432365053956842,0.18243278936210694,0.11352698920863188,0.5399791198600922
6,1.165,7.787241013530229,-1.4435728190333985,0.1819461422830454,0.11285436193320376,0.536229858079671
6,1.1675,7.80167841355832,-1.4439067993561883,0.18146110864167764,0.11218640128762394,0.5325124583572473
6,1.17,7.816119141805703,-1.4442384661774312,0.18097768317317914,0.11152306764513777,0.5288265999654589
6,1.1725,7.830563175235599,-1.4445678391111365,0.18049586052442065,0.11086432177772755,0.5251719656467702
6,1.175,7.84501049100638,-1.4448949375741014,0.1800156352572468,0.11021012485179706,0.5215482415782613
6,1.1775,7.859461066469605,-1.4452197807880494,0.17953700185169158,0.10956043842390074,0.5179551173366628
6,1.18,7.873914879168093,-1.4455423877817426,0.17905995470912617,0.10891522443651479,0.5143922858636202
6,1.1825,7.888371906833988,-1.4458627773930726,0.17858448815534747,0.10827444521385378,0.5108594434312153
6,1.185,7.902832127386865,-1.446180968271136,0.17811059644360108,0.10763806345772839,0.5073562896077226
6,1.1875,7.91729551893186,-1.446496978878277,0.1776382737575439,0.10700604224344633,0.5038825272236148
6,1.19,7.931762059757806,-1.446810827492122,0.17716751421414673,0.10637834501575613,0.5004378623378201
6,1.1925000000000001,7.9462317283353965,-1.4471225322075838,0.1766983118665358,0.10575493558483216,0.49702200420422404
6,1.195,7.960704503315363,-1.4474321109388488,0.17623066070677731,0.10513577812230243,0.49363466523843014
6,1.1975,7.975180363526696,-1.4477395814213423,0.17576455466860075,0.10452083715731572,0.4902755609847607
6,1.2,7.989659287974842,-1.4480449612136739,0.1752999876300698,0.10391007757265293,0.48694441008352723
6,1.2025000000000001,8.004141255839968,-1.4483482676995618,0.1748369534161918,0.10330346460087557,0.48364093423853943
6,1.205,8.0186262464752,-1.4486495180897405,0.17437544580147674,0.10270096382051842,0.48036485818488445
6,1.2075,8.033114239404927,-1.4489487294238403,0.17391545851243742,0.10210254115231893,0.47711590965694883
6,1.21,8.047605214323077,-1.4492459185722555,0.1734569852300387,0.10150816285548865,0.47389381935670705
6,1.2125000000000001,8.062099151091449,-1.4495411022379883,0.17300001959209294,0.10091779552402341,0.4706983209222636
6,1.215,8.076596029738038,-1.4498342969584737,0.17254455519560277,0.10033140608305251,0.46752915089665265
6,1.2175,8.091095830455396,-1.4501255191073865,0.17209058559905416,0.09974896178522721,0.4643860486968982
6,1.22,8.105598533599004,-1.4504147848964266,0.1716381043246562,0.09917043020714675,0.46126875658332767
6,1.2225,8.120104119685648,-1.4507021103770879,0.1711871048605355,0.09859577924582448,0.45817701962915325
6,1.225,8.134612569391845,-1.4509875114424056,0.17073758066287664,0.09802497711518916,0.4551105856903
6,1.2275,8.149123863552251,-1.451271003828687,0.17028952515801854,0.09745799234262645,0.45206920537550394
6,1.23,8.16363798315811,-1.4515526031172217,0.16984293174450218,0.09689479376555615,0.44905263201666257
6,1.2325,8.178154909355712,-1.451832324735977,0.16939779379507025,0.09633535052804616,0.446060621639443
6,1.235,8.192674623444868,-1.4521101839612678,0.16895410465862362,0.09577963207746415,0.4430929329341535
6,1.2375,8.207197106877398,-1.4523861959194178,0.16851185766213017,0.09522760816116442,0.4401493272268679
6,1.24,8.221722341255642,-1.4526603755883942,0.16807104611249182,0.09467924882321146,0.4372295684508112
6,1.2425,8.236250308330987,-1.4529327377994308,0.16763166329836476,0.09413452440113813,0.43433342311799755
6,1.245,8.250780990002408,-1.45320329723863,0.16719370249194065,0.09359340552274065,0.4314606602911324
6,1.2475,8.265314368315012,-1.453472068448547,0.1667571569506819,0.09305586310290695,0.4286110515557625
6,1.25,8.279850425458632,-1.4537390658297598,0.16632201991901746,0.09252186834048043,0.4257843709926847
6,1.2525,8.294389143766393,-1.4540043036424208,0.16588828462999866,0.09199139271515874,0.42298039515061353
6,1.2550000000000001,8.308930505713338,-1.4542677960077879,0.16545594430691168,0.09146440798442461,0.42019890301909274
6,1.2575,8.32347449391502,-1.4545295569097434,0.16502499216485517,0.09094088618051321,0.4174396760016731
6,1.26,8.338021091126164,-1.454789600196295,0.16459542141227396,0.09042079960740945,0.4147024978893271
6,1.2625,8.352570280239288,-1.455047939581059,0.1641672252524597,0.08990412083788188,0.41198715483413084
6,1.2650000000000001,8.367122044283395,-1.4553045886447271,0.16374039688500983,0.0893908227105462,0.4092934353231822
6,1.2675,8.381676366422624,-1.455559560836518,0.16331492950725263,0.08888087832696366,0.40662113015277895
6,1.27,8.396233229954962,-1.4558128694756145,0.16289081631563543,0.08837426104877044,0.4039700324028407
6,1.2725,8.410792618310943,-1.4560645277525812,0.16246805050707533,0.0878709444948382,0.4013399374115748
6,1.2750000000000001,8.425354515052367,-1.4563145487307658,0.16204662528027863,0.08737090253846791,0.39873064275039716
6,1.2775,8.439918903871037,-1.4565629453476931,0.16162653383702252,0.08687410930461331,0.3961419481990894
6,1.28,8.454485768587507,-1.4568097304164316,0.16120776938340575,0.08638053916713627,0.39357365572120545
6,1.2825,8.469055093149851,-1.4570549166269542,0.16079032513106326,0.08589016674609148,0.3910255694397155
6,1.285,8.483626861632425,-1.4572985165474783,0.16037419429835242,0.08540296690504355,0.38849749561289937
6,1.2875,8.498201058234672,-1.4575405426257948,0.15995937011150277,0.08491891474841154,0.3859892426104694
6,1.29,8.51277766727991,-1.4577810071905777,0.15954584580573786,0.0844379856188452,0.38350062088994136
6,1.2925,8.527356673214154,-1.4580199224526846,0.15913361462636566,0.08396015509463006,0.38103144297323877
6,1.295,8.541938060604949,-1.4582573005064396,0.1587226698298365,0.08348539898712058,0.3785815234235304
6,1.2975,8.556521814140199,-1.4584931533308982,0.15831300468477483,0.08301369333820374,0.3761506788223086
6,1.3,8.571107918627032,-1.4587274927911054,0.1579046124729787,0.08254501441778982,0.37373872774669514
6,1.3025,8.58569635899066,-1.4589603306393335,0.15749748649039363,0.08207933872133247,0.3713454907469835
6,1.305,8.60028712027326,-1.4591916785163124,0.157091620048055,0.08161664296737536,0.3689707903244051
6,1.3075,8.614880187632863,-1.4594215479524357,0.15668700647300662,0.08115690409512819,0.3666144509091329
6,1.31,8.629475546342254,-1.4596499503689655,0.1562836391091893,0.08070009926206852,0.3642762988385042
6,1.3125,8.644073181787899,-1.4598768970792144,0.15588151131830427,0.08024620584157136,0.36195616233547295
6,1.315,8.658673079468851,-1.460102399289717,0.15548061648065137,0.07979520142056595,0.35965387148728795
6,1.3175000000000001,8.67327522499571,-1.460326468101391,0.15508094799593897,0.07934706379721784,0.35736925822438753
6,1.32,8.68787960408955,-1.4605491145106806,0.1546824992840733,0.0789017709786391,0.35510215629952546
6,1.3225,8.702486202580904,-1.4607703494106892,0.1542852637859174,0.07845930117862192,0.3528524012671021
6,1.325,8.717095006408712,-1.4609901835922998,0.15388923496403256,0.07801963281540081,0.35061983046272993
6,1.3275000000000001,8.731706001619331,-1.4612086277452812,0.1534944063033899,0.07758274450943743,0.34840428298299947
6,1.33,8.746319174365501,-1.4614256924593834,0.15310077131206384,0.07714861508123289,0.3462055996654731
6,1.3325,8.760934510905368,-1.4616413882254182,0.1527083235219003,0.07671722354916369,0.34402362306888407
6,1.335,8.775551997601502,-1.4618557254363291,0.1523170564891619,0.07628854912734188,0.34185819745354695
6,1.3375000000000001,8.79017162091991,-1.46206871438825,0.15192696379515458,0.07586257122350132,0.33970916876198415
6,1.34,8.804793367429085,-1.462280365281547,0.1515380390468289,0.07543926943690579,0.3375763845997524
6,1.3425,8.819417223799041,-1.462490688221858,0.15115027587736438,0.07501862355628326,0.33545969421648375
6,1.345,8.834043176800394,-1.4626996932211092,0.15076366794672905,0.07460061355778114,0.33335894848712216
6,1.3475,8.8486712133034,-1.4629073901985263,0.15037820894222328,0.0741852196029477,0.331273999893374
6,1.35,8.863301320277062,-1.4631137889816332,0.14999389257899953,0.07377242203673375,0.3292047025053487
6,1.3525,8.877933484788185,-1.4633188993072401,0.1496107126005676,0.07336220138551997,0.32715091196341156
6,1.355,8.892567694000512,-1.463522730822418,0.14922866277927568,0.07295453835516387,0.32511248546022126
6,1.3575,8.907203935173802,-1.4637252930854643,0.14884773691677713,0.07254941382907136,0.32308928172297474
6,1.36,8.92184219566296,-1.463926595566855,0.14846792884447751,0.07214680886628964,0.32108116099584233
6,1.3625,8.936482462917157,-1.4641266476501893,0.14808923242396305,0.0717467046996215,0.3190879850225952
6,1.365,8.951124724478971,-1.4643254586331191,0.14771164154741362,0.07134908273376186,0.3171096170294272
6,1.3675,8.965768967983536,-1.4645230377282725,0.14733515013799592,0.07095392454345485,0.31514592170796135
6,1.37,8.980415181157683,-1.4647193940641634,0.14695975215024382,0.07056121187167345,0.31319676519845235
6,1.3725,8.995063351819114,-1.4649145366860907,0.1465854415704184,0.07017092662781836,0.3112620150731675
6,1.375,9.009713467875576,-1.465108474557031,0.1462122124168542,0.06978305088593831,0.309341540319956
6,1.3775,9.024365517324034,-1.4653012165585146,0.14584005874029027,0.06939756688297125,0.3074352113260028
6,1.3800000000000001,9.039019488249862,-1.4654927714914976,0.14546897462418443,0.06901445701700486,0.305542899861761
6,1.3825,9.053675368826047,-1.4656831480772212,0.14509895418501315,0.06863370384555753,0.30366447906506483
6,1.385,9.068333147312398,-1.4658723549580608,0.14472999157255673,0.06825529008387866,0.30179982342542033
6,1.3875,9.082992812054748,-1.466060400698365,0.14436208097017128,0.06787919860326953,0.29994880876847535
6,1.3900000000000001,9.097654351484195,-1.4662472937852888,0.1439952165950443,0.06750541242942187,0.2981113122406589
6,1.3925,9.11231775411632,-1.4664330426296117,0.14362939269843875,0.06713391474077696,0.2962872122939987
6,1.395,9.126983008550438,-1.4666176555665487,0.14326460356592324,0.06676468886690294,0.294476388671108
6,1.3975,9.141650103468837,-1.4668011408565544,0.1429008435175881,0.06639771828689083,0.2926787223903418
6,1.4,9.15631902763604,-1.4669835066861157,0.1425381069082496,0.06603298662776888,0.2908940957311217
11,0.0,2.772588722239781,-0.2500000000000001,0.0,2.5,7.000000000000002
11,0.0025,2.7751106284275413,-0.25438435006503224,1.0984187499107842e-05,2.491231299869936,7.029879999429019
11,0.005,2.7776764712376902,-0.25878729895612435,4.4121968695716184e-05,2.482425402087751,7.059514991314589
11,0.0075,2.780286435885012,-0.26320869119487855,9.968762050767117e-05,2.473582617610243,7.0888974583232836
11,0.01,2.782940706006005,-0.2676483666020231,0.00017795049688926347,2.464703266795954,7.118019875570539
11,0.0125,2.785639463611857,-0.27210616029378215,0.0002791747935201098,2.4557876794124356,7.1468747141148095
11,0.015,2.7883828890413866,-0.27658190268044686,0.00040361931250352634,2.4468361946391064,7.175454444507135
11,0.0175,2.791171160913989,-0.2810754194671806,0.0005515372273114038,2.4378491610656385,7.203751540393845
11,0.02,2.7940044560825963,-0.2855865316570937,0.0007231758482170068,2.428826936685813,7.231758482170068
11,0.0225,2.796882949586684,-0.29011505555661454,0.0009187763884612636,2.419769888886771,7.25946776068159
11,0.025,2.799806814605339,-0.2946608027831914,0.00113857373140195,2.410678394433617,7.286871880972479
11,0.0275,2.8027762224104182,-0.29922358027534784,0.0013827961988987145,2.4015528394493044,7.313963366075845
11,0.03,2.8057913423198215,-0.30380319030512154,0.001651665321190116,2.392393619389757,7.340734760844961
11,0.0325,2.808852341650896,-0.3083994304929085,0.0019453956085217154,2.383201139014183,7.36717863582188
11,0.035,2.8119593856740055,-0.3130120938247373,0.0022641943247868205,2.3739758123505257,7.393287591140637
11,0.0375,2.8151126375662856,-0.31764096867199115,0.002608261263443657,2.364718062656017,7.419054260461957
11,0.04,2.8183122583656006,-0.3222858388136003,0.002977788525974555,2.3554283223727994,7.444471314936387
11,0.0425,2.821558406924747,-0.32694648346071703,0.0033729603031541493,2.3461070330785656,7.469531467192578
11,0.045,2.824851239865903,-0.33162267728389283,0.003793952659394671,2.336754645432215,7.494227475347499
11,0.0475,2.8281909115353745,-0.33631419044276545,0.004240933320437011,2.3273716191144693,7.518552147035144
11,0.05,2.831577573958641,-0.3410207886182715,0.004714061464656454,2.317958422763457,7.542498343450325
11,0.0525,2.835011376795742,-0.34574223304738727,0.005213487518251837,2.3085155339052252,7.5660589834040275
11,0.055,2.83849246729702,-0.35047828056040925,0.005739352954586193,2.2990434388791816,7.589227047386702
11,0.0575,2.8420209902592553,-0.3552286836207746,0.006291790097945932,2.289542632758451,7.6119955816359095
11,0.06,2.845597087982199,-0.3599931903674243,0.006870921931984093,2.2800136192651514,7.6343577022045475
11,0.0625,2.8492209002255593,-0.3647715446597084,0.007476861913111268,2.270456910680583,7.656306599025938
11,0.065,2.852892564166434,-0.36956348612483003,0.00810971378909537,2.2608730277503404,7.677835539971947
11,0.0675,2.856612214357241,-0.3743687502078223,0.008769571423128586,2.2512624995843553,7.698937874900268
11,0.07,2.8603799826841545,-0.3791870682240506,0.009456518623616579,2.241625863551899,7.719607039687003
11,0.0725,2.864195998326082,-0.38401816741422945,0.01017062897994114,2.2319636651715413,7.739836560240582
11,0.075,2.8680603877142037,-0.38886177100194136,0.010911965704443388,2.222276457996117,7.759620056493077
11,0.0775,2.8719732744921,-0.39371759825364205,0.011680581480869817,2.212564803492716,7.778951246364914
11,0.08,2.875934779476488,-0.39858536454113397,0.012476518319518421,2.202829270917732,7.797823949699013
11,0.0825,2.8799450206186004,-0.40346478140648895,0.013299807419316497,2.193070437187022,7.816232092160291
11,0.085,2.88400411296622,-0.4083555566293951,0.014150469037055698,2.18328888674121,7.834169709096578
11,0.08750000000000001,2.8881121686264057,-0.4132573942969044,0.015028512364003372,2.1734852114061916,7.851630949356862
11,0.09,2.892269296728923,-0.41816999487555206,0.015933935410102348,2.1636600102488956,7.868610079062889
11,0.0925,2.8964756033904075,-0.4230930552858175,0.016866724895963962,2.1538138894283647,7.885101485330122
11,0.095,2.9007311916792915,-0.42802626897889406,0.017826856152851196,2.1439474620422123,7.901099679934047
11,0.0975,2.9050361615814992,-0.43296932601573207,0.01881429303084081,2.1340613479685357,7.916599302917894
11,0.1,2.909390609966951,-0.43792191314831774,0.019828987815344635,2.1241561737033647,7.931595126137853
11,0.10250000000000001,2.9137946305568887,-0.4428837139031462,0.020870881152161035,2.114232572193708,7.946082056741856
11,0.105,2.918248313892049,-0.44785440866684856,0.02193990198121849,2.1042911826663024,7.960055140578138
11,0.1075,2.922751747301699,-0.45283367477392555,0.023035967479163283,2.094332650452149,7.973509565529747
11,0.11,2.927305014873565,-0.45782118659654014,0.024158983010933006,2.0843576268069195,7.9864406647712425
11,0.1125,2.9319081974246624,-0.4628166156363227,0.02530884209044772,2.074366768727355,7.99884391994397
11,0.115,2.9365613724730624,-0.46781963061813203,0.026485426350539156,2.0643607387637357,8.010714964246247
11,0.11750000000000001,2.9412646142105983,-0.47282989758572164,0.027688605522227846,2.0543402048285566,8.022049585434956
11,0.12,2.9460179934765396,-0.47784707999925247,0.02891823742344626,2.0443058400014955,8.032843728735072
11,0.1225,2.9508215777322544,-0.4828708388345956,0.030174167957294898,2.0342583223308086,8.043093499653784
11,0.125,2.9556754310368665,-0.48790083268436185,0.031456231119905954,2.024198334631276,8.052795166695924
11,0.1275,2.960579614023938,-0.4929367178605978,0.0327642490179774,2.014126564278804,8.061945163977523
11,0.13,2.965534183879183,-0.49797814849908184,0.03409803189602795,2.004043703001836,8.070540093734424
11,0.1325,2.9705391943192296,-0.5030247766651557,0.0354573781734109,1.993950446669689,8.078576728723023
11,0.135,2.9755946955714574,-0.5080762524610202,0.036842074491112244,1.9838474950779599,8.086052014510232
11,0.1375,2.980700734354903,-0.5131322241344288,0.038251895768345694,1.9737355517311421,8.092963071649997
11,0.14,2.985857353862264,-0.5181923381887049,0.03968660526894428,1.9636153236225904,8.09930719774373
11,0.14250000000000002,2.9910645937430154,-0.523256239494008,0.04114595467753552,1.953487521011984,8.105081869382188
11,0.145,2.9963224900876355,-0.5283235713997788,0.04262968418547383,1.9433528572004424,8.110284743966485
11,0.1475,3.001631075412964,-0.5333939758482824,0.04413752258649107,1.9332120483034352,8.114913661406
11,0.15,3.006990378648706,-0.538467093489174,0.0456691873820127,1.923065813021652,8.118966645691147
11,0.1525,3.0124004251250818,-0.5435425637950078,0.04722438489607462,1.9129148724099845,8.122441906339091
11,0.155,3.017861236561634,-0.5486200251776093,0.04880281039976198,1.9027599496447811,8.125337839710632
11,0.1575,3.023372831057209,-0.5536991151052315,0.05040414824507895,1.892601769789537,8.127653030196656
11,0.16,3.028935223081109,-0.5587794702204086,0.05202807200814546,1.882441059559183,8.129386251272727
11,0.1625,3.0345484234654254,-0.5638607264584292,0.053674244641603745,1.8722785470831418,8.130536466420448
11,0.165,3.040212439398563,-0.5689425191663434,0.05534231863610591,1.8621149616673132,8.13110282991455
11,0.1675,3.0459272744199515,-0.5740244832224195,0.057031936190740165,1.851951033555161,8.13108468747465
11,0.17,3.051692928415961,-0.5791062531559648,0.0587427293922424,1.8417874936880707,8.130481576780953
11,0.17250000000000001,3.0575093976170096,-0.5841874632674263,0.060474320402826416,1.8316250734651476,8.12929322785316
11,0.17500000000000002,3.0633766745958746,-0.5892677477486861,0.06222632165645603,1.8214645045026279,8.127519563292214
11,0.1775,3.0692947482672137,-0.5943467408034645,0.06399833606336904,1.8113065183930712,8.125160698384484
11,0.18,3.0752636038882812,-0.5994240767677448,0.06578995722265335,1.8011518464645104,8.122216941068315
11,0.1825,3.0812832230608542,-0.6044993902301341,0.06760076964266377,1.7910012195397313,8.118688791762962
11,0.185,3.0873535837343606,-0.6095723161520755,0.0694303489690577,1.7808553676958487,8.114576943060067
11,0.1875,3.093474660210207,-0.6146424899878234,0.07127826222021781,1.7707150200243524,8.109882279278116
11,0.19,3.099646423147304,-0.6197095478040976,0.07314406802982042,1.7605809043918048,8.10460587588038
11,0.1925,3.1058688395687906,-0.6247731263993312,0.0750273168962975,1.7504537472013375,8.098748998757026
11,0.195,3.112141872869943,-0.6298328634224296,0.07692755143893314,1.7403342731551406,8.092313103372321
11,0.1975,3.11846548282727,-0.6348883974909512,0.07884430666032516,1.7302232050180981,8.085299833777935
11,0.2,3.124839625608792,-0.6399393683086316,0.08077711021493501,1.7201212633827365,8.0777110214935
11,0.2025,3.1312642537854822,-0.6449854167821691,0.08272548268344208,1.7100291664356622,8.069548684255894
11,0.20500000000000002,3.1377393163438807,-0.6500261851371826,0.08468893785260975,1.6999476297256346,8.060815024638643
11,0.20750000000000002,3.1442647586998578,-0.6550613170332724,0.08666698300036574,1.6898773659334547,8.051512428543194
11,0.21,3.1508405227135245,-0.6600904576780944,0.08865911918579131,1.6798190846438108,8.041643463563839
11,0.2125,3.1574665467052805,-0.6651132539403748,0.09066484154370984,1.66977349211925,8.031210877228277
11,0.215,3.1641427654729863,-0.670129354461787,0.09268363958355848,1.6597412910764262,8.020217595115932
11,0.2175,3.1708691103102433,-0.6751384097676143,0.09471499749222348,1.6497231804647712,8.00866671885626
11,0.22,3.1776455090257807,-0.6801400723761258,0.09675839444051464,1.639719855247748,7.996561524009474
11,0.2225,3.1844718859639265,-0.6851339969065897,0.09881330489295088,1.6297320061868206,7.983905457832163
11,0.225,3.1913481620261512,-0.6901198401858563,0.10087919892052667,1.6197603196282877,7.970702136930502
11,0.2275,3.1982742546936698,-0.6950972613534395,0.10295554251612539,1.609805477293121,7.956955344803797
11,0.23,3.205250078051087,-0.7000659219650307,0.10504179791224487,1.5998681560699386,7.942669029281276
11,0.2325,3.212275542811072,-0.7050254860943743,0.10713742390069822,1.589949027811251,7.92784729985511
11,0.23500000000000001,3.2193505563400384,-0.70997562043345,0.10924187615395248,1.5800487591330996,7.912494424912809
11,0.23750000000000002,3.2264750226848227,-0.7149159943908903,0.11135460754776769,1.57016801121822,7.896614828872168
11,0.24,3.233648842600334,-0.7198462801885799,0.11347506848479819,1.5603074396228405,7.880213089222097
11,0.2425,3.2408719135781614,-0.7247661529563771,0.11560270721882043,1.5504676940872457,7.863293933472748
11,0.245,3.2481441298761204,-0.729675290824901,0.11773697017925079,1.540649418350198,7.845862236018379
11,0.2475,3.2554653825487154,-0.734573375016332,0.11987730229562088,1.5308532499673362,7.827923014916577
11,0.25,3.262835559478502,-0.7394600899331731,0.12202314732167843,1.5210798201336537,7.80948142858742
11,0.2525,3.2702545454083234,-0.744335123244926,0.1241739481587859,1.5113297535101478,7.790542772436327
11,0.255,3.2777222219744058,-0.749198165972632,0.12632914717829177,1.501603668054736,7.771112475404338
11,0.2575,3.2852384677402884,-0.7540489125712362,0.12848818654255317,1.491902174857528,7.751196096449622
11,0.26,3.292803158231564,-0.7588870610097308,0.13065050852429363,1.4822258779805382,7.7307993209641195
11,0.2625,3.3004161659714115,-0.7637123128490415,0.1328155558239834,1.472575374301917,7.709927957129196
11,0.265,3.3080773605168936,-0.7685243733176164,0.13498277188493632,1.4629512533647675,7.688587932214244
11,0.2675,3.315786608496002,-0.7733229513846852,0.1371516012058212,1.4533540972306294,7.666785288822218
11,0.27,3.323543773645421,-0.7781077598311578,0.13932148965029403,1.443784480337684,7.644526181086091
11,0.2725,3.3313487168489884,-0.7828785153181285,0.14149188475346106,1.4342429693637428,7.621816870820223
11,0.275,3.3392012961768307,-0.7876349384529638,0.14366223602489273,1.4247301230940723,7.598663723630689
11,0.2775,3.3471013669251457,-0.7923767538529483,0.14583199524791232,1.415246492294104,7.575073204988546
11,0.28,3.355048781656609,-0.7971036902064621,0.14800061677489426,1.4057926195870762,7.551051876270114
11,0.28250000000000003,3.363043390241382,-0.801815480331679,0.1501675578183115,1.3963690393366424,7.526606390768215
11,0.28500000000000003,3.3710850398986913,-0.806511861232759,0.1523322787372826,1.386976277534482,7.501743489678428
11,0.28750000000000003,3.3791735752389593,-0.81119257415353,0.15449424331937545,1.37761485169294,7.476469998064292
11,0.29,3.3873088383064602,-0.8158573646286374,0.15665291905743436,1.3682852707427258,7.45079282080544
11,0.2925,3.395490668622473,-0.8205059825321609,0.15880777742120653,1.3589880349356778,7.424718938532558
11,0.295,3.403718903228905,-0.8251381821236866,0.1609582941235518,1.3497236357526272,7.398255403553086
11,0.2975,3.411993376732372,-0.8297537220918276,0.16310394938103046,1.3404925558163452,7.37140933577145
11,0.3,3.4203139213486913,-0.8343523655951998,0.16524422816867324,1.3312952688096,7.3441879186077
11,0.3025,3.4286803669477783,-0.8389338803008433,0.16737862046874635,1.3221322393983137,7.316598394918221
11,0.305,3.4370925410989117,-0.8434980384200943,0.16950662151333565,1.313003923159811,7.288648062922253
11,0.3075,3.4455502691163433,-0.8480446167419203,0.17162773202058354,1.3039107665161596,7.2603442721378455
11,0.31,3.454053374105235,-0.8525733966637119,0.17374145842442176,1.2948532066725762,7.23169441933077
11,0.3125,3.4626016770078802,-0.8570841642195525,0.1758473130976554,1.2858316715608948,7.202705944479965
11,0.315,3.471194996650207,-0.8615767101059703,0.17794481456826083,1.2768465797880593,7.173386326762845
11,0.3175,3.479833149788519,-0.8660508297051887,0.18003348772877312,1.2678983405896227,7.143743080563879
11,0.32,3.488515951156457,-0.8705063231058906,0.18211286403864815,1.258987353788219,7.113783751509693
11,0.3225,3.49724321351216,-0.874942995121513,0.1841824817194936,1.250114009756974,7.083515912533857
11,0.325,3.5060147476855894,-0.8793606553060924,0.18624188594307614,1.2412786893878152,7.05294715997448
11,0.3275,3.5148303626260087,-0.883759117967683,0.1882906290120191,1.2324817640646342,7.0220851097076045
11,0.33,3.5236898654495796,-0.8881382021793689,0.19032827053311815,1.2237235956412622,6.9909373933193075
11,0.3325,3.532593061487055,-0.8924977317878978,0.19235437758321106,1.2150045364242041,6.959511654319354
11,0.335,3.541539754331551,-0.8968375354199618,0.19436852486754708,1.206324929160076,6.927815544399093
11,0.3375,3.550529745886369,-0.9011574464861531,0.19637029487061428,1.197685107027694,6.895856719736248
11,0.34,3.559562836412843,-0.9054573031826256,0.19835927799938924,1.1890853936347492,6.863642837349107
11,0.3425,3.568638824578195,-0.9097369484904957,0.20033507271898626,1.1805261030190088,6.831181551502541
11,0.34500000000000003,3.577757507503371,-0.9139962301730118,0.2022972856806922,1.1720075396539766,6.798480510168188
11,0.34750000000000003,3.5869186808108418,-0.9182350007705283,0.20424553184237948,1.1635299984589433,6.765547351540958
11,0.35000000000000003,3.596122138672337,-0.9224531175933238,0.20617943458130542,1.1550937648133521,6.732389700614053
11,0.3525,3.605367673856501,-0.9266504427122938,0.20809862579930688,1.1466991145754128,6.699015165814417
11,0.355,3.6146550777764443,-0.9308268429475618,0.2100027460204161,1.1383463141048764,6.66543133570057
11,0.3575,3.6239841405371687,-0.9349821898550476,0.21189144448092567,1.1300356202899053,6.631645775724605
11,0.36,3.633354650982851,-0.9391163597110284,0.21376437921194358,1.1217672805779433,6.597666025059987
11,0.3625,3.642766396743961,-0.9432292334947437,0.21562121711448418,1.1135415330105127,6.5634995934967835
11,0.365,3.6522191642841966,-0.9473206968690766,0.21746163402715135,1.1053586062618463,6.529153958405746
11,0.3675,3.6617127389472137,-0.9513906401593623,0.21928531478647664,1.0972187196812757,6.494636561772644
11,0.37,3.67124690500314,-0.9554389583303623,0.2210919532799812,1.0891220833392756,6.459954807304054
11,0.3725,3.6808214456948445,-0.9594655509614574,0.22288125249204108,1.0810688980770857,6.425116057605797
11,0.375,3.6904361432839545,-0.9634703222200942,0.22465292454263786,1.0730593555598116,6.390127631435032
11,0.3775,3.700090779096593,-0.9674531808335428,0.22640669071908798,1.0650936383329141,6.354996801026986
11,0.38,3.7097851335688325,-0.9714140400590028,0.22814228150084492,1.0571719198819938,6.319730789497089
11,0.3825,3.7195189862918356,-0.9753528176521131,0.22985943657748006,1.0492943646957735,6.284336768319332
11,0.385,3.7292921160566777,-0.9792694358339066,0.23155790485994937,1.0414611283321866,6.248821854881413
11,0.3875,3.739104300898827,-0.9831638212562634,0.23323744448526124,1.033672357487473,6.21319311011726
11,0.39,3.7489553181422766,-0.9870359049659067,0.23489782281466418,1.0259281900681867,6.177457536217335
11,0.3925,3.7588449444433034,-0.990885622366994,0.2365388164254796,1.018228755266012,6.141622074417094
11,0.395,3.768772955833855,-0.9947129131823489,0.23816021109670754,1.0105741736353029,6.105693602863836
11,0.3975,3.778739127764532,-0.998517721413384,0.23976180178853898,1.002964557173232,6.069678934562119
11,0.4,3.7887432351471713,-1.0022999952987677,0.24134339261591292,0.9954000094024646,6.0335848153978215
11,0.4025,3.798785052397005,-1.0060596872718748,0.24290479681625646,0.9878806254562504,5.997417922240813
11,0.405,3.8088643534743927,-1.0097967539170816,0.24444583671155504,0.9804064921658369,5.96118486112617
11,0.40750000000000003,3.8189809119261047,-1.0135111559249443,0.24596634366489825,0.9729776881501111,5.924892165513752
11,0.41000000000000003,3.8291345009261573,-1.0172028580463177,0.2474661580316519,0.9655942839073641,5.888546294625862
11,0.41250000000000003,3.8393248933161828,-1.0208718290454564,0.24894512910540925,0.958256341909087,5.852153631862696
11,0.41500000000000004,3.849551861645323,-1.0245180416521507,0.2504031150588762,0.9509639166956987,5.815720483295135
11,0.4175,3.859815178209643,-1.0281414725129456,0.25183998287984705,0.9437170549741087,5.779253076234434
11,0.42,3.87011461509105,-1.031742102141489,0.25325560830243043,0.936515795717022,5.7427575578782415
11,0.4225,3.8804499441957145,-1.0353199148680567,0.25464987573368436,0.9293601702638864,5.706239994032352
11,0.425,3.890820937291978,-1.038874898788303,0.25602267817582275,0.9222502024233943,5.6697063679074935
11,0.4275,3.90122736604775,-1.0424070457112817,0.25737391714415486,0.915185908577437,5.6331625789904285
11,0.43,3.9116690020673777,-1.0459163511067855,0.25870350258092156,0.9081672977864287,5.596614441988568
11,0.4325,3.9221456169279896,-1.0494028140520486,0.26001135276519105,0.9011943718959031,5.5600676858472475
11,0.435,3.932656982215298,-1.052866437177855,0.26129739421897796,0.8942671256442898,5.523527952838747
11,0.4375,3.9432028695588657,-1.0563072266141043,0.26256156160975014,0.8873855467717918,5.487000797722125
11,0.44,3.953783050666819,-1.0597251919348691,0.2638037976494856,0.8805496161302621,5.450491686972843
11,0.4425,3.9643972973600174,-1.0631203461029963,0.26502405299044324,0.8737593077940071,5.414005998081128
11,0.445,3.975045381605659,-1.06649270541429,0.2662222861178102,0.8670145891714196,5.377549018918019
11,0.4475,3.985727075550331,-1.069842289441318,0.26739846323938615,0.8603154211173639,5.341125947167914
11,0.45,3.9964421515524955,-1.0731691209768848,0.26855255817246654,0.8536617580462305,5.304741889826499
11,0.4525,4.007190382214406,-1.0764732259772112,0.2696845522280834,0.8470535480455775,5.268401862762839
11,0.455,4.017971540413459,-1.0797546335048605,0.2707944340927618,0.8404907329902792,5.2321107903443895
11,0.4575,4.028785399332968,-1.0830133756714473,0.2718821997079483,0.8339732486571053,5.195873505123679
11,0.46,4.039631732492369,-1.086249487580173,0.2729478521472667,0.8275010248396542,5.159694747585381
11,0.4625,4.050510313776849,-1.0894630072682177,0.2739914014917533,0.8210739854635642,5.123579165952434
11,0.465,4.061420917466395,-1.0926539756490328,0.2750128647032238,0.8146920487019343,5.087531316049925
11,0.4675,4.072363318264272,-1.0958224364545637,0.27601226549591795,0.8083551270908725,5.051555661225298
11,0.47000000000000003,4.083337291324911,-1.0989684361774408,0.2769896342065728,0.8020631276451187,5.015656572323635
11,0.47250000000000003,4.0943426122812365,-1.1020920240131713,0.27794500766306424,0.7958159519736575,4.9798383277165
11,0.47500000000000003,4.105379057271398,-1.1051932518023675,0.2788784290517619,0.7896134963952653,4.944105113383036
11,0.47750000000000004,4.116446402964941,-1.108272173973038,0.27978994778373406,0.783455652053924,4.908461023041851
11,0.48,4.127544426588382,-1.1113288474829808,0.2806796193599414,0.7773423050340386,4.872910058332316
11,0.4825,4.13867290595023,-1.1143633317623023,0.28154750523555055,0.7712733364753961,4.8374561290437965
11,0.485,4.149831619465415,-1.1173756886560935,0.2823936726835009,0.7652486226878129,4.802103053391449
11,0.4875,4.161020346179154,-1.1203659823672971,0.2832181946574508,0.7592680352654058,4.766854558337108
11,0.49,4.1722388657902485,-1.123334279399783,0.2840211496542277,0.7533314412004338,4.731714279953815
11,0.4925,4.183486958673805,-1.1262806485016692,0.2848026215759067,0.7474387029966614,4.696685763832623
11,0.495,4.194764405903396,-1.1292051606089082,0.2855626995916323,0.7415896787821841,4.661772465530166
11,0.4975,4.206070989272662,-1.1321078887891642,0.28630147799930245,0.7357842224216711,4.626977751055619
11,0.5,4.2174064913163445,-1.1349889081860116,0.2870190560872253,0.730022183627977,4.592304897395604
11,0.5025000000000001,4.228770695330766,-1.137848295963465,0.2877155379958579,0.72430340807307,4.557757093075643
11,0.505,4.2401633853937675,-1.1406861312508787,0.28839103257973353,0.7186277374982423,4.523337438756727
11,0.5075000000000001,4.251584346384078,-1.1435024950882262,0.28904565326967974,0.7129950098235475,4.489048947865636
11,0.51,4.263033364000153,-1.1462974703717825,0.2896795179354255,0.7074050592564342,4.454894547257601
11,0.5125,4.274510224778468,-1.1490711418002353,0.29029274874869637,0.7018577163995292,4.420877077909951
11,0.515,4.286014716111277,-1.151823595821232,0.2908854720468852,0.6963528083575359,4.386999295645361
11,0.5175,4.297546626263831,-1.1545549205783943,0.29145781819739397,0.6908901588432116,4.353263871883408
11,0.52,4.309105744391079,-1.1572652058588069,0.29200992146272714,0.6854695882823862,4.31967339441904
11,0.5225,4.320691860553842,-1.1599545430410023,0.29254191986642325,0.680090913917995,4.28623036822671
11,0.525,4.332304765734468,-1.162623025043457,0.2930539550599015,0.6747539499130865,4.25293721628882
11,0.5275,4.343944251851977,-1.1652707462736078,0.29354617219030105,0.6694585074527846,4.219796280447265
11,0.53,4.355610111776698,-1.1678978025774152,0.2940187197693851,0.6642043948451696,4.1868098222767545
11,0.5325,4.367302139344404,-1.1705042911894719,0.2944717495435802,0.6589914176210562,4.153980023978738
11,0.535,4.379020129369951,-1.1730903106836799,0.29490541636521617,0.6538193786326402,4.121308989294662
11,0.5375,4.390763877660428,-1.1756559609245028,0.29531987806503074,0.6486880781509949,4.088798744437419
11,0.54,4.40253318102782,-1.1782013430188056,0.29571529532599816,0.6435973139623881,4.056451239039755
11,0.5425,4.414327837301194,-1.180726559268295,0.2960918315585409,0.63854688146341,4.024268347118567
11,0.545,4.426147645338413,-1.1832317131225607,0.2964496527771751,0.6335365737548786,3.9922518680538683
11,0.5475,4.437992405037381,-1.1857169091327402,0.29678892747864377,0.6285661817345196,3.96040352758141
11,0.55,4.449861917346832,-1.1881822529058033,0.29710982652158435,0.6236354941883934,3.928724978797809
11,0.5525,4.4617559842766585,-1.1906278510594699,0.29741252300777576,0.6187442978810603,3.8972178031771767
11,0.555,4.473674408907801,-1.1930538111777664,0.29769719216500756,0.613892377644467,3.865883511598182
11,0.5575,4.485616995401687,-1.1954602417672273,0.29796401123161065,0.6090795164655459,3.8347235453805792
11,0.56,4.497583549009243,-1.1978472522137456,0.29821315934268516,0.6043054955725088,3.8037392773301675
11,0.5625,4.509573876079473,-1.2002149527400825,0.29844481741806156,0.5995700945198351,3.7729320127912964
11,0.5650000000000001,4.52158778406762,-1.202563454364033,0.2986591680520234,0.594873091271934,3.7423029907059076
11,0.5675,4.533625081542905,-1.2048928688572569,0.29885639540482445,0.5902142622854868,3.7118533846782906
11,0.5700000000000001,4.5456855781958705,-1.2072033087047767,0.2990366850960214,0.5855933825904468,3.6815843040445837
11,0.5725,4.557769084845305,-1.209494887065147,0.2992002240996502,0.5810102258697064,3.6514967949462465
11,0.5750000000000001,4.569875413444793,-1.2117677177312918,0.29934720064126585,0.5764645645374171,3.621591841406618
11,0.5775,4.582004377088852,-1.2140219150920177,0.29947780409686353,0.5719561698159641,3.591870366409787
11,0.58,4.594155790018713,-1.2162575940942058,0.29959222489369963,0.5674848118115884,3.562333232980971
11,0.5825,4.606329467627713,-1.2184748702056696,0.29969065441302584,0.5630502595886608,3.5329812452676697
11,0.585,4.618525226466316,-1.2206738593786979,0.29977328489474964,0.5586522812426038,3.50381514962086
11,0.5875,4.630742884246783,-1.2228546780142704,0.2998403093440314,0.5542906439714603,3.47483563567551
11,0.59,4.642982259847483,-1.2250174429269423,0.29989192143982435,0.5499651141461156,3.4460433374297543
11,0.5925,4.655243173316853,-1.2271622713104153,0.2999283154453685,0.5456754573791689,3.417438834322061
11,0.595,4.667525445877022,-1.2292892807037696,0.29994968612063677,0.5414214385924614,3.389022652305761
11,0.5975,4.679828899927101,-1.2313985889583692,0.2999562286367407,0.5372028220832619,3.3607952649203274
11,0.6,4.692153359046137,-1.2334903142054408,0.29994813849229535,0.5330193715891187,3.3327570943588376
11,0.6025,4.7044986479957585,-1.2355645748243123,0.2999256114317409,0.5288708503513754,3.30490851253102
11,0.605,4.716864592722496,-1.2376214894113176,0.2998888433656212,0.5247570211773646,3.2772498421213982
11,0.6075,4.729251020359804,-1.2396611767493606,0.29983803029281225,0.5206776465012797,3.249781357641955
11,0.61,4.741657759229772,-1.2416837557781308,0.29977336822469824,0.5166324884437374,3.2225032864788847
11,0.6125,4.7540846388445495,-1.2436893455649831,0.2996950531112855,0.5126213088700331,3.195415809932906
11,0.615,4.766531489907479,-1.2456780652764499,0.29960328076924714,0.5086438694470999,3.1685190642527297
11,0.6175,4.778998144313949,-1.2476500341504082,0.29949824681188947,0.5046999316991837,3.1418131416612174
11,0.62,4.7914844351519665,-1.2496053714688815,0.2993801465810267,0.500789257062237,3.115298091373847
11,0.6225,4.8039901967024745,-1.2515441965314775,0.2992491750807553,0.49691160693704517,3.0889739206090767
11,0.625,4.816515264439385,-1.2534666286294514,0.29910552691311165,0.49306674274109774,3.0628405955902633
11,0.6275000000000001,4.82905947502938,-1.2553727870203963,0.2989493962155995,0.4892544259592078,3.036898042538748
11,0.63,4.841622666331443,-1.2572627909035494,0.2987809766005734,0.4854744181929014,3.011146148657832
11,0.6325000000000001,4.854204677396159,-1.2591367593957112,0.2986004610964584,0.48172648120857753,2.9855847631072714
11,0.635,4.866805348464771,-1.26099481150777,0.29840804209079225,0.47801037698446025,2.960213697968055
11,0.6375000000000001,4.879424520968005,-1.2628370661218258,0.2982039112750693,0.47432586775634855,2.935032729197144
11,0.64,4.892062037524671,-1.2646636419689095,0.297988259591368,0.4706727160621809,2.910041597571953
11,0.6425,4.904717741940042,-1.2664746576072878,0.29776127718074225,0.46705068478542366,2.885240009624295
11,0.645,4.917391479204025,-1.26827023140135,0.29752315333335577,0.46345953719730054,2.8606276385636034
11,0.6475,4.930083095489113,-1.270050481501063,0.2972740764403379,0.4598990369978745,2.836204125189193
11,0.65,4.942792438148146,-1.2718155258220025,0.2970142339473401,0.4563689483559952,2.8119690787913854
11,0.6525,4.955519355711861,-1.2735654820259354,0.2967438123097702,0.4528690359481296,2.7879220780413227
11,0.655,4.96826369788627,-1.2753004675019584,0.2964629969496796,0.4493990649960836,2.7640626718692807
11,0.6575,4.981025315549835,-1.2770205993481816,0.2961719722142826,0.4459588013036366,2.740390380331375
11,0.66,4.993804060750469,-1.278725994353951,0.2958709213360837,0.4425480112920981,2.7169046954644966
11,0.6625,5.0065997867023615,-1.2804167689825978,0.2955600263945855,0.43916646203480453,2.693605082129366
11,0.665,5.019412347782639,-1.2820930393547165,0.29523946827955544,0.43581392129056706,2.670490978841589
11,0.6675,5.032241599527848,-1.2837549212319543,0.2949094266558261,0.4324901575360919,2.647561798590648
11,0.67,5.0450873986302955,-1.28540253000131,0.29457007992960116,0.4291949399973802,2.624816929646702
11,0.6725,5.057949602934217,-1.287035980659934,0.29422160521624513,0.4259280386801317,2.602255736355176
11,0.675,5.070828071431813,-1.288655387800421,0.29386417830952655,0.42268922439915846,2.5798775599190256
11,0.6775,5.083722664259125,-1.2902608655965841,0.29349797365229285,0.4194782688068318,2.5576817191686856
11,0.68,5.096633242691784,-1.2918525277897146,0.29312316430854707,0.4162949444205716,2.5356675113196108
11,0.6825,5.109559669140612,-1.2934304876752996,0.2927399219369027,0.41313902464940006,2.5138342127174353
11,0.685,5.122501807147107,-1.2949948580902162,0.2923484167653885,0.41001028381956844,2.492181079570683
11,0.6875,5.135459521378788,-1.2965457514003613,0.2919488175675762,0.40690849719927724,2.470707348671058
11,0.6900000000000001,5.148432677624431,-1.298083279488748,0.2915412916400068,0.40383344102250296,2.449412238101296
11,0.6925,5.161421142789175,-1.2996075537440248,0.2911260047808871,0.4007848925119503,2.4282949479306097
11,0.6950000000000001,5.174424784889535,-1.3011186850494307,0.29070312127002784,0.397762629901138,2.407354660897699
11,0.6975,5.187443473048281,-1.3026167837721778,0.2902728038500016,0.3947664324556434,2.3865905430814225
11,0.7000000000000001,5.200477077489232,-1.304101959753242,0.2898352137084907,0.3917960804935153,2.366001744559107
11,0.7025,5.21352546953195,-1.305574322297566,0.2893905104617964,0.38885135540486826,2.345587400052554
11,0.705,5.22658852158632,-1.3070339801646593,0.288938852139489,0.3859320396706816,2.325346629561805
11,0.7075,5.239666107147065,-1.3084810415595942,0.2884803951701662,0.38303791688081146,2.3052785389867068
11,0.71,5.252758100788142,-1.309915614124383,0.2880152943682981,0.38016877175123376,2.285382220736347
11,0.7125,5.265864378157086,-1.3113378049297335,0.287543702922129,0.37732439014053265,2.265656754326409
11,0.715,5.278984815969243,-1.3127477204671743,0.2870657723826143,0.37450455906565133,2.2461012069645605
11,0.7175,5.292119292001951,-1.314145466641542,0.28658165265336194,0.37170906671691584,2.2267146341239012
11,0.72,5.3052676850886336,-1.3155311487638242,0.2860914919815561,0.3689377024723518,2.2074960801045997
11,0.7225,5.318429875112823,-1.3169048715443468,0.2855954369498387,0.36619025691130647,2.1884445785837903
11,0.725,5.331605743002126,-1.3182667390863057,0.28509363246911873,0.3634665218273886,2.1695591531538168
11,0.7275,5.344795170722122,-1.3196168548796283,0.2845862217722897,0.36076629024074425,2.1508388178489315
11,0.73,5.3579980412701955,-1.3209553217951588,0.28407334640882803,0.3580893564096824,2.13228257766056
11,0.7325,5.3712142386693245,-1.3222822420791696,0.2835551462402483,0.35543551584166055,2.1138894290412105
11,0.735,5.3844436479618,-1.3235977173481748,0.28303175943639125,0.3528045653036512,2.0956583603971772
11,0.7375,5.397686155202915,-1.3249018485840522,0.28250332247252047,0.3501963028318953,2.0775883525701015
11,0.74,5.4109416474545835,-1.3261947361294673,0.2819699701272057,0.3476105277410654,2.0596783793075657
11,0.7425,5.424210012778938,-1.327476479683579,0.28143183548096656,0.3450470406328416,2.0419274077227785
11,0.745,5.437491140231862,-1.3287471782980367,0.2808890499156574,0.34250564340392625,2.0243343987435334
11,0.7475,5.450784919856508,-1.3300069303732511,0.28034174311456705,0.339986139253498,2.0068983075505074
11,0.75,5.464091242676756,-1.3312558336549354,0.279790043063214,0.3374883326901287,1.9896180840050772
11,0.7525000000000001,5.477410000690661,-1.3324939852309152,0.27923407605081285,0.3350120295381699,1.9724926730667454
11,0.755,5.490741086863852,-1.3337214815281877,0.27867396667239225,0.3325570369436249,1.9555210152003317
11,0.7575000000000001,5.504084395122915,-1.334938418310241,0.2781098378315414,0.330123163379518,1.938702046773045
11,0.76,5.51743982034874,-1.3361448906746134,0.277541810743764,0.3277102186507727,1.9220347004415788
11,0.7625000000000001,5.530807258369854,-1.3373409930506925,0.27697000494042234,0.32531801389861476,1.9055179055293765
11,0.765,5.544186605955731,-1.3385268191977469,0.27639453827324484,0.3229463616045061,1.8891505883941722
11,0.7675000000000001,5.557577760810078,-1.339702462203186,0.27581552691938427,0.32059507559362843,1.8729316727859808
11,0.77,5.570980621564111,-1.3408680144810385,0.27523308538700114,0.31826397103792375,1.8568600801956563
11,0.7725,5.5843950877698125,-1.3420235677706474,0.2746473265213565,0.31595286445870524,1.8409347301941554
11,0.775,5.5978210598931835,-1.3431692131355752,0.2740583615113936,0.31366157372884984,1.8251545407626628
11,0.7775,5.611258439307473,-1.344305040962708,0.2734662998967913,0.3113899180745842,1.809518428613708
11,0.78,5.624707128286418,-1.3454311409615634,0.27287124957546843,0.30913771807687396,1.7940253095034082
11,0.7825,5.638167029997458,-1.3465476021637859,0.27227331681152356,0.30690479567242823,1.7786740985349967
11,0.785,5.651638048494958,-1.347654512922834,0.27167260624359374,0.3046909741543324,1.763463710453771
11,0.7875,5.665120088713429,-1.348751960913843,0.2710692208936095,0.30249607817231305,1.7483930599335862
11,0.79,5.67861305646074,-1.3498400331336728,0.2704632621759368,0.30031993373265436,1.7334610618550665
11,0.7925,5.692116858411337,-1.3509188159011152,0.2698548299068832,0.2981623681977693,1.7186666315756476
11,0.795,5.705631402099468,-1.3519883948572802,0.2692440223145562,0.2960232102854392,1.7040086851916059
11,0.7975,5.7191565959124,-1.3530488549661346,0.268630936049056,0.2939022900677305,1.6894861397922176
11,0.8,5.732692349083666,-1.3541002805152007,0.2680156661929872,0.29179943896959853,1.67509791370617
11,0.8025,5.746238571686286,-1.3551427551164055,0.2673983062722761,0.28971448976718894,1.6608429267403917
11,0.805,5.759795174626033,-1.356176361707079,0.2667789482672762,0.28764727658584266,1.6467201004114111
11,0.8075,5.773362069634681,-1.3572011825510895,0.26615768262415135,0.2855976348978207,1.6327283581694145
11,0.81,5.78693916926328,-1.3582172992401258,0.26553459826651776,0.2835654015197486,1.6188666256151059
11,0.8125,5.800526386875444,-1.3592247926951013,0.26490978260733544,0.2815504146097982,1.6051338307095353
11,0.8150000000000001,5.814123636640649,-1.360223743167696,0.2642833215610323,0.2795525136646076,1.5915289039770095
11,0.8175,5.827730833527545,-1.3612142302420218,0.2636552995558518,0.27757153951595614,1.5780507787012426
11,0.8200000000000001,5.8413478932972955,-1.3621963328364028,0.26302579954640665,0.27560733432719425,1.5646983911148518
11,0.8225,5.8549747324969275,-1.363170129205279,0.26239490302642915,0.2736597415894425,1.5514706805823548
11,0.8250000000000001,5.868611268452699,-1.3641356969412166,0.2617626900417084,0.2717286061175671,1.5383665897767982
11,0.8275,5.882257419263491,-1.3650931129770325,0.2611292392031948,0.26981377404593504,1.525385064850126
11,0.8300000000000001,5.895913103794229,-1.366042453588018,0.2604946277002698,0.2679150928239637,1.512525055597444
11,0.8325,5.909578241669308,-1.3669837943942666,0.2598589313141637,0.2660324112114669,1.499785515615298
11,0.835,5.923252753266062,-1.3679172103630965,0.2592222244315112,0.26416557927380707,1.4871654024540786
11,0.8375,5.936936559708241,-1.3688427758115698,0.25858458005803736,0.26231444837686063,1.474663677764704
11,0.84,5.950629582859528,-1.369760564409098,0.25794606983236057,0.26047887118180424,1.462279307439686
11,0.8425,5.9643317453170726,-1.370670649180137,0.25730676403990355,0.25865870163972676,1.4500112617487013
11,0.845,5.978042970405054,-1.3715731025069626,0.25666673162690257,0.25685379498607563,1.4378585154688006
11,0.8475,5.991763182168278,-1.372467996132527,0.25602604021450787,0.2550640077349454,1.425820048009372
11,0.85,6.005492305365793,-1.3733554011633946,0.2553847561129608,0.2532891976732106,1.4138948435319632
11,0.8525,6.019230265464545,-1.3742353880727434,0.25474294433584466,0.25152922385451365,1.4020818910650972
11,0.855,6.032976988633056,-1.375108026703444,0.25410066861439706,0.2497839465931119,1.39038018461419
11,0.8575,6.04673240173514,-1.3759733862712051,0.2534579914118764,0.24805322745759031,1.3787887232666736
11,0.86,6.060496432323645,-1.376831535367777,0.25281497393797586,0.24633692926444614,1.3673065112924603
11,0.8625,6.074269008634231,-1.3776825419642251,0.25217167616327424,0.2446349160715497,1.3559325582398276
11,0.865,6.088050059579175,-1.3785264734142553,0.25152815683371876,0.24294705317148937,1.3446658790268635
11,0.8675,6.101839514741227,-1.3793633964575984,0.2508844734851303,0.2412732070848035,1.3335054940285476
11,0.87,6.11563730436747,-1.380193377223446,0.2502406824577279,0.23961324555310873,1.3224504291596137
11,0.8725,6.129443359363246,-1.3810164812339378,0.24959683891065923,0.23796703753212411,1.3114997159532507
11,0.875,6.143257611286093,-1.3818327734076992,0.24895299683653763,0.23633445318460194,1.3006523916357884
11,0.8775000000000001,6.15707999233974,-1.382642318063417,0.24830920907597356,0.23471536387316594,1.289907499197434
11,0.88,6.170910435368109,-1.3834451789234674,0.24766552733209854,0.23310964215306507,1.2792640874591867
11,0.8825000000000001,6.184748873849387,-1.3842414191175776,0.24702200218507228,0.2315171617648445,1.2687212111360033
11,0.885,6.198595241890108,-1.38503110118653,0.24637868310656982,0.22993779762694047,1.2582779308963314
11,0.8875000000000001,6.212449474219284,-1.3858142870858978,0.24573561847424247,0.22837142582820388,1.2479333134180928
11,0.89,6.226311506182572,-1.386591038189823,0.2450928555861456,0.2268179236203546,1.23768643144121
11,0.8925000000000001,6.240181273736481,-1.3873614152948137,0.24445044067513136,0.22527716941037287,1.2275363638167742
11,0.895,6.254058713442611,-1.3881254786235844,0.24380841892319885,0.2237490427528319,1.217482195552942
11,0.8975,6.267943762461937,-1.3888832878289132,0.24316683447579684,0.22223342434217372,1.207523017857636
11,0.9,6.28183635854913,-1.3896349019975325,0.24252573045607775,0.22073019600493488,1.1976579281781616
11,0.9025,6.29573644004691,-1.390380379654038,0.24188514897909497,0.21923924069192455,1.1878860302378034
11,0.905,6.3096439458804525,-1.3911197787648217,0.24124513116593987,0.21776044247035695,1.1782064340694844
11,0.9075,6.323558815551822,-1.3918531567420274,0.2406057171578172,0.21629368651594535,1.1686182560465892
11,0.91,6.337480989134448,-1.3925805704475205,0.23996694613005295,0.21483885910495948,1.1591206189110153
11,0.9125,6.351410407267645,-1.3933020761968762,0.2393288563060292,0.21339584760624739,1.1497126517985266
11,0.915,6.36534701115117,-1.3940177297633853,0.2386914849710476,0.21196454047322938,1.1403934902615072
11,0.9175,6.379290742539813,-1.3947275863820678,0.2380548684861132,0.2105448272358647,1.1311622762891733
11,0.92,6.393241543738046,-1.3954317007537034,0.23741904230163682,0.20913659849259272,1.1220181583253157
11,0.9225,6.407199357594691,-1.3961301270488717,0.23678404097105654,0.2077397459022571,1.112960291283673
11,0.925,6.421164127497642,-1.3968229189119963,0.23614989816436813,0.20635416217600752,1.1039878365609612
11,0.9275,6.4351357973686225,-1.3975101294654042,0.23551664668156963,0.20497974106919115,1.095099962047679
11,0.93,6.449114311657988,-1.3981918113133862,0.23488431846601096,0.20361637737322788,1.0862958421367137
11,0.9325,6.463099615339563,-1.3988680165462601,0.23425294461765123,0.2022639669074798,1.0775746577298535
11,0.935,6.477091653905521,-1.3995387967444446,0.23362255540621713,0.20092240651111073,1.0689355962422356
11,0.9375,6.491090373361308,-1.4002042029825283,0.2329931802842633,0.19959159403494375,1.060377851604825
11,0.9400000000000001,6.505095720220603,-1.4008642858333427,0.2323648479001311,0.1982714283333151,1.0519006242649662
11,0.9425,6.519107641500322,-1.401519095372035,0.2317375861108037,0.19696180925593007,1.043503121185081
11,0.9450000000000001,6.533126084715662,-1.4021686811801397,0.23111142199465692,0.19566263763972025,1.0351845558395651
11,0.9475,6.547150997875184,-1.4028130923496471,0.23048638186410217,0.1943738153007065,1.0269441482099497
11,0.9500000000000001,6.561182329475936,-1.4034523774870649,0.22986249127812206,0.19309524502586964,1.0187811247783802
11,0.9525,6.575220028498621,-1.4040865847174857,0.22923977505469495,0.1918268305650287,1.01069471851947
11,0.9550000000000001,6.589264044402808,-1.4047157616886337,0.2286182572831088,0.19056847662273163,1.0026841688905843
11,0.9575,6.603314327122163,-1.40533995557492,0.22799796133616224,0.18932008885015905,0.9947487218206125
11,0.96,6.617370827059758,-1.4059592130814789,0.2273789098822509,0.18808157383704194,0.9868876296972696
11,0.9625,6.631433495083378,-1.4065735804482018,0.22676112489733988,0.18685283910359718,0.9791001513529938
11,0.965,6.645502282520902,-1.4071831034537592,0.2261446276768195,0.18563379309248146,0.9713855520494811
11,0.9675,6.6595771411557045,-1.4077878274196178,0.22552943884724347,0.18442434516076456,0.9637431034609019
11,0.97,6.6736580232221066,-1.4083877972140377,0.2249155783779499,0.1832244055719246,0.956172083655861
11,0.9725,6.68774488140086,-1.4089830572560658,0.22430306559256435,0.18203388548786836,0.9486717770781397
11,0.975,6.70183766881468,-1.4095736515195134,0.22369191918038078,0.1808526969609732,0.9412414745262572
11,0.9775,6.715936339023812,-1.4101596235369214,0.2230821572076261,0.1796807529261581,0.9338804731319175
11,0.98,6.730040846021631,-1.4107410164035095,0.22247379712860105,0.17851796719298083,0.9265880763373638
11,0.9825,6.7441511442303,-1.4113178727811178,0.22186685579670226,0.17736425443776452,0.9193635938716951
11,0.985,6.758267188496446,-1.4118902349021223,0.22126134947532197,0.1762195301957547,0.9122063417261851
11,0.9875,6.772388934086891,-1.4124581445733462,0.22065729384862584,0.17508371085330693,0.9051156421286366
11,0.99,6.78651633668441,-1.4130216431799463,0.22005470403220945,0.17395671364010842,0.8980908235168226
11,0.9925,6.8006493523835445,-1.4135807716892843,0.21945359458363115,0.17283845662143127,0.8911312205110363
11,0.995,6.814787937686429,-1.414135570654788,0.21885397951282604,0.1717288586904239,0.8842361738858151
11,0.9975,6.828932049498683,-1.414686080219783,0.21825587229239235,0.17062783956043465,0.8774050305408326
11,1.0,6.8430816451253245,-1.4152323401213123,0.2176592858677604,0.16953531975737474,0.8706371434710416
11,1.0025,6.857236682266724,-1.415774389693941,0.21706423266723607,0.168451220612118,0.8639318717360657
11,1.0050000000000001,6.871397119014604,-1.4163122678735303,0.21647072461192254,0.16737546425293956,0.8572885804288904
11,1.0075,6.885562913848065,-1.4168460132010028,0.21587877312552167,0.1663079735979945,0.8507066406438919
11,1.01,6.89973402562966,-1.4173756638260822,0.2152883891440093,0.16524867234783502,0.8441854294442086
11,1.0125,6.913910413601495,-1.4179012575110137,0.21469958312519502,0.16419748497797265,0.8377243298285311
11,1.0150000000000001,6.928092037381383,-1.4184228316342615,0.21411236505815273,0.1631543367314768,0.8313227306972854
11,1.0175,6.942278856959011,-1.4189404231941887,0.21352674447253775,0.16211915361162185,0.8249800268182974
11,1.02,6.95647083269217,-1.4194540688127137,0.2129427304477776,0.161091862374573,0.8186956187919169
11,1.0225,6.970667925302998,-1.4199638047389413,0.21236033162214427,0.16007239052211797,0.8124689130156584
11,1.025,6.984870095874281,-1.4204696668527785,0.21177955620170724,0.15906066629444301,0.8062993216483798
11,1.0275,6.999077305845768,-1.4209716906685228,0.21120041196916572,0.1580566186629538,0.80018626257402
11,1.03,7.013289517010538,-1.4214699113384288,0.21062290629256356,0.15706017732314267,0.79412915936493
11,1.0325,7.027506691511402,-1.4219643636562507,0.21004704613388225,0.15607127268749912,0.7881274412448022
11,1.035,7.041728791837325,-1.422455082060764,0.20947283805752162,0.155089835878472,0.7821805430512605
11,1.0375,7.055955780819903,-1.4229421006392633,0.20890028823865697,0.15411579872147277,0.7762879051980864
11,1.04,7.070187621629859,-1.4234254531310342,0.20832940247148507,0.1531490937379313,0.7704489736371488
11,1.0425,7.0844242777735875,-1.4239051729308017,0.20776018617735034,0.15218965413839583,0.7646631998200244
11,1.045,7.098665713089718,-1.4243812930921582,0.20719264441275767,0.15123741381568304,0.7589300406593538
11,1.0475,7.112911891745727,-1.424853846330962,0.20662678187727024,0.1502923073380759,0.7532489584899432
11,1.05,7.127162778234571,-1.4253228650287153,0.20606260292129286,0.1493542699425702,0.747619421029634
11,1.0525,7.141418337371368,-1.4257883812359144,0.20550011155374415,0.1484232375281711,0.7420409013399623
11,1.055,7.155678534290099,-1.426250426675382,0.20493931144961267,0.14749914664923663,0.7365128777866182
11,1.0575,7.169943334440348,-1.4267090327455627,0.20438020595740677,0.1465819345088743,0.7310348339997446
11,1.06,7.184212703584073,-1.4271642305238084,0.20382279810648865,0.14567153895238383,0.7256062588340642
11,1.0625,7.198486607792417,-1.4276160507696238,0.2032670906143016,0.14476789846075208,0.7202266463288749
11,1.065,7.212765013442541,-1.428064523927901,0.20271308589348783,0.14387095214419746,0.7148954956679243
11,1.0675000000000001,7.227047887214497,-1.428509680132118,0.20216078605889704,0.14298063973576405,0.7096123111391719
11,1.07,7.241335196088121,-1.4289515492075167,0.20161019293448934,0.14209690158496766,0.7043766020944688
11,1.0725,7.255626907339985,-1.4293901606742554,0.2010613080601294,0.1412196786514891,0.6991878829091497
11,1.075,7.269922988540338,-1.4298255437505387,0.20051413269827895,0.1403489124989227,0.6940456729415821
11,1.0775000000000001,7.284223407550125,-1.4302577273557144,0.19996866784058004,0.13948454528857046,0.6889494964926502
11,1.08,7.298528132517994,-1.430686740113354,0.19942491421433925,0.13862651977329116,0.6838988827652237
11,1.0825,7.312837131877368,-1.431112610354302,0.1988828722889061,0.13777477929139703,0.6788933658235945
11,1.085,7.327150374343526,-1.431535366119699,0.19834254228195045,0.13692926776060244,0.673932484552912
11,1.0875000000000001,7.341467828910723,-1.4319550351639883,0.19780392416564052,0.1360899296720237,0.6690157826186282
11,1.09,7.3557894648493365,-1.4323716449578854,0.19726701767271962,0.13525671008422868,0.6641428084259561
11,1.0925,7.370115251703043,-1.4327852226913314,0.19673182230248512,0.13442955461733774,0.6593131150793609
11,1.095,7.384445159286032,-1.4331957952764127,0.19619833732666747,0.1336084094471739,0.6545262603420862
11,1.0975,7.39877915768023,-1.433603389350267,0.19566656179521677,0.13279322129946658,0.6497818065957459
11,1.1,7.41311721723258,-1.434008031277949,0.19513649454198784,0.13198393744410153,0.6450793207999597
11,1.1025,7.427459308552319,-1.4344097471552872,0.19460813419033585,0.13118050568942574,0.6404183744520798
11,1.105,7.441805402508312,-1.4348085628117004,0.19408147915861423,0.1303828743765988,0.6357985435469846
11,1.1075,7.456155470226397,-1.4352045038130015,0.1935565276655816,0.1295909923739967,0.6312194085369721
11,1.11,7.470509483086767,-1.4355975954641675,0.19303327773571657,0.1288048090716652,0.6266805542917508
11,1.1125,7.484867412721366,-1.4359878628120888,0.19251172720444118,0.12802427437582248,0.6221815700585398
11,1.115,7.499229231011331,-1.4363753306482934,0.1919918737232564,0.12724933870341315,0.6177220494222893
11,1.1175,7.51359491008445,-1.4367600235116453,0.19147371476478509,0.12647995297670925,0.6133015902660164
11,1.12,7.527964422312645,-1.4371419656910178,0.1909572476277322,0.1257160686179643,0.6089197947312888
11,1.1225,7.542337740309489,-1.4375211812279434,0.19044246944175358,0.1249576375441132,0.6045762691788348
11,1.125,7.556714836927745,-1.4378976939192383,0.1899293771722419,0.12420461216152355,0.6002706241493078
11,1.1275,7.57109568525693,-1.4382715273196027,0.18941796762502722,0.12345694536079509,0.5960024743242041
11,1.1300000000000001,7.585480258620912,-1.4386427047441963,0.18890823745099283,0.12271459051160777,0.591771438486938
11,1.1325,7.599868530575515,-1.4390112492711902,0.18840018315061052,0.1219775014576193,0.5875771394840905
11,1.135,7.614260474906181,-1.4393771837442952,0.18789380107839074,0.12124563251140894,0.5834192041868175
11,1.1375,7.628656065625619,-1.439740530775264,0.1873890874472566,0.1205189384494726,0.5792972634524538
11,1.1400000000000001,7.643055276971512,-1.4401013127463693,0.18688603833283343,0.11979737450726209,0.5752109520862831
11,1.1425,7.657458083404223,-1.440459551812862,0.18638464967766347,0.11908089637427581,0.5711599088035116
11,1.145,7.671864459604547,-1.440815269905403,0.18588491729534107,0.11836946018919382,0.567143776191426
11,1.1475,7.68627438047147,-1.4411684887324692,0.18538683687457072,0.11766302253506151,0.5631622006717515
11,1.1500000000000001,7.700687821119965,-1.4415192297827397,0.184890403983151,0.11696154043452031,0.5592148324632166
11,1.1525,7.715104756878798,-1.4418675143274577,0.18439561407188226,0.11626497134508441,0.555301325544321
11,1.155,7.729525163288373,-1.4422133634227678,0.18390246247840206,0.11557327315446456,0.5514213376163177
11,1.1575,7.74394901609859,-1.4425567979120317,0.18341094443094527,0.11488640417593682,0.5475745300664041
11,1.16,7.758376291266725,-1.4428978384281206,0.18292105505203657,0.11420432314375932,0.5437605679311432
11,1.1625,7.772806964955347,-1.4432365053956842,0.18243278936210694,0.11352698920863188,0.5399791198600922
11,1.165,7.787241013530229,-1.4435728190333985,0.1819461422830454,0.11285436193320376,0.536229858079671
11,1.1675,7.80167841355832,-1.4439067993561883,0.18146110864167764,0.11218640128762394,0.5325124583572473
11,1.17,7.816119141805703,-1.4442384661774312,0.18097768317317914,0.11152306764513777,0.5288265999654589
11,1.1725,7.830563175235599,-1.4445678391111365,0.18049586052442065,0.11086432177772755,0.5251719656467702
11,1.175,7.84501049100638,-1.4448949375741014,0.1800156352572468,0.11021012485179706,0.5215482415782613
11,1.1775,7.859461066469605,-1.4452197807880494,0.17953700185169158,0.10956043842390074,0.5179551173366628
11,1.18,7.873914879168093,-1.4455423877817426,0.17905995470912617,0.10891522443651479,0.5143922858636202
11,1.1825,7.888371906833988,-1.4458627773930726,0.17858448815534747,0.10827444521385378,0.5108594434312153
11,1.185,7.902832127386865,-1.446180968271136,0.17811059644360108,0.10763806345772839,0.5073562896077226
11,1.1875,7.91729551893186,-1.446496978878277,0.1776382737575439,0.10700604224344633,0.5038825272236148
11,1.19,7.931762059757806,-1.446810827492122,0.17716751421414673,0.10637834501575613,0.5004378623378201
11,1.1925000000000001,7.9462317283353965,-1.4471225322075838,0.1766983118665358,0.10575493558483216,0.49702200420422404
11,1.195,7.960704503315363,-1.4474321109388488,0.17623066070677731,0.10513577812230243,0.49363466523843014
11,1.1975,7.975180363526696,-1.4477395814213423,0.17576455466860075,0.10452083715731572,0.4902755609847607
11,1.2,7.989659287974842,-1.4480449612136739,0.1752999876300698,0.10391007757265293,0.48694441008352723
11,1.2025000000000001,8.004141255839968,-1.4483482676995618,0.1748369534161918,0.10330346460087557,0.48364093423853943
11,1.205,8.0186262464752,-1.4486495180897405,0.17437544580147674,0.10270096382051842,0.48036485818488445
11,1.2075,8.033114239404927,-1.4489487294238403,0.17391545851243742,0.10210254115231893,0.47711590965694883
11,1.21,8.047605214323077,-1.4492459185722555,0.1734569852300387,0.10150816285548865,0.47389381935670705
11,1.2125000000000001,8.062099151091449,-1.4495411022379883,0.17300001959209294,0.10091779552402341,0.4706983209222636
11,1.215,8.076596029738038,-1.4498342969584737,0.17254455519560277,0.10033140608305251,0.46752915089665265
11,1.2175,8.091095830455396,-1.4501255191073865,0.17209058559905416,0.09974896178522721,0.4643860486968982
11,1.22,8.105598533599004,-1.4504147848964266,0.1716381043246562,0.09917043020714675,0.46126875658332767
11,1.2225,8.120104119685648,-1.4507021103770879,0.1711871048605355,0.09859577924582448,0.45817701962915325
11,1.225,8.134612569391845,-1.4509875114424056,0.17073758066287664,0.09802497711518916,0.4551105856903
11,1.2275,8.149123863552251,-1.451271003828687,0.17028952515801854,0.09745799234262645,0.45206920537550394
11,1.23,8.16363798315811,-1.4515526031172217,0.16984293174450218,0.09689479376555615,0.44905263201666257
11,1.2325,8.178154909355712,-1.451832324735977,0.16939779379507025,0.09633535052804616,0.446060621639443
11,1.235,8.192674623444868,-1.4521101839612678,0.16895410465862362,0.09577963207746415,0.4430929329341535
11,1.2375,8.207197106877398,-1.4523861959194178,0.16851185766213017,0.09522760816116442,0.4401493272268679
11,1.24,8.221722341255642,-1.4526603755883942,0.16807104611249182,0.09467924882321146,0.4372295684508112
11,1.2425,8.236250308330987,-1.4529327377994308,0.16763166329836476,0.09413452440113813,0.43433342311799755
11,1.245,8.250780990002408,-1.45320329723863,0.16719370249194065,0.09359340552274065,0.4314606602911324
11,1.2475,8.265314368315012,-1.453472068448547,0.1667571569506819,0.09305586310290695,0.4286110515557625
11,1.25,8.279850425458632,-1.4537390658297598,0.16632201991901746,0.09252186834048043,0.4257843709926847
11,1.2525,8.294389143766393,-1.4540043036424208,0.16588828462999866,0.09199139271515874,0.42298039515061353
11,1.2550000000000001,8.308930505713338,-1.4542677960077879,0.16545594430691168,0.09146440798442461,0.42019890301909274
11,1.2575,8.32347449391502,-1.4545295569097434,0.16502499216485517,0.09094088618051321,0.4174396760016731
11,1.26,8.338021091126164,-1.454789600196295,0.16459542141227396,0.09042079960740945,0.4147024978893271
11,1.2625,8.352570280239288,-1.455047939581059,0.1641672252524597,0.08990412083788188,0.41198715483413084
11,1.2650000000000001,8.367122044283395,-1.4553045886447271,0.16374039688500983,0.0893908227105462,0.4092934353231822
11,1.2675,8.381676366422624,-1.455559560836518,0.16331492950725263,0.08888087832696366,0.40662113015277895
11,1.27,8.396233229954962,-1.4558128694756145,0.16289081631563543,0.08837426104877044,0.4039700324028407
11,1.2725,8.410792618310943,-1.4560645277525812,0.16246805050707533,0.0878709444948382,0.4013399374115748
11,1.2750000000000001,8.425354515052367,-1.4563145487307658,0.16204662528027863,0.08737090253846791,0.39873064275039716
11,1.2775,8.439918903871037,-1.4565629453476931,0.16162653383702252,0.08687410930461331,0.3961419481990894
11,1.28,8.454485768587507,-1.4568097304164316,0.16120776938340575,0.08638053916713627,0.39357365572120545
11,1.2825,8.469055093149851,-1.4570549166269542,0.16079032513106326,0.08589016674609148,0.3910255694397155
11,1.285,8.483626861632425,-1.4572985165474783,0.16037419429835242,0.08540296690504355,0.38849749561289937
11,1.2875,8.498201058234672,-1.4575405426257948,0.15995937011150277,0.08491891474841154,0.3859892426104694
11,1.29,8.51277766727991,-1.4577810071905777,0.15954584580573786,0.0844379856188452,0.38350062088994136
11,1.2925,8.527356673214154,-1.4580199224526846,0.15913361462636566,0.08396015509463006,0.38103144297323877
11,1.295,8.541938060604949,-1.4582573005064396,0.1587226698298365,0.08348539898712058,0.3785815234235304
11,1.2975,8.556521814140199,-1.4584931533308982,0.15831300468477483,0.08301369333820374,0.3761506788223086
11,1.3,8.571107918627032,-1.4587274927911054,0.1579046124729787,0.08254501441778982,0.37373872774669514
11,1.3025,8.58569635899066,-1.4589603306393335,0.15749748649039363,0.08207933872133247,0.3713454907469835
11,1.305,8.60028712027326,-1.4591916785163124,0.157091620048055,0.08161664296737536,0.3689707903244051
11,1.3075,8.614880187632863,-1.4594215479524357,0.15668700647300662,0.08115690409512819,0.3666144509091329
11,1.31,8.629475546342254,-1.4596499503689655,0.1562836391091893,0.08070009926206852,0.3642762988385042
11,1.3125,8.644073181787899,-1.4598768970792144,0.15588151131830427,0.08024620584157136,0.36195616233547295
11,1.315,8.658673079468851,-1.460102399289717,0.15548061648065137,0.07979520142056595,0.35965387148728795
11,1.3175000000000001,8.67327522499571,-1.460326468101391,0.15508094799593897,0.07934706379721784,0.35736925822438753
11,1.32,8.68787960408955,-1.4605491145106806,0.1546824992840733,0.0789017709786391,0.35510215629952546
11,1.3225,8.702486202580904,-1.4607703494106892,0.1542852637859174,0.07845930117862192,0.3528524012671021
11,1.325,8.717095006408712,-1.4609901835922998,0.15388923496403256,0.07801963281540081,0.35061983046272993
11,1.3275000000000001,8.731706001619331,-1.4612086277452812,0.1534944063033899,0.07758274450943743,0.34840428298299947
11,1.33,8.746319174365501,-1.4614256924593834,0.15310077131206384,0.07714861508123289,0.3462055996654731
11,1.3325,8.760934510905368,-1.4616413882254182,0.1527083235219003,0.07671722354916369,0.34402362306888407
11,1.335,8.775551997601502,-1.4618557254363291,0.1523170564891619,0.07628854912734188,0.34185819745354695
11,1.3375000000000001,8.79017162091991,-1.46206871438825,0.15192696379515458,0.07586257122350132,0.33970916876198415
11,1.34,8.804793367429085,-1.462280365281547,0.1515380390468289,0.07543926943690579,0.3375763845997524
11,1.3425,8.819417223799041,-1.462490688221858,0.15115027587736438,0.07501862355628326,0.33545969421648375
11,1.345,8.834043176800394,-1.4626996932211092,0.15076366794672905,0.07460061355778114,0.33335894848712216
11,1.3475,8.8486712133034,-1.4629073901985263,0.15037820894222328,0.0741852196029477,0.331273999893374
11,1.35,8.863301320277062,-1.4631137889816332,0.14999389257899953,0.07377242203673375,0.3292047025053487
11,1.3525,8.877933484788185,-1.4633188993072401,0.1496107126005676,0.07336220138551997,0.32715091196341156
11,1.355,8.892567694000512,-1.463522730822418,0.14922866277927568,0.07295453835516387,0.32511248546022126
11,1.3575,8.907203935173802,-1.4637252930854643,0.14884773691677713,0.07254941382907136,0.32308928172297474
11,1.36,8.92184219566296,-1.463926595566855,0.14846792884447751,0.07214680886628964,0.32108116099584233
11,1.3625,8.936482462917157,-1.4641266476501893,0.14808923242396305,0.0717467046996215,0.3190879850225952
11,1.365,8.951124724478971,-1.4643254586331191,0.14771164154741362,0.07134908273376186,0.3171096170294272
11,1.3675,8.965768967983536,-1.4645230377282725,0.14733515013799592,0.07095392454345485,0.31514592170796135
11,1.37,8.980415181157683,-1.4647193940641634,0.14695975215024382,0.07056121187167345,0.31319676519845235
11,1.3725,8.995063351819114,-1.4649145366860907,0.1465854415704184,0.07017092662781836,0.3112620150731675
11,1.375,9.009713467875576,-1.465108474557031,0.1462122124168542,0.06978305088593831,0.309341540319956
11,1.3775,9.024365517324034,-1.4653012165585146,0.14584005874029027,0.06939756688297125,0.3074352113260028
11,1.3800000000000001,9.039019488249862,-1.4654927714914976,0.14546897462418443,0.06901445701700486,0.305542899861761
11,1.3825,9.053675368826047,-1.4656831480772212,0.14509895418501315,0.06863370384555753,0.30366447906506483
11,1.385,9.068333147312398,-1.4658723549580608,0.14472999157255673,0.06825529008387866,0.30179982342542033
11,1.3875,9.082992812054748,-1.466060400698365,0.14436208097017128,0.06787919860326953,0.29994880876847535
11,1.3900000000000001,9.097654351484195,-1.4662472937852888,0.1439952165950443,0.06750541242942187,0.2981113122406589
11,1.3925,9.11231775411632,-1.4664330426296117,0.14362939269843875,0.06713391474077696,0.2962872122939987
11,1.395,9.126983008550438,-1.4666176555665487,0.14326460356592324,0.06676468886690294,0.294476388671108
11,1.3975,9.141650103468837,-1.4668011408565544,0.1429008435175881,0.06639771828689083,0.2926787223903418
11,1.4,9.15631902763604,-1.4669835066861157,0.1425381069082496,0.06603298662776888,0.2908940957311217
15,0.0,5.545177444479562,-0.12500000000000003,0.0,5.5,11.0
15,0.0025,5.547711835186235,-0.12843986009926384,8.605591552481263e-06,5.486240559602943,11.015157187176017
15,0.005,5.550315070791016,-0.13188450637952726,3.447072654505955e-05,5.472461974481891,11.030632494419054
15,0.0075,5.552987248017497,-0.13533403913025377,7.767022171083997e-05,5.458663843478986,11.046431532208352
15,0.01,5.55572846561258,-0.13878856039218762,0.00013828199872170457,5.444845758431249,11.062559897736365
15,0.0125,5.558538824381455,-0.1422481739527019,0.00021638717132201686,5.431007304189191,11.079023171687261
15,0.015,5.561418427222481,-0.14571298534012034,0.00031207013198133305,5.41714805863952,11.095826914891841
15,0.0175,5.564367379161939,-0.14918310181697364,0.0004254186379515561,5.403267592732106,11.112976664856975
15,0.02,5.567385787388634,-0.15265863237215255,0.0005565238966083986,5.38936547051139,11.13047793216797
15,0.0225,5.570473761288343,-0.1561396877119154,0.0007054806499513507,5.375441249152337,11.148336196762086
15,0.025,5.573631412478054,-0.15962638024971193,0.0008723872581305985,5.361494479001153,11.166556904071658
15,0.0275,5.5768588548400055,-0.1631188240947804,0.001057345781863497,5.347524703620879,11.185145461035342
15,0.03,5.580156204555472,-0.1666171350394777,0.0012604620635973058,5.3335314598420895,11.204107231976051
15,0.0325,5.583523580138292,-0.17012143054530043,0.001481845807268894,5.3195142778188,11.223447534344285
15,0.035,5.586961102468097,-0.17363182972755456,0.0017216106565061126,5.305472681089782,11.243171634325632
15,0.0375,5.590468894823226,-0.177148453338631,0.001979874271109414,5.291406186645477,11.263284742311333
15,0.04,5.594047082913288,-0.18067142374984382,0.0022567584016461866,5.277314305000625,11.283792008230932
15,0.0425,5.59769579491134,-0.1842008649317894,0.0025523889619841035,5.263196540272843,11.3046985167462
15,0.045,5.601415161485676,-0.18773690243318036,0.0028668960995835643,5.24905239026728,11.32600928230544
15,0.0475,5.605205315831151,-0.19127966335811328,0.003200414263363186,5.234881346567547,11.347729244057833
15,0.05,5.609066393700058,-0.1948292763417248,0.0035530822689459614,5.220682894633101,11.369863260627074
15,0.0525,5.612998533432484,-0.19838587152419207,0.003925043361087682,5.206456513903231,11.392416104744294
15,0.055,5.617001875986146,-0.20194958052303508,0.004316445273082899,5.1922016779078595,11.415392457739898
15,0.0575,5.621076564965636,-0.20552053640367401,0.004727440282937648,5.1779178543853055,11.438796903894499
15,0.06,5.625222746651078,-0.2090988736482009,0.005158185266092087,5.163604505407197,11.462633924649081
15,0.0625,5.629440570026128,-0.21268472812231906,0.005608841744470162,5.149261087510723,11.486907892674893
15,0.065,5.633730186805305,-0.21627823704040783,0.006079575931627471,5.13488705183837,11.511623065803494
15,0.0675,5.638091751460596,-0.21987953892866827,0.006570558773762721,5.120481844285327,11.536783580817946
15,0.07,5.642525421247307,-0.2234887735863082,0.007081965986352458,5.106044905654769,11.562393447106052
15,0.0725,5.647031356229123,-0.2271060820447206,0.007613978086163098,5.091575671821118,11.588456540176892
15,0.075,5.651609719302319,-0.23073160652461683,0.008166780418389042,5.077073573901533,11.614976595042194
15,0.0775,5.656260676219107,-0.23436549039106921,0.00874056317866022,5.062538038435724,11.641957199464185
15,0.08,5.660984395610054,-0.23800787810642327,0.00933552142965753,5.047968487574307,11.66940178707191
15,0.0825,5.665781049005537,-0.241658915181039,0.009951855112069755,5.033364339275844,11.697313630348289
15,0.085,5.670650810856195,-0.24531874812181978,0.01058976904962101,5.01872500751272,11.725695833490388
15,0.08750000000000001,5.675593858552319,-0.24898752437849234,0.01124947294789333,5.00404990248603,11.75455132514568
15,0.09,5.680610372442166,-0.25266539228759555,0.011931181386665273,4.9893384308496165,11.783882851027432
15,0.0925,5.685700535849102,-0.2563525010141454,0.012635113805483416,4.974589995943417,11.813692966412544
15,0.095,5.690864535087576,-0.2600490004909355,0.013361494482180422,4.95980399803626,11.843984028525583
15,0.0975,5.696102559477849,-0.26375504135544203,0.014110552504050447,4.9449798345782305,11.874758188812999
15,0.1,5.70141480135943,-0.2674707748842973,0.014882521731389955,4.930116900462811,11.906017385111962
15,0.10250000000000001,5.70680145610319,-0.2711963529252995,0.01567764075310986,4.915214588298802,11.937763333718392
15,0.105,5.712262722122084,-0.2749319278269294,0.016496152834123336,4.900272288692284,11.969997521359339
15,0.1075,5.717798800880434,-0.278677652365344,0.017338305854212425,4.885289390538625,12.002721197075125
15,0.11,5.723409896901737,-0.2824336796688199,0.018204352238075667,4.87026528132472,12.03593536401697
15,0.1125,5.729096217774926,-0.28620016313962104,0.019094548876259276,4.855199347441517,12.069640771166357
15,0.115,5.73485797415905,-0.2899772563732674,0.020009157036674375,4.84009097450693,12.103837904982608
15,0.11750000000000001,5.740695379786307,-0.29376511307518305,0.020948442266404348,4.824939547699268,12.138526980985768
15,0.12,5.746608651463388,-0.2975638869747054,0.02191267428350758,4.809744452101179,12.173707935281989
15,0.1225,5.752598009071078,-0.30137373173643683,0.022902126858523792,4.7945050730542516,12.209380416039341
15,0.125,5.75866367556204,-0.30519480086892753,0.023917077685394975,4.7792207965242905,12.245543774922227
15,0.1275,5.764805876956774,-0.30902724763067424,0.024957808241515757,4.763891009477302,12.282197058492953
15,0.13,5.77102484233764,-0.3128712249334305,0.02602460363663311,4.748515100266278,12.319338999589638
15,0.1325,5.777320803840944,-0.31672688524281745,0.027117752450320273,4.733092459028729,12.356968008689906
15,0.135,5.783693996646991,-0.32059438047623684,0.028237546557756506,4.717622478095053,12.395082165270345
15,0.1375,5.790144658968085,-0.32447386189808325,0.029384280943551232,4.702104552407667,12.43367920917209
15,0.14,5.7966730320343895,-0.32836548001226146,0.030558253503359594,4.686538079950955,12.472756531983507
15,0.14250000000000002,5.803279360077631,-0.3322693844520142,0.031759764833045094,4.6709224621919425,12.512311168451125
15,0.145,5.80996389031255,-0.33618572386707213,0.032989118005155554,4.655257104531712,12.55233978793077
15,0.1475,5.816726872916091,-0.34011464580814027,0.0342466183324893,4.639541416767439,12.592838685890923
15,0.15,5.823568561004237,-0.34405629660873854,0.03553257311854103,4.623774813565045,12.633803775481256
15,0.1525,5.830489210606466,-0.34801082126442084,0.0368472913946296,4.6079567149423175,12.675230579179223
15,0.155,5.837489080637761,-0.35197836330939464,0.03819108364352451,4.592086546762421,12.717114220528453
15,0.1575,5.84456843286813,-0.35595906469057853,0.03956426150940346,4.5761637412376865,12.759449415982974
15,0.16,5.851727531889577,-0.35995306563912716,0.0409671374939895,4.560187737443491,12.802230466871718
15,0.1625,5.858966645080481,-0.3639605045394668,0.042400024638734525,4.544157981842132,12.845451251498268
15,0.165,5.866286042567333,-0.3679815177958843,0.04386323619293419,4.528073928816462,12.889105217391128
15,0.1675,5.87368599718378,-0.3720162396967213,0.045357085267680446,4.511935041213116,12.93318537372042
15,0.17,5.8811667844269255,-0.3760648022762248,0.04688188447557806,4.495740790895098,12.97768428389704
15,0.17250000000000001,5.888728682410848,-0.3801273351741184,0.04843794555617509,4.4794906593035275,13.022594058370952
15,0.17500000000000002,5.896371971817292,-0.38420396549295244,0.050025578987080425,4.463184138028191,13.067906347645495
15,0.1775,5.904096935843472,-0.38829481765331125,0.05164509358076718,4.446820729386754,13.113612335525092
15,0.18,5.911903860146975,-0.39240001324694634,0.0532967960670865,4.430399947012215,13.159702732613953
15,0.1825,5.919793032787694,-0.39651967088792023,0.05498099066154416,4.41392131644832,13.206167770083793
15,0.185,5.927764744166774,-0.4006539060618469,0.056697978619421295,4.39738437575261,13.252997193728865
15,0.1875,5.935819286962515,-0.40480283097332354,0.05844805777585046,4.380788676106707,13.30018025832686
15,0.19,5.943956956063217,-0.4089665543916463,0.06023152207198892,4.364133782433416,13.347705722324413
15,0.1925,5.952178048496913,-0.41314518149492313,0.06204866106746511,4.347419274020307,13.395561842866476
15,0.195,5.960482863357979,-0.4173388137126863,0.06389975943930562,4.330644745149255,13.443736371188558
15,0.1975,5.968871701730569,-0.4215475485671259,0.06578509646758633,4.3138098057314975,13.492216548391362
15,0.2,5.97734486660888,-0.4257714795130633,0.06770494550808664,4.2969140819477465,13.540989101617328
15,0.2025,5.985902662814186,-0.43001069577679835,0.06965957345226302,4.279957216892807,13.590040240648781
15,0.20500000000000002,5.994545396908653,-0.4342652821939579,0.07164924017489421,4.2629388712241685,13.63935565494714
15,0.20750000000000002,6.003273377105895,-0.4385353190464948,0.0736741979697925,4.245858723814021,13.6889205111532
15,0.21,6.012086913178265,-0.4428208818989761,0.07573469097401163,4.228716472404094,13.73871945106787
15,0.2125,6.020986316360862,-0.4471220414343216,0.077830954581025,4.211511834262713,13.78873659013315
15,0.215,6.029971899252258,-0.4514388632891459,0.07996321484338759,4.194244546843415,13.838955516432684
15,0.2175,6.039043975711921,-0.45577140788887255,0.08213168786543822,4.17691436844451,13.889359290231328
15,0.22,6.048202860754339,-0.4601197302827919,0.08433657918663966,4.159521078868833,13.93993044407267
15,0.2225,6.057448870439851,-0.4644838799792377,0.08657808315619912,4.142064480083049,13.990650983453463
15,0.225,6.066782321762182,-0.46886390078106743,0.08885638229965336,4.124544396875731,14.041502388093368
15,0.2275,6.076203532532692,-0.4732598306216362,0.09117164667814659,4.106960677513455,14.092465613818092
15,0.23,6.085712821261353,-0.4776717014014546,0.09352403324117502,4.089313194394181,14.143521095073726
15,0.2325,6.09531050703446,-0.48209953882573536,0.09591368517361293,4.071601844697059,14.194648748089321
15,0.23500000000000001,6.104996909389117,-0.48654336224303096,0.09834073123788094,4.053826551027876,14.245827974704342
15,0.23750000000000002,6.114772348184497,-0.4910031844851737,0.10080528511216046,4.035987262059305,14.29703766687705
15,0.24,6.1246371434699185,-0.49547901170873193,0.1033074447256016,4.018083953165072,14.348256211889112
15,0.2425,6.1345916153497715,-0.4999708432382049,0.1058472915915134,4.000116627047179,14.399461498260937
15,0.245,6.144636083845324,-0.5044786714111784,0.10842489013956937,3.982085314355286,14.450630922391587
15,0.2475,6.154770868753449,-0.5090024814256691,0.11104028704810139,3.9639900742973246,14.501741395936106
15,0.25,6.1649962895023345,-0.5135422511898933,0.11369351057759537,3.945830995240427,14.552769353932208
15,0.2525,6.1753126650042,-0.5180979511746925,0.116384569906542,3.92760819530123,14.603690763687261
15,0.255,6.185720313505101,-0.5226695442688559,0.11911345447083337,3.9093218229245763,14.654481134435478
15,0.2575,6.196219552431865,-0.5272569856375835,0.12188013330793311,3.890972057449666,14.705115527774002
15,0.26,6.206810698236235,-0.5318602225843315,0.12468455440708189,3.8725591096626735,14.755568568885428
15,0.2625,6.21749406623628,-0.5364791944162909,0.127526644066834,3.854083222334836,14.805814458553064
15,0.265,6.228269970455157,-0.5411138323137421,0.13040630626125183,3.8355446707450316,14.855826985973861
15,0.2675,6.239138723457306,-0.5457640592035419,0.13332342201611172,3.816943763185833,14.905579542372521
15,0.27,6.250100636182145,-0.5504297896369883,0.13627784879650576,3.798280841452047,14.955045135419013
15,0.2725,6.261156017775377,-0.5551109296723175,0.13926941990724234,3.77955628131073,15.004196404449978
15,0.275,6.272305175418003,-0.5598073767620817,0.14229794390747433,3.760770492951672,15.053005636493149
15,0.2775,6.2835484141531115,-0.5645190196456626,0.1453632040409993,3.74192392141735,15.101444783092209
15,0.28,6.294886036710596,-0.5692457382471626,0.14846495768369267,3.7230170470113495,15.14948547792782
15,0.28250000000000003,6.306318343329868,-0.5739874035789312,0.151602935809546,3.7040503856842757,15.19709905522898
15,0.28500000000000003,6.317845631580708,-0.5787438776509635,0.1547768424767916,3.6850244893961452,15.244256568966852
15,0.28750000000000003,6.329468196182366,-0.5835150133864214,0.15798635433560043,3.6659399464543143,15.290928812821816
15,0.29,6.341186328821028,-0.5883006545435091,0.16123112015883867,3.646797381825963,15.337086340912121
15,0.2925,6.353000317965796,-0.5931006356439499,0.16451076039737092,3.627597457424201,15.382699489271298
15,0.295,6.364910448683292,-0.5979147819082825,0.1678248667613855,3.60834087236687,15.427738398058997
15,0.2975,6.376917002451055,-0.602742909198218,0.17117300182921086,3.589028363207128,15.472173034488376
15,0.3,6.389020256969842,-0.6075848239662653,0.17455469868507595,3.569660704134939,15.515973216451197
15,0.3025,6.401220485975005,-0.6124403232128482,0.17796946058724683,3.5502387071486057,15.559108636819612
15,0.305,6.413517959047082,-0.617309194451121,0.18141676066794987,3.530763222195515,15.601548888402032
15,0.3075,6.42591294142177,-0.6221912156796785,0.1848960416664626,3.5112351372812878,15.6432634895282
15,0.31,6.4384056937994245,-0.6270861553633578,0.18840671569672018,3.4916553785465694,15.684221910236852
15,0.3125,6.450996472154261,-0.631993772422316,0.19194816405074863,3.472024910310735,15.724393599037327
15,0.315,6.463685527543426,-0.6369138162295541,0.1955197370391933,3.452344735081785,15.763748010214625
15,0.3175,6.476473105916096,-0.6418460266170535,0.1991207538701637,3.432615893531785,15.802254631645454
15,0.32,6.489359447922794,-0.6467901338906861,0.2027505025675661,3.4128394644372557,15.839883013091102
15,0.3225,6.502344788725092,-0.6517458588540277,0.20640823993003488,3.3930165645838892,15.876602794930871
15,0.325,6.515429357805877,-0.6567129128412215,0.21009319153151967,3.373148348635114,15.91238373729853
15,0.3275,6.528613378780363,-0.6616909977590004,0.21380455176451085,3.3532360089639983,15.947195749581834
15,0.33,6.541897069208048,-0.6666798061379816,0.21754148392682482,3.3332807754480736,15.981008920244246
15,0.3325,6.55528064040578,-0.6716790211933236,0.2213031203527892,3.3132839152267057,16.013793546925783
15,0.335,6.568764297262126,-0.6766883168948281,0.225088562589595,3.293246732420688,16.04552016677888
15,0.3375,6.582348238053257,-0.6817073580465542,0.22889688161949365,3.2731705678137852,16.076159586993242
15,0.34,6.596032654260502,-0.6867358003759911,0.23272711812843802,3.2530567984960346,16.105682915462836
15,0.3425,6.609817730389785,-0.6917732906328369,0.2365782828216699,3.2329068374686534,16.134061591546562
15,0.34500000000000003,6.623703643793145,-0.6968194666973891,0.24044935678666093,3.2127221332104434,16.161267416872818
15,0.34750000000000003,6.637690564492508,-0.701873957698571,0.24433929190372686,3.192504169205715,16.187272586137897
15,0.35000000000000003,6.651778655005919,-0.7069363841415686,0.24824701130452045,3.1722544634337275,16.21204971784623
15,0.3525,6.665968070176427,-0.7120063580450602,0.25217140987851416,3.151974567819758,16.235571884940303
15,0.355,6.680258957003804,-0.7170834830879957,0.2561113548274777,3.131666067648017,16.257812645267382
15,0.3575,6.694651454479295,-0.7221673547658589,0.2600656862678391,3.1113305809365635,16.27874607182914
15,0.36,6.709145693423598,-0.7272575605563479,0.2640332178807188,3.090969757774607,16.298346782760422
15,0.3625,6.723741796328235,-0.732353680094371,0.2680127376093047,3.070585279622515,16.31658997098264
15,0.365,6.738439877200524,-0.737455285356251,0.27200300840312874,3.0501788585749945,16.33345143347743
15,0.3675,6.753240041412331,-0.7425619408530143,0.27600276900868925,3.0297522365879432,16.34890760012598
15,0.37,6.768142385552765,-0.7476732038326127,0.2800107348057466,3.009307184669549,16.3629355620597
15,0.3725,6.783146997285012,-0.7527886244909261,0.28402559868851107,2.9888455020362947,16.37551309946823
15,0.375,6.798253955207484,-0.7579077461913605,0.28804603199081696,2.968369015234558,16.38661870881092
15,0.3775,6.813463328719423,-0.7630301056928498,0.2920706854542744,2.947879577228601,16.396231629379027
15,0.38,6.8287751778911705,-0.7681552333860503,0.2960981902382653,2.9273790664557993,16.40433186915597
15,0.3825,6.844189553339225,-0.7732826535375011,0.3001271589705496,2.906869385849995,16.410900229924536
15,0.385,6.859706496106268,-0.7784118845415051,0.3041561868371266,2.886352461833978,16.415918331570335
15,0.3875,6.8753260375463,-0.7835424391794732,0.3081838527098993,2.8658302432821077,16.419368635532614
15,0.39,6.891048199215035,-0.788673824886456,0.3122087203105727,2.8453047004541756,16.42123446735425
15,0.3925,6.906872992765697,-0.7938055440245795,0.31622933940912873,2.8247778239016834,16.42150003828491
15,0.395,6.922800419850356,-0.7989370941630726,0.3202442470551052,2.80425162334771,16.420150465892267
15,0.3975,6.938830472026911,-0.8040679683645805,0.32425196883982677,2.783728126541679,16.41717179363863
15,0.4,6.954963130671885,-0.8091976554774234,0.3282510201876341,2.7632093780903073,16.4125510093817
15,0.4025,6.971198366899099,-0.8143256404334679,0.332239907674075,2.7426974382661284,16.40627606276054
15,0.405,6.9875361414843695,-0.8194514045512509,0.3362171303689423,2.722194381794995,16.39833588142989
15,0.40750000000000003,7.0039764047963144,-0.8245744258439907,0.3401811812019579,2.701702296624036,16.388720386108098
15,0.41000000000000003,7.02051909673336,-0.8296941793321135,0.3441305483488449,2.6812232826715463,16.377420504406654
15,0.41250000000000003,7.037164146667053,-0.8348101373599054,0.3480637166354516,2.660759450560377,16.364428183411494
15,0.41500000000000004,7.053911473391729,-0.8399217699158995,0.3519791689575414,2.6403129203364024,16.349736400989002
15,0.4175,7.070760985080632,-0.8450285449565899,0.35587538771380256,2.6198858201736406,16.33333917579215
15,0.42,7.087712579248537,-0.8501299287330732,0.3597508562495948,2.5994802850677066,16.315231575945344
15,0.4225,7.104766142720925,-0.8552253861201871,0.3636040603088989,2.5790984555192518,16.295409726388804
15,0.425,7.1219215516097725,-0.8603143809477382,0.367433489491914,2.5587424762090487,16.273870814866783
15,0.4275,7.139178671295973,-0.8653963763333856,0.37123763871571497,2.5384144946664566,16.250613096546466
15,0.43,7.156537356418435,-0.870470835016754,0.3750150096753648,2.518116659932984,16.225635897257536
15,0.4325,7.173997450869873,-0.8755372196943387,0.37876411230286944,2.497851121222644,16.198939615345413
15,0.435,7.191558787799289,-0.8805949933547782,0.38248346622135815,2.4776200265808863,16.17052572213431
15,0.4375,7.209221189621175,-0.8856436196140494,0.38617160219186975,2.4574255215438034,16.140396760998964
15,0.44,7.226984468031409,-0.8906825630501572,0.3898270635501476,2.4372697477993706,16.108556345047422
15,0.4425,7.244848424029825,-0.8957112895368865,0.3934484076308569,2.417154841852454,16.07500915342005
15,0.445,7.262812847949466,-0.9007292665761765,0.3970342071766633,2.3970829336952937,16.039760926212885
15,0.4475,7.280877519492451,-0.9057359636287002,0.4005830517296518,2.3770561454851986,16.002818458036714
15,0.45,7.29904220777244,-0.9107308524422175,0.4040935490025986,2.35707659023113,15.964189590226116
15,0.4525,7.317306671363632,-0.9157134073772849,0.4075643262276567,2.33714637049086,15.923883201715471
15,0.455,7.335670658356258,-0.9206831057299091,0.41099403148007485,2.317267577080365,15.881909198602095
15,0.4575,7.35413390641849,-0.9256394280507353,0.4143813349746238,2.2974422877970593,15.838278502419255
15,0.46,7.372696142864684,-0.9305818584603753,0.41772493033247365,2.277672566158498,15.793003037144562
15,0.4625,7.3913570847299095,-0.935509884960479,0.4210235358163397,2.257960460158084,15.746095714971945
15,0.465,7.410116438850635,-0.9404229997401709,0.42427589553179135,2.238308001039318,15.697570420877929
15,0.4675,7.428973901951504,-0.9453206994774803,0.4274807805927039,2.2187172020900783,15.647441996015353
15,0.47000000000000003,7.447929160738078,-0.9502024856354051,0.4306369902489225,2.1991900574583783,15.595726219970029
15,0.47250000000000003,7.466981891995455,-0.9550678647522532,0.4337433529743008,2.1797285409909866,15.542439791918058
15,0.47500000000000003,7.486131762692628,-0.9599163487259332,0.4367987275133778,2.160334605096267,15.487600310723643
15,0.47750000000000004,7.505378430092461,-0.9647474550918642,0.4398020038850562,2.1410101796325423,15.43122625401913
15,0.48,7.524721541867172,-0.9695607072941943,0.4427521043417572,2.1217571708232232,15.373336956311014
15,0.4825,7.5441607362191565,-0.9743556349500314,0.4456479842826315,2.1025774601998743,15.31395258615717
15,0.485,7.563695642007026,-0.9791317741064032,0.448488633119521,2.083472903574387,15.253094122462187
15,0.4875,7.58332587887672,-0.9838886674896763,0.4512730750944848,2.064445330041294,15.190783329939265
15,0.49,7.603051057397518,-0.9886258647471869,0.45400037004781607,2.0454965410112522,15.127042733788125
15,0.4925,7.622870779202808,-0.9933429226808369,0.456669614135597,2.026628309276653,15.061895593639726
15,0.495,7.642784637135449,-0.9980394054724456,0.4592799404959612,2.007842378110217,14.995365876819466
15,0.4975,7.662792215397548,-1.0027148849006442,0.4618305198633561,1.989140460397423,14.927478230981434
15,0.5,7.682893089704498,-1.0073689405491244,0.4643205611302109,1.9705242378035033,14.85825795616675
15,0.5025000000000001,7.703086827443083,-1.012001160006077,0.4667493118555509,1.9519953599756914,14.78773097633982
15,0.505,7.723372987833491,-1.0166111390546584,0.4691160587202133,1.9335554437813667,14.715923810456646
15,0.5075000000000001,7.743751122095043,-1.02119848185435,0.47142012792843513,1.9152060725826001,14.642863543119146
15,0.51,7.764220773615455,-1.0257628011130893,0.47366088555571684,1.8969487955476423,14.568577794870183
15,0.5125,7.784781478123451,-1.0303037182500714,0.4758377378429736,1.878785126999715,14.493094692183373
15,0.515,7.805432763864536,-1.0348208635491272,0.4779501314371041,1.860716545803491,14.416442837201744
15,0.5175,7.826174151779746,-1.039313876302618,0.4799975535782245,1.8427444947895284,14.33865127727899
15,0.52,7.847005155687179,-1.0437824049457836,0.48197953223392187,1.8248703802168673,14.259749474376385
15,0.5225,7.86792528246611,-1.0482261071815115,0.483895636180993,1.8070955712739531,14.179767274368059
15,0.525,7.888934032243519,-1.0526446500955136,0.48574547503524207,1.7894213996179478,14.098734876306345
15,0.5275,7.910030898582816,-1.0570377102618829,0.48752869923000347,1.7718491589524668,14.016682801698176
15,0.53,7.931215368674584,-1.0614049738390792,0.4892449999441696,1.7543801046436833,13.933641863842492
15,0.5325,7.952486923529146,-1.0657461366563261,0.49089410898057867,1.7370154533746958,13.849643137277454
15,0.535,7.973845038170769,-1.0700609042905012,0.49247579859572815,1.719756382837996,13.764717927385187
15,0.5375,7.995289181833298,-1.074348992133548,0.4939898812818463,1.702604031465809,13.678897740200396
15,0.54,8.016818818157066,-1.0786101254504958,0.49543620950244904,1.6855594981980146,13.592214252467736
15,0.5425,8.038433405386842,-1.0828440394281666,0.49681467538258056,1.6686238422873336,13.504699281991615
15,0.545,8.060132396570697,-1.0870504792146622,0.4981252103550048,1.6517980831413492,13.416384758320135
15,0.5475,8.081915239759528,-1.0912291999497574,0.4993677847636913,1.6350832002009714,13.327302693803817
15,0.55,8.103781378207135,-1.0953799667863013,0.5005424074259847,1.6184801328547949,13.237485155067361
15,0.5525,8.125730250570617,-1.0995025549027835,0.5016491251549257,1.6019897803888656,13.146964234931815
15,0.555,8.147761291110937,-1.1035967495071934,0.5026880222432188,1.5856130019712251,13.05577202482185
15,0.5575,8.169873929893484,-1.10766234583234,0.5036592199104097,1.5693506166706386,12.963940587691779
15,0.56,8.192067592988447,-1.1116991491227968,0.5045628757148586,1.5532034035088127,12.871501931501493
15,0.5625,8.214341702670852,-1.1157069746136443,0.5053991829321487,1.5371721015454238,12.778487983272104
15,0.5650000000000001,8.236695677620098,-1.1196856475012045,0.506168369901584,1.521257409995184,12.684930563748676
15,0.5675,8.25912893311882,-1.1236350029059499,0.5068706993424693,1.5054599883762012,12.590861362695973
15,0.5700000000000001,8.281640881250933,-1.1275548858278006,0.5075064676418787,1.4897804566887953,12.49631191485081
15,0.5725,8.304230931098722,-1.131445151094008,0.5080760041156359,1.4742193956239693,12.401313576552964
15,0.5750000000000001,8.326898488938802,-1.1353056632998402,0.508579670244246,1.4587773468006404,12.30589750307438
15,0.5775,8.34964295843682,-1.1391362967423055,0.5090178588855181,1.4434548130307774,12.210094626664851
15,0.58,8.372463740840786,-1.1429369353471202,0.5093909934656247,1.4282522586115196,12.113935635329957
15,0.5825,8.39536023517285,-1.146707472589162,0.5096995271503375,1.4131701096433509,12.017450952355578
15,0.585,8.41833183841944,-1.1504478114066472,0.5099439419981812,1.3982087543734114,11.920670716591276
15,0.5875,8.441377945719623,-1.1541578641092611,0.5101247480972224,1.3833685435629568,11.823624763502844
15,0.59,8.464497950551563,-1.1578375522804916,0.5102424826872094,1.368649790878033,11.726342607002803
15,0.5925,8.48769124491698,-1.16148680667441,0.5102977092687532,1.3540527733023593,11.628853422065625
15,0.595,8.510957219523476,-1.1651055671071349,0.5102910167012181,1.3395777315714585,11.531186028132886
15,0.5975,8.534295263964658,-1.1686937823432428,0.5102230182909682,1.3252248706270309,11.433368873311728
15,0.6,8.557704766897924,-1.1722514099773547,0.5100943508715858,1.3109943600905831,11.335430019368575
15,0.6025,8.581185116219844,-1.1757784163111702,0.5099056738776457,1.2968863347553197,11.237397127518234
15,0.605,8.604735699239034,-1.1792747762261744,0.5096576684135964,1.2829008950953031,11.13929744500723
15,0.6075,8.628355902846451,-1.18274047305228,0.50935103631926,1.26903810779088,11.04115779248849
15,0.61,8.652045113683005,-1.1861754984326462,0.508986499233429,1.2552980062694141,10.943004552183371
15,0.6125,8.675802718304451,-1.189579852184923,0.5085647976569893,1.2416805912603075,10.844863656825424
15,0.615,8.69962810334346,-1.1929535421591575,0.5080866900169593,1.2281858313633693,10.746760579379139
15,0.6175,8.723520655668827,-1.1962965840926107,0.5075529517327959,1.2148136636295548,10.648720323525687
15,0.62,8.747479762541717,-1.1996090014617193,0.5069643742862556,1.201563994153122,10.550767414906463
15,0.6225,8.77150481176898,-1.2028908253314352,0.5063217642960683,1.1884366986742578,10.4529258931141
15,0.625,8.795595191853364,-1.2061420942021828,0.5056259425986227,1.1754316231912687,10.355219304419792
15,0.6275000000000001,8.819750292140697,-1.209362853854652,0.504877743335812,1.1625485845813919,10.257670695224508
15,0.63,8.843969502963906,-1.2125531571926587,0.5040780130511436,1.149787371229364,10.160302606221085
15,0.6325000000000001,8.868252215783913,-1.2157130640842917,0.5032276097951559,1.1371477436628337,10.063137067253034
15,0.635,8.892597823327305,-1.2188426412015543,0.5023274022411424,1.1246294351937833,9.966195592855449
15,0.6375000000000001,8.917005719720802,-1.2219419618587235,0.5013782688121244,1.1122321525651049,9.869499178462425
15,0.64,8.941475300622475,-1.2250111058496231,0.5003810968199665,1.0999555766015068,9.773068297264969
15,0.6425,8.966005963349708,-1.2280501592840134,0.4993367816174656,1.0877993628639466,9.676922897702555
15,0.645,8.990597107003872,-1.231059214423295,0.49824622576421196,1.0757631423068206,9.581082401571289
15,0.6475,9.015248132591703,-1.234038369515716,0.49711033820694395,1.063846521937137,9.485565702730852
15,0.65,9.039958443143398,-1.2369877286312654,0.49593003347508835,1.0520490854749383,9.390391166392204
15,0.6525,9.064727443827397,-1.2399074014964329,0.4947062308921107,1.0403703940142688,9.295576628967599
15,0.655,9.089554542061855,-1.242797503329006,0.49343985380326344,1.028809986683976,9.201139398464209
15,0.6575,9.11443914762282,-1.2456581546730745,0.49213182882025386,1.0173673813077009,9.107096255402348
15,0.66,9.139380672749114,-1.2484894812344007,0.4907830850833262,1.0060420750623982,9.013463454239231
15,0.6625,9.164378532243925,-1.2512916137163073,0.48939455354117894,0.9948335451347705,8.920256725278875
15,0.665,9.189432143573116,-1.254064687656245,0.4879671662491182,0.9837412493750214,8.827491277048889
15,0.6675,9.214540926960286,-1.2568088432631608,0.48650185568577686,0.9727646269473579,8.73518179912461
15,0.67,9.239704305478583,-1.2595242252558279,0.4849995540887058,0.9619030989766887,8.643342465381256
15,0.6725,9.26492170513928,-1.262210982702248,0.4834611928090869,0.9511560691910079,8.551986937654693
15,0.675,9.290192554977187,-1.264869268860263,0.4818877016857798,0.940522924558947,8.461128369791469
15,0.6775,9.315516287132837,-1.267499241019489,0.4802800084388769,0.9300030359220428,8.37077941206904
15,0.68,9.340892336931578,-1.2701010603446894,0.47863903808289104,0.9195957586212427,8.280952215966972
15,0.6825,9.366320142959504,-1.2726748917206854,0.4769657123596806,0.9093004331172575,8.191658439270501
15,0.685,9.391799147136329,-1.275220903598921,0.47526094919116124,0.8991163856043162,8.102909251487644
15,0.6875,9.417328794785194,-1.2777392678457553,0.47352566215182784,0.8890429286169783,8.014715339561516
15,0.6900000000000001,9.442908534699468,-1.280230159592595,0.4717607599610808,0.8790793616296191,7.92708691385979
15,0.6925,9.46853781920656,-1.2826937570879313,0.4699671459953095,0.8692249716482756,7.8400337144234395
15,0.6950000000000001,9.49421610422881,-1.285130241551371,0.4681457178196569,0.859479033794516,7.753565017457181
15,0.6975,9.51994284934145,-1.2875397970297338,0.46629736673937383,0.849840811881065,7.667689642044661
15,0.7000000000000001,9.545717517827748,-1.2899226102552748,0.4644229773706199,0.8403095589789005,7.582415957071343
15,0.7025,9.571539576731295,-1.2922788705061083,0.4625234272305629,0.8308845179755675,7.497751888338806
15,0.705,9.597408496905565,-1.2946087694688748,0.46059958634659753,0.8215649221245009,7.413704925854395
15,0.7075,9.623323753060722,-1.2969125011037186,0.4586523168844743,0.8123499955851246,7.330282131280538
15,0.71,9.649284823807754,-1.2991902615116118,0.4566824727951198,0.8032389539535536,7.247490145528583
15,0.7125,9.6752911917,-1.3014422488040713,0.4546908994798984,0.7942310047837141,7.165335196482239
15,0.715,9.701342343272053,-1.3036686629753134,0.45267843347405745,0.7853253480987468,7.083823106836442
15,0.7175,9.727437769076182,-1.305869705776867,0.4506459021480662,0.7765211768925315,7.002959302037475
15,0.72,9.753576963716233,-1.3080455805946887,0.44859412342656324,0.7678176776212455,6.922748818311161
15,0.7225,9.779759425879103,-1.3101964923287917,0.44652390552459004,0.7592140306848317,6.843196310765858
15,0.725,9.80598465836385,-1.312322647275427,0.44443604670079045,0.7507094108982917,6.764306061557809
15,0.7275,9.83225216810846,-1.314424253011812,0.44233133502724065,0.7423029879527535,6.686081988106753
15,0.73,9.858561466214322,-1.3165015182834414,0.4402105481755561,0.7339939268662329,6.608527651350064
15,0.7325,9.88491206796851,-1.3185546528939849,0.438074453218923,0.7257813884240613,6.531646264024292
15,0.735,9.91130349286385,-1.3205838675977608,0.43592380644968376,0.717664529608956,6.45544069896334
15,0.7375,9.93773526461688,-1.3225893739948245,0.4337593532121053,0.7096425040207036,6.379913497402985
15,0.74,9.964206911183743,-1.3245713844286315,0.43158182774994786,0.7017144622854743,6.305066877281926
15,0.7425,9.990717964774062,-1.3265301118863122,0.4293919530684467,0.6938795524547522,6.230902741529908
15,0.745,10.017267961862812,-1.3284657699015157,0.427190440810324,0.6861369203939385,6.157422686334114
15,0.7475,10.04385644320033,-1.3303785724598451,0.42497799114542484,0.6784857101606194,6.084628009375105
15,0.75,10.070482953820404,-1.3322687339068553,0.4227552926735921,0.670925064372578,6.0125197180244205
15,0.7525000000000001,10.097147043046595,-1.3341364688586055,0.42052302234037325,0.6634541245655756,5.941098537496028
15,0.755,10.123848264496756,-1.3359819921147538,0.4182818453651661,0.6560720315409863,5.870364918944483
15,0.7575000000000001,10.15058617608587,-1.337805518574166,0.4160324151813966,0.6487779257033355,5.800319047502833
15,0.76,10.1773603400272,-1.3396072631530398,0.41377537338833825,0.6415709473878409,5.730960850253992
15,0.7625000000000001,10.204170322831846,-1.3413874407054918,0.4115113497141674,0.634450237178033,5.662290004129365
15,0.765,10.231015695306725,-1.3431462659466142,0.40924096198985954,0.6274149362135415,5.594305943729124
15,0.7675000000000001,10.257896032551043,-1.3448839533779569,0.40696481613353763,0.6204641864881703,5.527007869058856
15,0.77,10.284810913951297,-1.3466007172154117,0.40468350614487475,0.6135971311383519,5.4603947531775985
15,0.7725,10.311759923174863,-1.3482967713194765,0.40239761410916736,0.6068129147220934,5.394465349752665
15,0.775,10.338742648162214,-1.3499723291278627,0.4001077102106956,0.6001106834885497,5.329218200517069
15,0.7775,10.365758681117795,-1.351627603590417,0.397814352754991,0.5934895856383334,5.264651642625578
15,0.78,10.392807618499655,-1.3532628071063268,0.395518088199635,0.5869487715746902,5.200763815905786
15,0.7825,10.419889061007806,-1.3548781514635784,0.39321945119322516,0.5804873941456854,5.137552670001003
15,0.785,10.447002613571424,-1.3564738477806177,0.3909189646221407,0.5741046088775295,5.075015971401883
15,0.7875,10.474147885334887,-1.3580501064502055,0.38861713966474837,0.5677995741991777,5.013151310364101
15,0.79,10.501324489642721,-1.3596071370854088,0.38631447585270745,0.5615714516583656,4.951956107709757
15,0.7925,10.52853204402348,-1.361145148467697,0.3840114611390173,0.5554194061292114,4.891427621510236
15,0.795,10.555770170172616,-1.3626643484971164,0.381708571972474,0.5493426060115362,4.831562953648656
15,0.7975,10.583038493934367,-1.3641649441444836,0.37940627337821214,0.543340223422067,4.77235905626037
15,0.8,10.610336645282715,-1.3656471414055862,0.3771050190439943,0.537411434377655,4.713812738049928
15,0.8025,10.637664258301431,-1.3671111452573286,0.37480525141194404,0.531555418970686,4.655920670483481
15,0.805,10.665020971163298,-1.368557159615795,0.37250740177540564,0.5257713615368165,4.598679393855553
15,0.8075,10.692406426108462,-1.3699853872961947,0.3702118903806354,0.5200584508152211,4.542085323229527
15,0.81,10.71982026942206,-1.3713960299746304,0.36791912653302145,0.5144158801014769,4.486134754251137
15,0.8125,10.747262151411041,-1.3727892881516817,0.365629508707558,0.5088428473932733,4.430823868834786
15,0.8150000000000001,10.774731726380331,-1.374165361117728,0.36334342466328456,0.5033385555290862,4.37614874072231
15,0.8175,10.802228652608274,-1.375524446920003,0.361061251561426,0.4979022123199876,4.322105340914301
15,0.8200000000000001,10.82975259232148,-1.376866742331315,0.3587833560869691,0.4925330306747415,4.268689542974052
15,0.8225,10.85730321166901,-1.3781924428204118,0.3565100945734194,0.48723022871835336,4.215897128204441
15,0.8250000000000001,10.884880180696028,-1.3795017425239429,0.35424181313049563,0.4819930299042278,4.163723790698203
15,0.8275,10.91248317331689,-1.3807948342199785,0.3519788477745141,0.4768206631200864,4.112165142262101
15,0.8300000000000001,10.94011186728772,-1.3820719093030465,0.3497215245612416,0.47171236278781575,4.061216717215753
15,0.8325,10.967765944178494,-1.383333157760652,0.3474701597209865,0.46666736895739214,4.010873977065919
15,0.835,10.995445089344686,-1.3845787681512403,0.3452250597957125,0.46168492739503925,3.961132315057119
15,0.8375,11.023148991898482,-1.3858089275835563,0.34298652177796907,0.4567642896657762,3.911987060599692
15,0.84,11.05087734467957,-1.387023821697373,0.3407548332514359,0.4519047132105073,3.8634334835763715
15,0.8425,11.078629844225606,-1.3882236346455499,0.33853027253288726,0.4471054614178006,3.8154667985286093
15,0.845,11.106406190742288,-1.3894085490773724,0.33631310881538995,0.44236580369051043,3.768082168723952
15,0.8475,11.134206088073135,-1.3905787461231522,0.33410360231256025,0.4376850155073923,3.7212747101058734
15,0.85,11.162029243668965,-1.3917344053800387,0.33190200440369677,0.4330623784798441,3.6750394951274385
15,0.8525,11.189875368557097,-1.3928757048990157,0.3297085577796391,0.4284971804039376,3.629371556470429
15,0.855,11.217744177310307,-1.3940028211730335,0.32752349658918084,0.42398871530786547,3.5842658906514098
15,0.8575,11.245635388015565,-1.3951159291262625,0.3253470465858918,0.41953628349495087,3.5397174615163873
15,0.86,11.273548722242543,-1.3962152021044103,0.3231794252752063,0.4151391915823613,3.4957212036258123
15,0.8625,11.301483905011985,-1.3973008118660868,0.3210208420616321,0.41079675253565373,3.452272025531519
15,0.865,11.329440664763858,-1.3983729285751763,0.318871498395956,0.4065082856992958,3.4093648129475063
15,0.8675,11.357418733325416,-1.39943172079418,0.3167315879223112,0.4022731168232802,3.3669944318162126
15,0.87,11.385417845879086,-1.400477355478504,0.3146012966249973,0.39809057808598347,3.3251557312722664
15,0.8725,11.413437740930306,-1.4015099979716572,0.31248080297492714,0.3939600081133708,3.2838435465054205
15,0.875,11.441478160275222,-1.4025298120013274,0.31037027807560114,0.3898807519946908,3.2430527015246486
15,0.8775000000000001,11.469538848968355,-1.4035369596763068,0.3082698858085014,0.38585216129477584,3.2027780118252425
15,0.88,11.49761955529019,-1.4045316014842337,0.30617978297780946,0.3818735940630652,3.1630142869608417
15,0.8825000000000001,11.525720030714739,-1.4055138962901312,0.30410011945435644,0.37794441483947344,3.1237563330223033
15,0.885,11.553840029877087,-1.4064840013356958,0.30203103831871614,0.37406399465721735,3.084998955025349
15,0.8875000000000001,11.581979310540914,-1.4074420722393208,0.29997267600336314,0.3702317110427159,3.046736959208925
15,0.89,11.610137633566044,-1.4083882629968334,0.29792516243381223,0.366446948012667,3.0089651552461785
15,0.8925000000000001,11.638314762876004,-1.409322725982895,0.29588862116867437,0.36270909606842006,2.9716783583700397
15,0.895,11.666510465425613,-1.4102456119530646,0.29386316953855424,0.3590175521877408,2.9348713914152915
15,0.8975,11.694724511168639,-1.4111570700464813,0.2918489187837297,0.35537171981407495,2.8985390867790755
15,0.9,11.722956673025493,-1.4120572477891473,0.28984597419055186,0.3517710088434109,2.8626762883017465
15,0.9025,11.751206726851002,-1.4129462910977901,0.28785443522651216,0.3482148356088431,2.827277853070001
15,0.905,11.779474451402278,-1.4138243442842693,0.28587439567392126,0.3447026228629232,2.792338653144129
15,0.9075,11.807759628306659,-1.4146915500605233,0.2839059437621578,0.3412337997579049,2.757853577211347
15,0.91,11.836062042029766,-1.415548049544009,0.2819491622984386,0.33780780182396525,2.7238175321670193
15,0.9125,11.864381479843678,-1.4163939822636276,0.2800041287970676,0.33442407094548887,2.6902254446256073
15,0.915,11.892717731795216,-1.417229486166121,0.2780709156071371,0.3310820553355145,2.6570722623632794
15,0.9175,11.921070590674367,-1.4180546976228965,0.2761495900386339,0.32778120950841505,2.6243529556938676
15,0.92,11.949439851982863,-1.418869751437276,0.27424021448692787,0.3245209942508971,2.5920625187800366
15,0.9225,11.977825313902873,-1.4196747808521488,0.2723428465556163,0.32130087659140677,2.5601959708814483
15,0.925,12.006226777265898,-1.420469917557998,0.2704575391776915,0.3181203297680079,2.5287483575416005
15,0.9275,12.034644045521782,-1.4212552917012955,0.26858434073501986,0.3149788331948181,2.4977147517151534
15,0.93,12.063076924707946,-1.4220310318932328,0.26672329517610155,0.3118758724270681,2.4670902548373363
15,0.9325,12.09152522341874,-1.422797265218784,0.26487444213210787,0.3088109391248654,2.436869997837245
15,0.935,12.119988752775043,-1.4235541172460704,0.2630378170311666,0.3057835310157193,2.4070491420965223
15,0.9375,12.148467326394002,-1.4243017120360237,0.2612134512108966,0.30279315185590505,2.3776228803551835
15,0.9400000000000001,12.176960760358991,-1.4250401721523183,0.25940137202917274,0.29983931139072617,2.3485864375660723
15,0.9425,12.205468873189774,-1.4257696186715647,0.25760160297311835,0.2969215253137413,2.3199350716995935
15,0.9450000000000001,12.233991485812865,-1.426490171193747,0.2558141637663167,0.2940393152250119,2.2916640745001917
15,0.9475,12.262528421532096,-1.4272019478528906,0.25403907047423996,0.2911922085884391,2.2637687721961495
15,0.9500000000000001,12.291079505999408,-1.4279050653279404,0.2522763356078921,0.2883797386882383,2.2362445261641404
15,0.9525,12.319644567185868,-1.4285996388538478,0.25052596822566475,0.2856014445846099,2.2090867335499955
15,0.9550000000000001,12.3482234353529,-1.429285782232834,0.24878797403341013,0.28285687106866253,2.1822908278471322
15,0.9575,12.376815943023724,-1.4299636078458402,0.24706235548273134,0.2801455686166403,2.155852279434014
15,0.96,12.405421924955077,-1.4306332266641253,0.24534911186749417,0.2774670933434987,2.129766596071998
15,0.9625,12.43404121810912,-1.4312947482610288,0.24364823941856908,0.2748210069558856,2.104029323364941
15,0.965,12.462673661625596,-1.4319482808238577,0.24195973139680865,0.27220687670457167,2.078636045181851
15,0.9675,12.491319096794237,-1.4325939311659073,0.2402835781842652,0.26962427533637096,2.053582384043824
15,0.97,12.519977367027405,-1.4332318047385997,0.23861976737366664,0.26707278104560356,2.0288640014766
15,0.9725,12.548648317832962,-1.4338620056437155,0.23696828385615215,0.26455197742513775,2.004476598329873
15,0.975,12.577331796787426,-1.434484636645738,0.23532910990728342,0.2620614534170489,1.9804159150645813
15,0.9775,12.606027653509328,-1.4350997991842636,0.23370222527134624,0.2596008032629455,1.9566777320093611
15,0.98,12.634735739632843,-1.435707593386503,0.23208760724394983,0.25716962645398816,1.933257869587254
15,0.9825,12.663455908781682,-1.4363081180798392,0.2304852307529426,0.2547675276806441,1.910152188513791
15,0.985,12.692188016543195,-1.436901470804446,0.2288950684376603,0.25239411678221446,1.8873565899675668
15,0.9875,12.720931920442785,-1.43748774782596,0.22731709072651635,0.25004900869616026,1.8648670157342793
15,0.99,12.749687479918515,-1.4380670441481826,0.22575126591295863,0.24773182340726924,1.8426794483253435
15,0.9925,12.778454556296023,-1.4386394535258287,0.2241975602298014,0.24544218589668362,1.8207899110719932
15,0.995,12.807233012763646,-1.4392050684772917,0.22265593792196,0.24317972609083383,1.7991944681959344
15,0.9975,12.836022714347843,-1.4397639802974274,0.2211263613175941,0.2409440788102889,1.7778892248573843
15,1.0,12.864823527888829,-1.440316279070358,0.21960879089769078,0.23873488371856663,1.7568703271815262
15,1.0025,12.893635322016511,-1.44086205368227,0.21810318536409593,0.23655178527092122,1.7361339622641825
15,1.0050000000000001,12.922457967126649,-1.4414013918342161,0.21660950170601978,0.23439443266313645,1.7156763581576278
15,1.0075,12.951291335357263,-1.4419343800549118,0.2151276952650355,0.23226247978035058,1.695493783837382
15,1.01,12.980135300565353,-1.4424611037135173,0.2136577197985852,0.23015558514592904,1.6755825491507514
15,1.0125,13.008989738303791,-1.4429816470323948,0.21219952754202553,0.22807341187042107,1.655939004748012
15,1.0150000000000001,13.037854525798554,-1.4434960930998493,0.21075306926921764,0.22601562760060195,1.636559541996885
15,1.0175,13.066729541926136,-1.4440045238828394,0.20931829435169916,0.22398190446864308,1.617440592881182
15,1.02,13.095614667191269,-1.4445070202396475,0.20789515081644422,0.22197191904141014,1.5985786298842308
15,1.0225,13.12450978370487,-1.4450036619325197,0.20648358540224263,0.21998535226992016,1.5799701658578715
15,1.025,13.15341477516224,-1.4454945276402578,0.2050835436147162,0.2180218894389697,1.5616117538776726
15,1.0275,13.182329526821535,-1.4459796949707622,0.20369496977999052,0.21608122011695172,1.543499987085015
15,1.03,13.21125392548245,-1.4464592404735295,0.20231780709705158,0.21416303810588178,1.525631498516743
15,1.0325,13.240187859465209,-1.446933239652091,0.2009519976887968,0.21226704139163613,1.5080029609229104
15,1.035,13.269131218589733,-1.4474017669763912,0.1995974826518161,0.2103929320944356,1.4906110865733426
15,1.0375,13.29808389415512,-1.4478648958951088,0.19825420210490963,0.20854041641956686,1.4734526270534722
15,1.04,13.32704577891932,-1.4483226988479054,0.1969220952363786,0.20670920460837638,1.4565243730501374
15,1.0425,13.3560167670791,-1.4487752472776183,0.19560110035009712,0.20489901088952817,1.439823154127773
15,1.045,13.384996754250206,-1.4492226116423614,0.19429115491039453,0.20310955343055284,1.423345838495599
15,1.0475,13.413985637447812,-1.4496648614275767,0.19299219558576883,0.2013405542896928,1.4070893327662979
15,1.05,13.442983315067158,-1.450102065157987,0.19170415829144782,0.19959173936805086,1.3910505817066507
15,1.0525,13.471989686864479,-1.4505342904094847,0.19042697823082608,0.19786283836205984,1.3752265679806444
15,1.055,13.501004653938141,-1.4509616038209316,0.18916058993578938,0.19615358471627203,1.359614311885461
15,1.0575,13.53002811871001,-1.4513840711058772,0.1879049273059592,0.19446371557649003,1.344210871080863
15,1.06,13.559059984907066,-1.451801757064192,0.18665992364686618,0.19279297174323295,1.3290133403123257
15,1.0625,13.588100157543249,-1.4522147255936113,0.18542551170708113,0.19114109762555626,1.3140188511283812
15,1.065,13.617148542901527,-1.4526230397011926,0.18420162371432136,0.18950784119522826,1.2992245715925599
15,1.0675000000000001,13.646205048516197,-1.4530267615146832,0.18298819141055134,0.1878929539412679,1.2846277059903013
15,1.07,13.675269583155409,-1.4534259522937862,0.1817851460861,0.18629619082485432,1.2702254945312255
15,1.0725,13.704342056803926,-1.4538206724413474,0.18059241861281133,0.1847173102346075,1.2560152130470847
15,1.075,13.733422380646084,-1.4542109815144364,0.1794099394762534,0.1831560739422551,1.2419941726857997
15,1.0775000000000001,13.762510467049006,-1.4545969382353308,0.17823763880699625,0.18161224705867618,1.228159719601828
15,1.08,13.791606229545987,-1.4549786005024146,0.1770754464109899,0.1800855979903422,1.2145092346432778
15,1.0825,13.820709582820156,-1.4553560254009636,0.17592329179904895,0.17857589839614457,1.201040133035979
15,1.085,13.849820442688296,-1.4557292692138444,0.17478110421547122,0.17708292314462248,1.1877498640648727
15,1.0875000000000001,13.87893872608492,-1.4560983874321032,0.17364881266580534,0.17560645027158872,1.1746359107529702
15,1.09,13.908064351046521,-1.4564634347654601,0.17252634594378652,0.17414626093815894,1.1616957895381634
15,1.0925,13.937197236696065,-1.4568244651527034,0.17141363265745888,0.17270213938918805,1.1489270499481452
15,1.095,13.966337303227675,-1.4571815317719732,0.17031060125449768,0.17127387291210766,1.1363272742736652
15,1.0975,13.995484471891505,-1.4575346870509542,0.16921718004676,0.16986125179618267,1.1238940772404296
15,1.1,14.024638664978855,-1.457883982676958,0.1681332972340658,0.16846406929216773,1.1116251056797737
15,1.1025,14.053799805807438,-1.4582294696069036,0.16705888092724133,0.16708212157238667,1.0995180381984302
15,1.105,14.08296781870689,-1.4585711980771963,0.16599385917043044,0.16571520769121637,1.0875705848475203
15,1.1075,14.112142629004454,-1.458909217613503,0.16493815996269626,0.1643631295459895,1.075780486791022
15,1.11,14.141324163010857,-1.459243577040422,0.1638917112789294,0.16302569183831186,1.0641455159738942
15,1.1125,14.170512348006383,-1.4595743244910517,0.16285444109007416,0.16170270203579226,1.052663474790026
15,1.115,14.199707112227145,-1.4599015074164519,0.1618262773826957,0.16039397033419048,1.0413321957502186
15,1.1175,14.228908384851541,-1.460225172595006,0.16080714817789477,0.15909930961997584,1.0301495411503252
15,1.12,14.25811609598688,-1.4605453661416739,0.1597969815495953,0.1578185354333068,1.0191134027397657
15,1.1225,14.287330176656212,-1.4608621335171459,0.15879570564221018,0.1565514659314177,1.008221701390514
15,1.125,14.316550558785336,-1.461175519536894,0.1578032486877073,0.15529792185242355,0.9974723867667424
15,1.1275,14.345777175189982,-1.4614855683801151,0.1568195390220864,0.15405772647953633,0.9868634369952488
15,1.1300000000000001,14.375009959563181,-1.4617923235985768,0.15584450510128156,0.15283070560569095,0.9763928583367939
15,1.1325,14.404248846462783,-1.4620958281253538,0.15487807551650556,0.1516166874985844,0.966058684858496
15,1.135,14.433493771299203,-1.4623961242834704,0.1539201790090441,0.15041550286611896,0.9558589781073591
15,1.1375,14.462744670323271,-1.4626932537944353,0.15297074448452336,0.14922698482226002,0.9457918267851222
15,1.1400000000000001,14.49200148061432,-1.4629872577866778,0.15202970102665095,0.14805096885329058,0.9358553464244439
15,1.1425,14.521264140068368,-1.4632781768038805,0.15109697791045637,0.14688729278447793,0.9260476790666181
15,1.145,14.550532587386547,-1.463566050813216,0.15017250461503426,0.14573579674713658,0.916366992940847
15,1.1475,14.579806762063626,-1.4638509192134768,0.14925621083580626,0.14459632314609314,0.906811482145196
15,1.1500000000000001,14.609086604376738,-1.4641328208431128,0.1483480264963157,0.14346871662754923,0.8973793663293198
15,1.1525,14.638372055374244,-1.4644117939881653,0.14744788175956292,0.14235282404733854,0.8880688903790237
15,1.155,14.667663056864763,-1.4646878763901052,0.1465557070388976,0.14124849443957932,0.8788783241027572
15,1.1575,14.696959551406374,-1.4649611052535711,0.14567143300847368,0.14015557898571349,0.8698059619200833
15,1.16,14.726261482295934,-1.465231517254015,0.14479499061328693,0.1390739309839396,0.860850122552241
15,1.1625,14.755568793558588,-1.4654991485452442,0.1439263110787946,0.13800340581902434,0.8520091487147975
15,1.165,14.784881429937395,-1.4657640347668741,0.1430653259201411,0.1369438609325043,0.8432814068125245
15,1.1675,14.814199336883128,-1.4660262110516846,0.14221196695098814,0.1358951557932612,0.8346652866364872
15,1.17,14.843522460544213,-1.4662857120328803,0.14136616629196866,0.13485715186847835,0.8261592010634448
15,1.1725,14.8728507477568,-1.4665425718512572,0.14052785637876986,0.13382971259497034,0.8177615857575907
15,1.175,14.902184146034989,-1.4667968241622789,0.13969696996985695,0.1328127033508829,0.8094708988746803
15,1.1775,14.931522603561191,-1.4670485021430597,0.13887344015384828,0.13180599142776422,0.8012856207685947
15,1.18,14.96086606917665,-1.4672976384992513,0.13805720035654725,0.13080944600299596,0.7932042537003577
15,1.1825,14.990214492372042,-1.4675442654718511,0.1372481843476482,0.1298229381125938,0.7852253215496859
15,1.185,15.019567823278287,-1.46778841484391,0.1364463262471159,0.12884634062436015,0.7773473695290477
15,1.1875,15.048926012657438,-1.4680301179471507,0.13565156053125482,0.12787952821139636,0.7695689639003044
15,1.19,15.078289011893723,-1.4682694056685082,0.13486382203847438,0.12692237732596784,0.7618886916939448
15,1.1925000000000001,15.10765677298472,-1.4685063084565708,0.13408304597475754,0.1259747661737157,0.7543051604309324
15,1.195,15.137029248532636,-1.4687408563279454,0.1333091679188438,0.12503657468821786,0.7468169978472019
15,1.1975,15.166406391735759,-1.4689730788735276,0.1325421238271309,0.12410768450588873,0.7394228516207982
15,1.2,15.195788156379972,-1.469203005264694,0.13178185003830947,0.12318797894122407,0.7321213891017193
15,1.2025000000000001,15.22517449683046,-1.4694306642594066,0.13102828327772917,0.12227734296237469,0.7249112970444167
15,1.205,15.254565368023467,-1.469656084208235,0.13028136066151502,0.12137566316706003,0.7177912813430347
15,1.2075,15.283960725458233,-1.4698792930602984,0.12954101970043175,0.12048282775880573,0.7107600667693403
15,1.21,15.31336052518901,-1.4701003183691228,0.12880719830350812,0.11959872652350936,0.7038163967133836
15,1.2125000000000001,15.34276472381722,-1.470319187298418,0.12807983478142868,0.11872325080632827,0.6969590329268942
15,1.215,15.3721732784837,-1.4705359266277782,0.12735886784969766,0.11785629348888624,0.6901867552694075
15,1.2175,15.401586146861087,-1.4707505627583006,0.12664423663158417,0.11699774896679715,0.6834983614571369
15,1.22,15.431003287146307,-1.4709631217181252,0.12593588066085118,0.11614751312749719,0.6768926668145724
15,1.2225,15.460424658053157,-1.4711736291679023,0.12523373988428255,0.11530548332839152,0.670368504028846
15,1.225,15.489850218805026,-1.4713821104061753,0.12453775466400334,0.11447155837529971,0.6639247229068065
15,1.2275,15.519279929127686,-1.4715885903746977,0.12384786577961183,0.11364563850120965,0.657560190134864
15,1.23,15.548713749242227,-1.4717930936636692,0.12316401443011818,0.11282762534532444,0.6512737890415398
15,1.2325,15.578151639858069,-1.471995644516898,0.12248614223570356,0.11201742193240774,0.6450644193627646
15,1.235,15.60759356216609,-1.4721962668368949,0.12181419123930118,0.11121493265241987,0.6389309970098899
15,1.2375,15.637039477831841,-1.4723949841898896,0.1211481039080062,0.11042006324044143,0.632872453840416
15,1.24,15.666489348988875,-1.4725918198107788,0.12048782313432087,0.10963272075688389,0.6268877374314301
15,1.2425,15.695943138232185,-1.4727867966080055,0.1198332922372363,0.10885281356797782,0.6209758108557278
15,1.245,15.72540080861169,-1.472979937168364,0.11918445496316339,0.10808025132654492,0.6151356524606423
15,1.2475,15.754862323625876,-1.4731712637617398,0.11854125548670918,0.10731494495303916,0.6093662556495265
15,1.25,15.784327647215498,-1.473360798345784,0.11790363841130999,0.10655680661686284,0.6036666286659071
15,1.2525,15.813796743757377,-1.4735485625705127,0.11727154876972432,0.10580574971795036,0.5980357943802899
15,1.2550000000000001,15.843269578058305,-1.4737345777828463,0.11664493202438811,0.10506168886861558,0.592472790079589
15,1.2575,15.872746115348997,-1.4739188650310846,0.11602373406764128,0.10432453987566252,0.5869766672591917
15,1.26,15.90222632127821,-1.4741014450693128,0.11540790122182351,0.10359421972275151,0.581546491417604
15,1.2625,15.93171016190686,-1.4742823383617438,0.11479738023925255,0.10287064655302505,0.5761813418537135
15,1.2650000000000001,15.961197603702296,-1.4744615650870052,0.11419211830207886,0.10215373965197984,0.5708803114665942
15,1.2675,15.990688613532605,-1.474639145142352,0.1135920630220305,0.10144341943059257,0.5656425065578898
15,1.27,16.020183158661048,-1.4748150981478279,0.11299716244004461,0.10073960740868763,0.5604670466367145
15,1.2725,16.049681206740555,-1.474989443450363,0.11240736502579454,0.10004222619854908,0.5553530642270835
15,1.2750000000000001,16.07918272580829,-1.4751622001278075,0.1118226196771129,0.09935119948877043,0.5502997046778335
15,1.2775,16.108687684280312,-1.4753333869929148,0.11124287571931707,0.09866645202834144,0.5453061259750301
15,1.28,16.138196050946323,-1.4755030225972579,0.11066808290443898,0.09798790961096816,0.540371498556831
15,1.2825,16.16770779496448,-1.4756711252350951,0.11009819141036176,0.09731549905962059,0.5354950051307831
15,1.285,16.197222885856274,-1.4758377129471718,0.10953315183987153,0.09664914821131133,0.5306758404935562
15,1.2875,16.226741293501526,-1.476002803524477,0.1089729152196191,0.09598878590209262,0.525913211353049
15,1.29,16.25626298813338,-1.4761664145119293,0.10841743299900568,0.09533434195228066,0.5212063361529027
15,1.2925,16.28578794033347,-1.4763285632120273,0.10786665704898385,0.09468574715189092,0.5165544448993387
15,1.295,16.315316121027085,-1.4764892666884264,0.10732053966078824,0.09404293324629467,0.5119567789903585
15,1.2975,16.344847501478423,-1.4766485417694797,0.10677903354458977,0.09340583292208302,0.5074125910472373
15,1.3,16.374382053285924,-1.4768064050517142,0.10624209182808211,0.09277437979314263,0.5029211447483176
15,1.3025,16.40391974837767,-1.4769628729032656,0.1057096680550016,0.09214850838693811,0.4984817146650729
15,1.305,16.433460559006853,-1.4771179614672514,0.10518171618357956,0.09152815413099408,0.4940935861004017
15,1.3075,16.463004457747303,-1.477271686665104,0.10465819058493855,0.0909132533395843,0.4897560549291714
15,1.31,16.492551417489086,-1.4774240641998468,0.10413904604142375,0.09030374320061241,0.4854684274409358
15,1.3125,16.522101411434175,-1.4775751095593264,0.10362423774488284,0.08969956176269228,0.4812300201848527
15,1.315,16.551654413092177,-1.4777248380193955,0.1031137212948881,0.08910064792241845,0.4770401598167416
15,1.3175000000000001,16.581210396276116,-1.4778732646470434,0.10260745269690998,0.08850694141182834,0.47289818294828684
15,1.32,16.610769335098293,-1.4780204043034875,0.10210538836043828,0.08791838278604944,0.4688034359983392
15,1.3225,16.640331203966213,-1.4781662716472168,0.10160748509705832,0.08733491341113221,0.4647552750463107
15,1.325,16.66989597757853,-1.4783108811369834,0.10111370011848252,0.08675647545206666,0.46075306568763835
15,1.3275000000000001,16.699463630921123,-1.4784542470347564,0.10062399103453597,0.08618301186097371,0.4567961828912723
15,1.33,16.729034139263142,-1.4785963834086302,0.1001383158511063,0.08561446636547956,0.4528840108592065
15,1.3325,16.7586074781532,-1.4787373041356855,0.09965663296804893,0.08505078345725804,0.44901594288797747
15,1.335,16.788183623415556,-1.4788770229048123,0.09917890117706117,0.08449190838075071,0.44519138123216173
15,1.3375000000000001,16.8177625511464,-1.479015553219487,0.09870507965951623,0.08393778712205129,0.4414097369697991
15,1.34,16.847344237710153,-1.4791529084005095,0.0982351279842679,0.0833883663979607,0.43767042986976107
15,1.3425,16.87692865973584,-1.4792891015886982,0.09776900610542262,0.08284359364520595,0.4339728882610161
15,1.345,16.90651579411354,-1.4794241457475448,0.09730667436007993,0.0823034170098187,0.43031654890376836
15,1.3475,16.93610561799084,-1.4795580536658304,0.09684809346604908,0.08176778533667853,0.4267008568624741
15,1.35,16.965698108769388,-1.4796908379601976,0.09639322451953397,0.08123664815920784,0.4231252653806703
15,1.3525,16.995293244101443,-1.4798225110776928,0.09594202899279941,0.08070995568922913,0.41958923575764484
15,1.355,17.024891001886548,-1.4799530852982579,0.0954944687318075,0.08018765880696756,0.41609223722686783
15,1.3575,17.054491360268198,-1.4800825727371971,0.09505050595383698,0.07966970905121044,0.4126337468362156
15,1.36,17.08409429763055,-1.4802109853475967,0.09461010324508157,0.07915605860961371,0.40921324932993747
15,1.3625,17.113699792595238,-1.4803383349227122,0.09417322355822594,0.07864666030915227,0.4058302370323347
15,1.365,17.143307824018162,-1.4804646330983204,0.09373983021000903,0.07814146760671897,0.40248420973316285
15,1.3675,17.17291837098641,-1.4805898913550346,0.09330988687876557,0.0776404345798613,0.3991746745746951
15,1.37,17.202531412815127,-1.4807141210205843,0.09288335760195789,0.07714351591766276,0.39590114594046727
15,1.3725,17.232146929044504,-1.4808373332720608,0.09246020677368924,0.07665066691175819,0.3926631453456432
15,1.375,17.261764899436802,-1.4809595391381274,0.0920403991422065,0.07616184344748711,0.38946020132900605
15,1.3775,17.291385303973378,-1.4810807495012046,0.09162389980739259,0.07567700199518239,0.386291849346552
15,1.3800000000000001,17.321008122851786,-1.4812009750996031,0.09121067421824527,0.0751960996015878,0.38315763166664674
15,1.3825,17.350633336482936,-1.4813202265296477,0.09080068817034855,0.07471909388140772,0.38005709726674536
15,1.385,17.380260925488255,-1.4814385142477544,0.09039390780333514,0.07424594300898435,0.37698980173164315
15,1.3875,17.40989087069692,-1.4815558485724745,0.08999029959834276,0.07377660571010237,0.37395530715324643
15,1.3900000000000001,17.439523153143114,-1.4816722396865214,0.0895898303754611,0.07331104125391533,0.3709531820318248
15,1.3925,17.469157754063332,-1.4817876976387505,0.08919246729117666,0.0728492094449972,0.3679830011787504
15,1.395,17.49879465489373,-1.4819022323461217,0.08879817783581108,0.07239107061551359,0.36504434562068244
15,1.3975,17.528433837267485,-1.4820158535956218,0.08840692983095623,0.0719365856175115,0.36213680250518904
15,1.4,17.55807528301225,-1.4821285710461685,0.08801869142690552,0.07148571581532588,0.3592599650077777
35,0.0,11.090354888959125,-0.06250000000000003,0.0,11.5,22.999999999999996
35,0.0025,11.092926763962673,-0.06609375036228378,8.984377809391452e-06,11.47124999710173,23.000007192042116
35,0.005,11.095642389020643,-0.06968750319467082,3.59375508957248e-05,11.442499974442635,23.000032573263873
35,0.0075,11.098501764294685,-0.07328126179028278,8.085966305759848e-05,11.41374990567774,23.00008193638357
35,0.01,11.101504890096393,-0.0768750303564332,0.00014375100744427739,11.384999757148535,23.00016119108438
35,0.0125,11.10465176692425,-0.0804688140332488,0.00022461207391033812,11.35624948773401,23.000276368418618
35,0.015,11.107942395501325,-0.08406261891297591,0.00032344359785435605,11.327499048696192,23.000433625198653
35,0.0175,11.111376776813746,-0.08765645205997293,0.0004402466106133748,11.298748383520218,23.00063924837223
35,0.02,11.114954912149999,-0.09125032153138421,0.0005750224914845133,11.269997427748924,23.00089965938053
35,0.0225,11.11867680314107,-0.09484423639849471,0.0007277730214446267,11.241246108812046,23.001221418496844
35,0.025,11.122542451801449,-0.09843820676875913,0.0008985004386384398,11.212494345849928,23.001611229144054
35,0.0275,11.126551860571018,-0.10203224380850533,0.0010872074957050258,11.183742049531956,23.002075942188977
35,0.03,11.130705032357879,-0.10562635976630667,0.0012938975190119062,11.154989121869548,23.002622560211666
35,0.0325,11.135001970582126,-0.10922056799701815,0.0015185744698653803,11.126235456023856,23.00325824174777
35,0.035,11.139442679220577,-0.11281488298647473,0.0017612430077649987,11.0974809361082,23.003990305502022
35,0.0375,11.144027162852531,-0.11640932037684466,0.0020219085557693184,11.06872543698524,23.004826234530913
35,0.04,11.148755426706526,-0.12000389699263435,0.0023005773680392604,11.039968824058928,23.0057736803926
35,0.0425,11.153627476708177,-0.12359863086733809,0.0025972565996245037,11.011210953061294,23.006840467262034
35,0.045,11.158643319529068,-0.12719354127072935,0.0029119543785574263,10.982451669834164,23.008034596009296
35,0.0475,11.163802962636762,-0.13078864873678503,0.0032446798803180818,10.953690810105723,23.009364248239027
35,0.05,11.169106414345947,-0.13438397509223796,0.0035954434047326357,10.924928199262098,23.010837790288864
35,0.0525,11.174553683870716,-0.13797954348575164,0.003964256455366558,10.896163652113987,23.012463777184557
35,0.055,11.18014478137804,-0.14157537841770815,0.004351131821472687,10.867396972658335,23.014250956549752
35,0.0575,11.18587971804245,-0.14517150577060453,0.004756083662552883,10.838627953835164,23.016208272467637
35,0.06,11.191758506101932,-0.1487679528400473,0.005179127595590819,10.809856377279623,23.01834486929253
35,0.0625,11.197781158915088,-0.15236474836633998,0.005620280785011811,10.78108201306928,23.020670095408377
35,0.065,11.203947691019556,-0.15596192256665206,0.006079562035424174,10.75230461946678,23.023193506931783
35,0.0675,11.210258118191746,-0.15955950716776326,0.006556991887194928,10.723523942657895,23.025924871356672
35,0.07,11.216712457507883,-0.16315753543937145,0.007052592714910861,10.694739716485028,23.028874171137502
35,0.0725,11.223310727406405,-0.16675604222795676,0.0075663888287742925,10.665951662176344,23.032051607208313
35,0.075,11.230052947751716,-0.1703550639911889,0.008098406578980647,10.637159488070493,23.035467602433844
35,0.0775,11.236939139899333,-0.17395463883286894,0.008648674463123125,10.608362889337048,23.0391328049898
35,0.08,11.243969326762434,-0.17755480653839376,0.009217223236667243,10.579561547692851,23.043058091668108
35,0.0825,11.251143532879848,-0.18115560861073,0.009804086026536036,10.55075513111416,23.04725457110399
35,0.085,11.258461784485482,-0.18475708830688684,0.010409298447843577,10.521943293544902,23.05173358692003
35,0.08750000000000001,11.265924109579212,-0.18835929067487245,0.01103289872381252,10.493125674601023,23.05650672078371
35,0.09,11.273530537999285,-0.19196226259112117,0.011674927808907687,10.46430189927103,23.06158579537321
35,0.0925,11.281281101496202,-0.1955660527983777,0.012335429515215482,10.435471577612976,23.06698287724736
35,0.095,11.289175833808136,-0.19917071194402047,0.013014450642094704,10.406634304447836,23.07271027961388
35,0.0975,11.297214770737897,-0.20277629261880983,0.01371204110912179,10.377789659049519,23.078780564991305
35,0.1,11.305397950231441,-0.20638284939604443,0.014428254092348955,10.34893720483164,23.08520654775832
35,0.10250000000000001,11.31372541245797,-0.20999043887110444,0.015163146163890234,10.320076489031162,23.092001296584765
35,0.105,11.3221971998916,-0.21359911970136783,0.015916777434845986,10.291207042389056,23.099178136737944
35,0.1075,11.330813357394657,-0.21720895264647422,0.01668921170157178,10.26232837882821,23.106750652257304
35,0.11,11.339573932302578,-0.22082000060891996,0.01748051659529276,10.23343999512864,23.11473268799043
35,0.1125,11.34847897451043,-0.22443232867495796,0.018290763735059844,10.204541370600335,23.12313835148306
35,0.115,11.357528536561096,-0.22804600415578297,0.019120028884037566,10.175631966753738,23.131982014714634
35,0.11750000000000001,11.366722673735097,-0.23166109662897355,0.01996839210910875,10.14671122696821,23.141278315671524
35,0.12,11.376061444142078,-0.23527767798016805,0.020835937943773725,10.117778576158658,23.151042159748584
35,0.1225,11.385544908813962,-0.23889582244494467,0.021722755554316058,10.088833420440443,23.16128872097006
35,0.125,11.395173131799806,-0.242515606650878,0.02262893890919885,10.059875146792974,23.17203344301962
35,0.1275,11.404946180262305,-0.2461371096597407,0.02355458695164874,10.030903122722078,23.183292040069503
35,0.13,11.414864124576015,-0.2497604130098177,0.024499803775375948,10.00191669592146,23.195080497397345
35,0.1325,11.424927038427263,-0.2533856007583021,0.025464698803370822,9.972915193933584,23.207415071779742
35,0.135,11.435134998915748,-0.25701275952373,0.02644938696970756,9.943897923810159,23.220312291649982
35,0.1375,11.445488086657843,-0.26064197852842425,0.027453988904276392,9.914864171772608,23.233788957007455
35,0.14,11.455986385891597,-0.26427334964090304,0.028478631120355105,9.885813202872777,23.24786213906539
35,0.14250000000000002,11.466629984583433,-0.26790696741821085,0.029523446204919895,9.856744260654311,23.262549179622933
35,0.145,11.477418974536523,-0.2715429291481299,0.030588573011583776,9.827656566814962,23.27786769014699
35,0.1475,11.488353451500874,-0.2751813348912244,0.03167415685603841,9.798549320870205,23.293835550548216
35,0.15,11.499433515285064,-0.2788222875226684,0.03278034971386249,9.76942169981865,23.31047090763555
35,0.1525,11.510659269869663,-0.2824658927738058,0.03390731042054581,9.740272857809552,23.327792173232268
35,0.155,11.522030823522307,-0.2861122592733887,0.03505520487356332,9.711101925812892,23.34581802193603
35,0.1575,11.533548288914416,-0.2897614985884365,0.0362242062363186,9.681908011292514,23.364567388504813
35,0.16,11.545211783239523,-0.29341372526465653,0.03741449514375952,9.652690197882746,23.3840594648497
35,0.1625,11.557021428333236,-0.2970690568663628,0.03862625990945183,9.6234475450691,23.404313696614597
35,0.165,11.56897735079476,-0.3007276140158255,0.03985969673387832,9.594179087873396,23.425349779322424
35,0.1675,11.581079682109998,-0.30438952043198486,0.0411150099137123,9.564883836544123,23.447187654066266
35,0.17,11.593328558776179,-0.3080549029684536,0.04239241205179394,9.535560776252375,23.469847502723287
35,0.17250000000000001,11.605724122427993,-0.3117238916507333,0.04369212426751727,9.506208866794132,23.49334974266839
35,0.17500000000000002,11.618266519965191,-0.31539661971256366,0.04501437640731356,9.47682704229949,23.517715020963813
35,0.1775,11.630955903681633,-0.31907322363132223,0.04635940725489297,9.447414210949423,23.542964207999606
35,0.18,11.643792431395722,-0.32275384316238453,0.04772746474088369,9.417969254700925,23.56911839055985
35,0.1825,11.65677626658219,-0.32643862137235513,0.04911880615148084,9.388491029021159,23.59619886428804
35,0.185,11.669907578505194,-0.33012770467107383,0.05053369833569187,9.358978362631408,23.624227125524325
35,0.1875,11.683186542352663,-0.3338212428422922,0.0519724179107371,9.329430057261664,23.65322486248657
35,0.19,11.696613339371845,-0.33751938907292256,0.053435251465135884,9.299844887416617,23.683213945766596
35,0.1925,11.71018815700599,-0.34122229998074477,0.054922495758978125,9.270221600154043,23.714216418111654
35,0.195,11.723911189032115,-0.3449301356404585,0.05643445792084948,9.240558914876331,23.74625448346066
35,0.1975,11.737782635699773,-0.34864305960796305,0.0579714556408477,9.210855523136297,23.77935049520431
35,0.2,11.75180270387075,-0.3523612389427395,0.05953381735909179,9.181110088458086,23.81352694363671
35,0.2025,11.765971607159628,-0.35608484422820635,0.061121882449092176,9.151321246174348,23.84880644256606
35,0.20500000000000002,11.780289566075108,-0.3598140495899172,0.06273600139531371,9.121487603280661,23.88521171505102
35,0.20750000000000002,11.794756808162031,-0.363549032711456,0.06437653596422607,9.091607738308351,23.922765578228876
35,0.21,11.809373568143965,-0.36728997484789283,0.06604385936809688,9.061680201216856,23.961490927200686
35,0.2125,11.824140088066297,-0.3710370608366406,0.06773835642074498,9.031703513306875,24.001410717938708
35,0.215,11.8390566174397,-0.374790479105567,0.06946042368442847,9.001676167155463,24.042547949180218
35,0.2175,11.85412341338386,-0.3785504216781935,0.0712104696070022,8.971596626574451,24.08492564327198
35,0.22,11.869340740771356,-0.3823170841758166,0.07298891464843514,8.941463326593466,24.12856682592897
35,0.2225,11.884708872371567,-0.3860906658163812,0.07479619139573528,8.91127467346895,24.173494504870888
35,0.225,11.900228088994448,-0.38987136940992334,0.07663274466528408,8.881029044720613,24.21973164729966
35,0.2275,11.915898679634065,-0.39365940135040306,0.0784990315915384,8.850724789196775,24.267301156181414
35,0.23,11.931720941611736,-0.39745497160373405,0.0803955217010093,8.82036022717013,24.31622584529582
35,0.2325,11.94769518071859,-0.40125829369181654,0.08232269697038297,8.78993365046547,24.366528413016578
35,0.23500000000000001,11.96382171135742,-0.40506958467237303,0.08428105186759965,8.759443322621015,24.418231414786675
35,0.23750000000000002,11.98010085668365,-0.4088890651143764,0.08627109337465975,8.72888747908499,24.471357234252515
35,0.24,11.996532948745205,-0.4127169590688627,0.0882933409908774,8.698264327449099,24.525928053021502
35,0.2425,12.013118328621132,-0.4165534940349093,0.09034832671525565,8.667572047720725,24.58196581900887
35,0.245,12.029857346558764,-0.42039890092055204,0.09243659500660678,8.636808792635584,24.639492213339587
35,0.2475,12.046750362109199,-0.4242534139984187,0.09455870271999675,8.605972688012649,24.698528615773053
35,0.25,12.063797744260915,-0.42811727085584106,0.09671521901804273,8.575061833153272,24.759096068618938
35,0.2525,12.080999871571258,-0.4319907123392086,0.09890672525554954,8.544074301286331,24.82121523911448
35,0.255,12.09835713229559,-0.4358739824923239,0.10113381483592233,8.513008140061409,24.88490638023464
35,0.2575,12.11586992451386,-0.43976732848850747,0.10339709303775173,8.481861372091942,24.950189289908987
35,0.26,12.133538656254302,-0.44367100055620584,0.10569717680992294,8.450631995550353,25.017083268620812
35,0.2625,12.15136374561406,-0.44758525189784726,0.10803469453356207,8.419317984817221,25.08560707536679
35,0.265,12.169345620876385,-0.4515103386016847,0.11041028574909213,8.387917291186525,25.15577888195762
35,0.2675,12.18748472062421,-0.4554465195463693,0.11282460084663778,8.356427843629044,25.227616225643526
35,0.27,12.205781493849708,-0.45939405629798963,0.11527830071798412,8.324847549616084,25.301135960051383
35,0.2725,12.224236400059619,-0.46335321299931165,0.11777205636826392,8.293174296005507,25.3763542044235
35,0.275,12.242849909375956,-0.4673242562509544,0.12030654848552667,8.261405949992364,25.453286291152747
35,0.2775,12.261622502631807,-0.47130745498423543,0.12288246696631505,8.22954036012612,25.531946711611596
35,0.28,12.280554671461887,-0.4753030803254173,0.12550051039536328,8.197575357396662,25.612349060278216
35,0.28250000000000003,12.299646918387458,-0.4793114054510935,0.1281613854775179,8.165508756391247,25.694505977167022
35,0.28500000000000003,12.318899756895307,-0.48333270543444523,0.1308658064199749,8.133338356524435,25.77842908857615
35,0.28750000000000003,12.338313711510377,-0.4873672570821115,0.13361449426293076,8.10106194334311,25.864128946170336
35,0.29,12.357889317861684,-0.49141533876140975,0.13640817615674702,8.06867728990872,25.951614964422742
35,0.2925,12.37762712274112,-0.49547723021766016,0.1392475845837498,8.036182158258718,26.04089535644675
35,0.295,12.39752768415476,-0.4995532123813544,0.1421334565228003,8.003574300949163,26.131977068254006
35,0.2975,12.41759157136622,-0.5036435671649369,0.14506653255480892,7.970851462680506,26.224865711483005
35,0.3,12.437819364931718,-0.5077485772489556,0.14804755590740543,7.938011382008357,26.319565494649854
35,0.3025,12.458211656726323,-0.5118685258573613,0.15107727143702368,7.9050517931411095,26.416079152980032
35,0.305,12.478769049961025,-0.5160036965217354,0.15415642454672465,7.871970427826117,26.51440787688895
35,0.3075,12.499492159190126,-0.5201543728342418,0.1572857600381501,7.838765017326065,26.614551239187275
35,0.31,12.520381610308537,-0.5243208381891116,0.16046602089608292,7.805433294487111,26.716507121096008
35,0.3125,12.5414380405385,-0.5285033755124791,0.1636979470041862,7.771972995900166,26.820271637165867
35,0.315,12.562662098405259,-0.532702266980411,0.16698227379060177,7.738381864156712,26.92583905920512
35,0.3175,12.584054443701222,-0.5369177937249737,0.17031973080220889,7.704657650200211,27.033201739330075
35,0.32,12.605615747438113,-0.5411502355282222,0.17371104020648273,7.670798115774222,27.142350032262925
35,0.3225,12.627346691786666,-0.545399870503995,0.17715691522004104,7.636801035968039,27.2532722170125
35,0.325,12.649247970003309,-0.5496669747674332,0.18065805846313399,7.602664201860534,27.3659544180842
35,0.3275,12.67132028634341,-0.553951822092163,0.18421516023951523,7.568385423262699,27.48038052637719
35,0.33,12.693564355960554,-0.5582546835551035,0.187828896741328,7.533962531559174,27.596532119937994
35,0.3325,12.71598090479136,-0.5625758271688946,0.19149992817885755,7.499393382648843,27.71438838475184
35,0.335,12.738570669425359,-0.5669155175019628,0.19522889683523015,7.464675859984301,27.8339260357646
35,0.3375,12.761334396959418,-0.5712740152862769,0.19901642504639058,7.429807877709787,27.955119238340732
35,0.34,12.784272844836227,-0.5756515770128823,0.20286311310695543,7.394787383896941,28.077939530374447
35,0.3425,12.807386780666386,-0.580048454515329,0.2067695371028216,7.359612363877366,28.20235574528335
35,0.34500000000000003,12.830676982033555,-0.5844648945411531,0.21073624667171728,7.324280843670773,28.32833393612666
35,0.34750000000000003,12.854144236282263,-0.5889011383116046,0.21476376269319364,7.288790893507163,28.455837301101166
35,0.35000000000000003,12.87778934028785,-0.5933574210698603,0.21885257490990206,7.2531406314411155,28.58482611068108
35,0.3525,12.901613100208122,-0.5978339716179983,0.2230031394823458,7.217328227056012,28.7152576366785
35,0.355,12.92561633121627,-0.6023310118430569,0.22721587647967625,7.1813519052555455,28.847086083513748
35,0.3575,12.9497998572146,-0.6068487562325456,0.23149116730948094,7.145209950139634,28.98026252199478
35,0.36,12.97416451052871,-0.6113874113798277,0.23582935208992206,7.108900708961378,29.114734825916305
35,0.3625,12.99871113158165,-0.6159471754798346,0.2402307269679952,7.072422596161326,29.250447611798702
35,0.365,13.023440568547766,-0.620528237815633,0.24469554138811103,7.035774097474937,29.38734218209628
35,0.3675,13.048353676985796,-0.6251307782364112,0.24922399531564773,6.998953774108708,29.52535647221335
35,0.37,13.07345131945095,-0.629754966627507,0.25381623642057405,6.961960266979944,29.664425001674108
35,0.3725,13.098734365085631,-0.6344009623731504,0.2584723572267046,6.924792301014801,29.804478829798825
35,0.375,13.12420368918854,-0.6390689138126598,0.26319239223263036,6.88744868949872,29.94544551624594
35,0.3775,13.149860172761894,-0.643758957690876,0.26797631501083113,6.84992833847299,30.087249086782496
35,0.38,13.175704702036585,-0.6484712186036784,0.27282403529196875,6.812230251170571,30.22981000465028
35,0.3825,13.201738167975059,-0.6532058084394885,0.2777353960418386,6.774353532484092,30.3730451478964
35,0.385,13.227961465751791,-0.6579628258177239,0.2827101705389386,6.736297393458208,30.516867793037733
35,0.3875,13.254375494211265,-0.6627423555252157,0.28774805946109155,6.698061155798275,30.661187605427443
35,0.39,13.280981155303378,-0.6675444679516699,0.29284868799003216,6.659644256386639,30.80591063668977
35,0.3925,13.307779353496262,-0.672369218525303,0.2980116029433262,6.621046251797577,30.95093932958396
35,0.395,13.334770995166563,-0.6772166471498416,0.303236269943439,6.582266822801269,31.09617253065229
35,0.3975,13.361956987967242,-0.6820867776441277,0.3085220706342053,6.543305778846978,31.241505510998987
35,0.4,13.389338240173032,-0.6869796171856309,0.31386829995536214,6.504163062514952,31.38682999553621
35,0.4025,13.416915660003736,-0.6918951557592093,0.31927416348619164,6.464838753926324,31.53203420102043
35,0.405,13.44469015492562,-0.6968333656125232,0.32473877486968616,6.4253330750998146,31.6770028831884
35,0.40750000000000003,13.472662630931145,-0.7017942007195414,0.33026115332897565,6.385646394243667,31.821617393284562
35,0.41000000000000003,13.500833991797464,-0.7067775962536356,0.33584022128804936,6.345779229970917,31.965755744252164
35,0.41250000000000003,13.529205138324032,-0.7117834680717833,0.34147480210906045,6.305732255425735,32.109292686839105
35,0.41500000000000004,13.557776967549852,-0.7168117122114553,0.34716361795871187,6.265506302308357,32.252099795844906
35,0.4175,13.58655037195086,-0.7218622044017854,0.35290528781638614,6.225102364785718,32.394045566709046
35,0.42,13.61552623861808,-0.7269347995906473,0.35869832563679294,6.184521603274822,32.53499552261161
35,0.4225,13.64470544841721,-0.7320293314893004,0.36454113867996785,6.143765348085594,32.67481233222639
35,0.425,13.674088875130355,-0.737145612136273,0.3704320260214508,6.1028351029098165,32.81335593823233
35,0.4275,13.703677384580757,-0.7422834314821687,0.37636917725540825,6.061732548142649,32.95048369665351
35,0.43,13.733471833741339,-0.7474425569970958,0.38235067140333734,6.020459544023237,33.086050527060024
35,0.4325,13.763473069828038,-0.7526227333024121,0.38837447604078484,5.979018133580703,33.21990907362121
35,0.435,13.793681929378923,-0.75782368182848,0.3944384466542459,5.937410545372159,33.35190987696094
35,0.4375,13.824099237320166,-0.7630451005001113,0.40054032624006525,5.895639195999111,33.48190155672056
35,0.44,13.854725806020015,-0.7682866634513646,0.4066777451567328,5.853706692389085,33.60973100468866
35,0.4425,13.885562434331979,-0.773548020771336,0.4128482212414781,5.811615833829312,33.73524358831063
35,0.445,13.916609906628477,-0.778828798282539,0.4190491602014786,5.769369613739688,33.858283364341155
35,0.4475,13.947868991826315,-0.7841285973534472,0.4252778562893487,5.726971221172422,33.97869330235426
35,0.45,13.979340442405372,-0.7894469947467042,0.43153149327182455,5.684424042026369,34.09631551777379
35,0.4525,14.011024993421934,-0.7947835425044661,0.4378071456997573,5.641731659964273,34.21099151403738
35,0.455,14.042923361518236,-0.800137767872267,0.4441017804866232,5.598897857021864,34.322562433454756
35,0.4575,14.075036243929722,-0.8055091732627295,0.4504122588017797,5.555926613898161,34.4308693162697
35,0.46,14.1073643174917,-0.8108972362603571,0.45673533828366597,5.512822109917143,34.53575336738495
35,0.4625,14.139908237647,-0.8163014096685648,0.4630676755770139,5.4695887226514825,34.63705623015794
35,0.465,14.172668637456411,-0.8217211216000014,0.4694058291969538,5.426231027199984,34.734620266626244
35,0.4675,14.205646126613567,-0.8271557756111151,0.47574626272165205,5.3827537951110775,34.82828884347362
35,0.47000000000000003,14.238841290466164,-0.8326047508817991,0.48208534831381034,5.339161992945608,34.917906623001194
35,0.47250000000000003,14.272254689045237,-0.838067402440846,0.4884193705699907,5.295460780473232,35.003319858323565
35,0.47500000000000003,14.305886856104411,-0.8435430614378018,0.4947445306953373,5.251655508497585,35.084376691968515
35,0.47750000000000004,14.339738298170932,-0.8490310354616849,0.5010569509998114,5.207751716306521,35.16092745701919
35,0.48,14.373809493610423,-0.8545306089069014,0.5073526797105797,5.163755128744788,35.23282497990137
35,0.4825,14.408100891707198,-0.8600410433865375,0.5136276960937156,5.1196716529077,35.29992488388714
35,0.485,14.442612911762069,-0.8655615781930677,0.5198779158768336,5.075507374455457,35.362085892355566
35,0.4875,14.477345942209517,-0.871091430806367,0.5260991969627888,5.031268553549063,35.41917013082813
35,0.49,14.512300339756148,-0.8766297974487522,0.5322873454230367,4.986961620409982,35.47104342677463
35,0.4925,14.547476428542254,-0.88217585368663,0.5384381217577673,4.942593170506961,35.517575606170844
35,0.495,14.58287449932838,-0.8877287550781593,0.5445472474084461,4.898169959374723,35.55864078577752
35,0.4975,14.618494808708718,-0.8932876378661826,0.5506104115069603,4.853698897070539,35.594117660105006
35,0.5,14.654337578353072,-0.8988516197155105,0.5566232778441708,4.809187042275917,35.62388978202693
35,0.5025000000000001,14.690402994279221,-0.9044198004934905,0.5625814920393376,4.764641596052076,35.647845836011584
35,0.505,14.72669120615733,-0.9099912630926243,0.568480688890611,4.720069895259005,35.66587990294981
35,0.5075000000000001,14.763202326648088,-0.9155650742938437,0.5743164998855892,4.675479405649253,35.67789171557446
35,0.51,14.799936430776166,-0.9211402856688918,0.5800845608498229,4.630877714648864,35.68378690348776
35,0.5125,14.836893555340524,-0.9267159345201236,0.5857805197101432,4.586272523839012,35.683477226840374
35,0.515,14.87407369836303,-0.9322910448558633,0.5914000443487659,4.5416716411530915,35.67688079773873
35,0.5175,14.911476818576762,-0.9378646283993467,0.5969388305233271,4.497082972805228,35.66392228849489
35,0.52,14.949102834955319,-0.943435685629114,0.6023926098273221,4.452514514967088,35.64453312587705
35,0.5225,14.986951626284323,-0.9490032068486127,0.6077571576648628,4.407974345211097,35.618651670567274
35,0.525,15.025023030776273,-0.9545661732826372,0.6130283012132437,4.363470613738903,35.586223381086256
35,0.5275,15.063316845729718,-0.9601235581981162,0.6182019273464999,4.319011534415071,35.54720096150221
35,0.53,15.101832827233745,-0.9656743280466821,0.6232739904930232,4.2746053756265425,35.50154449230463
35,0.5325,15.140570689918523,-0.971217443626329,0.6282405204002617,4.230260450989368,35.44922154388834
35,0.535,15.17953010675269,-0.9767518612594177,0.6330976297796761,4.18598510992466,35.39020727216287
35,0.5375,15.218710708888091,-0.9822765339841911,0.6378415218054196,4.141787728126469,35.324484495876135
35,0.54,15.258112085552453,-0.9877904127569276,0.6424684974406172,4.097676697944579,35.25204375531507
35,0.5425,15.297733783990255,-0.9932924476617842,0.6469749625656926,4.053660418705728,35.17288335212413
35,0.545,15.337575309452152,-0.9987815891253828,0.6513574348839164,4.009747286996936,35.087009370061985
35,0.5475,15.377636125232975,-1.0042567891331393,0.6556125505801695,3.965945686934884,34.994435676596275
35,0.55,15.417915652758412,-1.0097170024443434,0.6597370707099164,3.922263980445253,34.895183905317886
35,0.5525,15.458413271720183,-1.0151611878029954,0.6637278872964674,3.8787104975760336,34.789283419237044
35,0.555,15.499128320259544,-1.0205883091414256,0.6675820291158473,3.8352935268685915,34.67677125510447
35,0.5575,15.540060095198719,-1.025997336773743,0.671296667149895,3.7920213058100574,34.557692048980094
35,0.56,15.581207852319833,-1.031387248576207,0.674869119689684,3.7489020113903453,34.432097943351216
35,0.5625,15.622570806690735,-1.0367570311516734,0.6782968570728464,3.705943750786612,34.300048476177516
35,0.5650000000000001,15.664148133037056,-1.0421056809753175,0.6815775060400139,3.663154552197452,34.16161045231488
35,0.5675,15.705938966159648,-1.047432205518926,0.6847088536972513,3.6205423558485927,34.01685779784128
35,0.5700000000000001,15.74794240139656,-1.0527356243511237,0.6876888510731088,3.5781150051910116,33.865871397875466
35,0.5725,15.790157495128454,-1.0580149702110215,0.6905156162606962,3.5358802383118286,33.70873891854431
35,0.5750000000000001,15.832583265326432,-1.0632692900528495,0.693187437137005,3.493845679577205,33.54555461381347
35,0.5775,15.875218692141004,-1.0684976460592714,0.6957027736535585,3.4520188315258307,33.37641911795337
35,0.58,15.918062718530953,-1.0736991166212095,0.6980602596943135,3.4104070670303215,33.201439224462
35,0.5825,15.96111425093066,-1.0788727972821228,0.7002587044986138,3.369017621743022,33.02072765231357
35,0.585,16.004372159954467,-1.0840178016448205,0.7022970936488212,3.327857586841433,32.834402800441644
35,0.5875,16.04783528113655,-1.0891332622390772,0.7041745896240947,3.286933902087383,32.64258849140212
35,0.59,16.091502415704664,-1.0942183313483869,0.7058905319235478,3.246253349212907,32.44541370519036
35,0.5925,16.13537233138612,-1.0992721817944429,0.7074444367637892,3.205822545644453,32.24301230421229
35,0.595,16.179443763244283,-1.1042940076780106,0.7088359963575093,3.165647938575915,32.03552275042765
35,0.5975,16.223715414543815,-1.1092830250750567,0.710065077781407,3.125735799399544,31.82308781569654
35,0.6,16.268185957642828,-1.1142384726871646,0.7111317214433142,3.0860922185026842,31.605854286369517
35,0.6025,16.312854034910163,-1.1191596124454029,0.7120361391597999,3.046723100436777,31.38397266316158
35,0.605,16.357718259665837,-1.1240457300670024,0.7127787118569631,3.007634159463979,31.15759685734966
35,0.6075,16.40277721714286,-1.1288961355643448,0.7133599869083546,2.9688309154852437,30.926883884322976
35,0.61,16.448029465468387,-1.1337101637059213,0.7137806751251782,2.93031869035263,30.691993555503498
35,0.6125,16.493473536662407,-1.1384871744291023,0.7140416474149895,2.8921026045671825,30.45308816963553
35,0.615,16.539107937651924,-1.1432265532046753,0.7141439311260502,2.854187574362598,30.210332204420133
35,0.6175,16.584931151298807,-1.1479277113532966,0.7140887060953875,2.816578309173626,29.963892009444375
35,0.62,16.630941637439307,-1.1525900863141214,0.7138773004193008,2.7792793094870314,29.71393550132365
35,0.6225,16.677137833933365,-1.157213141866029,0.7135111859657195,2.7422948650717704,29.460631861941607
35,0.625,16.723518157721866,-1.1617963683019994,0.712991973648292,2.705629053584002,29.20415124063404
35,0.6275000000000001,16.770081005889907,-1.1663392825573167,0.7123214084824981,2.669285739541464,28.94466446112276
35,0.63,16.816824756734285,-1.1708414282923953,0.7115013644443489,2.6332685736608363,28.68234273396216
35,0.6325000000000001,16.863747770833452,-1.175302375931163,0.7105338391524072,2.5975809925506965,28.417357375215392
35,0.635,16.91084839211805,-1.1797217226560106,0.7094209483939359,2.5622262187519147,28.14987953203044
35,0.6375000000000001,16.95812494894049,-1.1840990923604475,0.7081649205159216,2.52720726111642,27.880079915736392
35,0.64,17.00557575514172,-1.1884341355606738,0.7067680907016011,2.4925269155146106,27.60812854303129
35,0.6425,17.053199111113727,-1.1927265292673852,0.7052328951528659,2.458187765860919,27.334194485780817
35,0.645,17.1009933048561,-1.1969759768191812,0.7035618651986169,2.424192185446549,27.058445629896926
35,0.6475,17.148956613025195,-1.2011822076790402,0.7017576213487102,2.390542338567683,26.781048443712802
35,0.65,17.19708730197446,-1.205344977195364,0.6998228673126704,2.3572401824370868,26.502167756219468
35,0.6525,17.245383628784474,-1.2094640663291703,0.6977603840017849,2.3242874693666336,26.22196654547892
35,0.655,17.293843842281504,-1.213539281349031,0.6955730235325608,2.2916857492077503,25.94060573747677
35,0.6575,17.342466184043147,-1.2175704534954102,0.693263703248868,2.2594363720367157,25.65824401562987
35,0.66,17.39124888939003,-1.2215574386160892,0.690835399779342,2.2275404910712857,25.37503764111449
35,0.6625,17.440190188362354,-1.225500116774363,0.6882911431458475,2.1959990658050983,25.09114028413485
35,0.665,17.489288306680255,-1.229398391831736,0.6856340109379943,2.164812865346112,24.806702866205907
35,0.6675,17.538541466686954,-1.2332521910068384,0.6828671225678487,2.133982471945298,24.52187341348164
35,0.67,17.58794788827391,-1.2370614644122826,0.6799936336180928,2.1035082847017437,24.23679692111714
35,0.6725,17.637505789786914,-1.2408261845711912,0.6770167302960217,2.073390523430468,23.95161522861508
35,0.675,17.687213388912564,-1.2445463459151,0.6739396240048343,2.043629232679201,23.66646690606825
35,0.6775,17.737068903544262,-1.2482219642649204,0.6707655460427656,2.014224285880639,23.381487151175502
35,0.68,17.787070552627156,-1.2518530762966575,0.667497742439706,1.985175389626741,23.096807696875636
35,0.6825,17.83721655698142,-1.255439738993501,0.664139468940016,1.9564820880519942,22.81255672941326
35,0.685,17.88750514010339,-1.2589820290859204,0.6606939861393456,1.9281437673126305,22.52885881662215
35,0.6875,17.93793452894407,-1.262480042481341,0.6571645547823843,1.9001596601492718,22.245834846187158
35,0.6900000000000001,17.988502954664668,-1.265933893684924,0.653554431227559,1.8725288505206084,21.963601973620964
35,0.6925,18.03920865336878,-1.2693437152129718,0.6498668630838746,1.8452502782962208,21.682273579672863
35,0.6950000000000001,18.090049866811018,-1.272709657000391,0.6461050850242158,1.818322743996871,21.40195923686652
35,0.6975,18.141024843081812,-1.2760318858036142,0.6422723147786488,1.7917449135710861,21.122764684849127
35,0.7000000000000001,18.19213183726828,-1.2793105846003434,0.6383717493104615,1.7655153231972514,20.844791814219146
35,0.7025,18.243369112091038,-1.282545951987407,0.6344065611769356,1.7396323841007455,20.568138658489065
35,0.705,18.29473493851691,-1.2857382015779668,0.6303798950761274,1.7140943873762648,20.292899393829362
35,0.7075,18.346227596347546,-1.2888875613992783,0.6262948645802465,1.6888995088057734,20.019164346232703
35,0.71,18.397845374783934,-1.291994273292117,0.6221545490555817,1.664045813663062,19.747020005731613
35,0.7125,18.449586572967014,-1.2950585923129627,0.6179619907682984,1.6395312614962971,19.476549047298786
35,0.715,18.501449500494374,-1.2980807861399382,0.6137201921748857,1.6153537108804927,19.207830358057944
35,0.7175,18.55343247791334,-1.3010611344834755,0.6094321133954659,1.5915109241321952,18.940939070431746
35,0.72,18.60553383719056,-1.3039999285025978,0.6051006698677062,1.5680005719792167,18.67594660085513
35,0.7225,18.657751922158383,-1.3068974702276597,0.600728730178614,1.5448202381787222,18.412920693684843
35,0.725,18.71008508893828,-1.3097540719903344,0.5963191140710593,1.5219674240773209,18.1519254699395
35,0.7275,18.76253170634164,-1.3125700558615692,0.5918745906215074,1.499439553107446,17.893021480509898
35,0.73,18.815090156248235,-1.315345753098175,0.5873978765850972,1.4772339752145973,17.636265763485753
35,0.7325,18.867758833962746,-1.3180815035986855,0.5828916349038749,1.4553479712105188,17.381711905251308
35,0.735,18.920536148549694,-1.3207776553690174,0.5783584733737418,1.433778757047861,17.12941010501156
35,0.7375,18.973420523147247,-1.3234345639984786,0.5738009434654237,1.4125234880121724,16.879407242418665
35,0.74,19.026410395260232,-1.326052592146546,0.5692215392945668,1.3915792628276342,16.631746947978577
35,0.7425,19.079504217032884,-1.3286321090408553,0.5646226967358843,1.370943127673157,16.386469675927213
35,0.745,19.132700455501702,-1.3311734899867427,0.5600067926761453,1.3506120801060582,16.143612779277195
35,0.7475,19.185997592828958,-1.3336771158886667,0.5553761444006724,1.330583072890665,15.903210586746471
35,0.75,19.239394126517293,-1.3361433727837786,0.5507330091079234,1.3108530177297704,15.665294481292046
35,0.7525000000000001,19.2928885696059,-1.3385726513878717,0.5460795835466803,1.2914187888970254,15.429892979983679
35,0.755,19.34647945084879,-1.3409653466538984,0.5414180037703253,1.2722772267688118,15.197031814964616
35,0.7575000000000001,19.40016531487568,-1.3433218573432077,0.5367503450026603,1.2534251412543365,14.966734015257874
35,0.76,19.453944722335947,-1.3456425856096168,0.5320786216097413,1.2348593151230691,14.739019989189508
35,0.7625000000000001,19.507816250026234,-1.3479279365963879,0.5274047871722232,1.216576507228896,14.513907607211944
35,0.765,19.561778491002176,-1.3501783180461795,0.5227307346527427,1.1985734556305625,14.291412284922693
35,0.7675000000000001,19.61583005467481,-1.3523941399239554,0.518058296652938,1.1808468806083594,14.071547066085808
35,0.77,19.669969566892107,-1.3545758140528614,0.5133892457547734,1.163393487577107,13.854322705475418
35,0.7725,19.724195670006267,-1.3567237537630263,0.5087252949409227,1.1462099698957868,13.639747751372127
35,0.775,19.778507022927176,-1.3588383735532064,0.504068098089062,1.1292930115743482,13.427828627554618
35,0.7775,19.83290230116258,-1.3609200887651958,0.49941925053505665,1.1126392898784327,13.218569714640514
35,0.78,19.887380196845537,-1.3629693152708902,0.4947802897001031,1.0962454778328845,13.011973430640449
35,0.7825,19.94193941874955,-1.3649864691718596,0.4901526957770569,1.080108246625123,12.808040310600964
35,0.785,19.996578692291948,-1.3669719665112965,0.4855378924713098,1.0642242679096239,12.606769085222048
35,0.7875,20.051296759526018,-1.3689262229981536,0.4809372477916771,1.0485902160147713,12.408156758344102
35,0.79,20.10609237912229,-1.3708496537432933,0.4763520748869724,1.0332027700536546,12.212198683210314
35,0.7925,20.160964326339553,-1.372742673007459,0.4717836329240424,1.0180586159403258,12.01888863741851
35,0.795,20.215911392985998,-1.374605693960847,0.4672331280032131,1.0031544483132244,11.828218896485755
35,0.7975,20.27093238737097,-1.376439128454055,0.46270171410725935,0.9884869723675646,11.640180305957921
35,0.8,20.326026134247805,-1.3782433868001869,0.4581904940801515,0.974052905598505,11.454762352003785
35,0.8025,20.381191474748135,-1.3800188775678655,0.4537005206320149,0.9598489794570777,11.271953230441845
35,0.805,20.43642726630817,-1.3817660073848992,0.4492327973668685,0.9458719409208016,11.091739914154385
35,0.8075,20.49173238258729,-1.3834851807523618,0.4447882798299067,0.9321185539811015,10.91410821885153
35,0.81,20.547105713379445,-1.3851767998688094,0.4403678765712013,0.9185856010495248,10.739042867153207
35,0.8125,20.602546164517683,-1.3868412644643806,0.43597245022289766,0.9052698842849524,10.56652755096443
35,0.8150000000000001,20.658052657772288,-1.3884789716445125,0.4316028185871074,0.8921682268438986,10.396544992124232
35,0.8175,20.713624130742783,-1.3900903157429871,0.4272597557318663,0.8792774740561031,10.229077001314684
35,0.8200000000000001,20.76925953674431,-1.391675688184055,0.4229439930926625,0.8665944945275603,10.064104535220999
35,0.8225,20.824957844688623,-1.3932354773533493,0.41865622057720014,0.854116181173202,9.901607751939029
35,0.8250000000000001,20.880718038960097,-1.3947700684773205,0.4143970876712009,0.841839452181434,9.741566064630616
35,0.8275,20.9365391192871,-1.3962798435109178,0.41016720454317035,0.8297612519126562,9.583958193431203
35,0.8300000000000001,20.99242010060903,-1.3977651810332465,0.4059671431462214,0.8178785517340247,9.428762215618438
35,0.8325,21.048360012939284,-1.399226456150929,0.40179743831514986,0.8061883507925686,9.275955614053546
35,0.835,21.104357901224592,-1.4006640404088975,0.397658588857095,0.79468767672882,9.12551532391053
35,0.8375,21.16041282520087,-1.4020783017083622,0.39355105863424283,0.7833735863331055,8.977417777711398
35,0.84,21.21652385924593,-1.4034696042316763,0.38947527763714956,0.7722431661465874,8.8316389486882
35,0.8425,21.272690092229364,-1.4048383083738576,0.38543164304735805,0.7612935330091336,8.688154392494752
35,0.845,21.328910627359768,-1.4061847706804922,0.38142052028811396,0.7505218345560644,8.546939287293617
35,0.8475,21.385184582029623,-1.4075093437917738,0.37744224406208604,0.7399252496658091,8.407968472245631
35,0.85,21.44151108765808,-1.4088123763924496,0.3734971193750693,0.729500988860403,8.271216484430601
35,0.8525,21.49788928953181,-1.4100942131673968,0.36958542254479076,0.7192462946608285,8.136657594230048
35,0.855,21.55431834664422,-1.4113551947626177,0.3657074021939909,0.7091584418990571,8.00426583920366
35,0.8575,21.61079743153322,-1.4125956577514165,0.36186328022705305,0.6992347379886693,7.874015056492242
35,0.86,21.667325730117703,-1.4138159346055146,0.35805325278954536,0.6894725231558849,7.745878913781404
35,0.8625,21.72390244153299,-1.415016353670906,0.3542774912100954,0.6798691706327539,7.619830938860273
35,0.865,21.78052677796538,-1.4161972391482158,0.3505361429241214,0.6704220868142795,7.495844547811076
35,0.8675,21.83719796448606,-1.4173589110773614,0.346829332378977,0.6611287113811136,7.373893071864903
35,0.87,21.89391523888436,-1.4185016853263084,0.3431571619201766,0.6519865173895317,7.253949782960531
35,0.8725,21.950677851500803,-1.4196258735837224,0.339519712658382,0.6429930113302205,7.135987918042199
35,0.875,22.007485065059775,-1.4207317833553148,0.3359170453169302,0.6341457331574791,7.019980702133398
35,0.8775000000000001,22.064336154502243,-1.4218197179637104,0.33234920105971294,0.6254422562903152,6.905901370223172
35,0.88,22.121230406818455,-1.4228899765516354,0.32881620229928177,0.6168801875869173,6.79372318800169
35,0.8825000000000001,22.17816712088087,-1.4239428540882633,0.32531805348508835,0.608457167293895,6.683419471481402
35,0.885,22.23514560727741,-1.4249786413785408,0.32185474187182544,0.6001708689716737,6.574963605540179
35,0.8875000000000001,22.292165188145084,-1.4259976250753268,0.31842623826787697,0.5920189993973811,6.4683290614224545
35,0.89,22.349225197004227,-1.4270000876941926,0.3150324977639017,0.5839992984464608,6.363489413233716
35,0.8925000000000001,22.406324978593343,-1.427986307630712,0.31167346044164496,0.5761095389543037,6.260418353463825
35,0.895,22.46346388870467,-1.4289565591801179,0.3083490520630768,0.5683475265590557,6.159089707573707
35,0.8975,22.520641294020614,-1.429911112559156,0.3050591847399961,0.5607110995267547,6.059477447679565
35,0.9,22.577856571951084,-1.4308502339300107,0.30180375758426964,0.5531981285599126,5.961555705368289
35,0.9025,22.6351091104718,-1.4317741854261734,0.29858265733890416,0.5458065165906126,5.865298783677187
35,0.905,22.69239830796371,-1.4326832251801098,0.2953957589901473,0.5385341985591181,5.770681168270024
35,0.9075,22.74972357305354,-1.4335776073526234,0.2922429263608746,0.5313791411790125,5.677677537841518
35,0.91,22.807084324455506,-1.434457582163775,0.28912401268550575,0.5243393426898014,5.586262773781055
35,0.9125,22.864479990814367,-1.4353233959252674,0.2860388611667168,0.5174128325978644,5.4964119691258775
35,0.915,22.921910010549734,-1.436175291074167,0.28298730551424556,0.5105976714066631,5.408100436833502
35,0.9175,22.97937383170179,-1.437013506207873,0.27996917046608333,0.5038919503370131,5.321303717402114
35,0.92,23.036870911778422,-1.4378382761202237,0.27698427229235756,0.497293791038215,5.235997585866873
35,0.9225,23.09440071760381,-1.4386498318386465,0.2740324192822414,0.4908013452908286,5.152158058199764
35,0.925,23.151962725168556,-1.439448400662275,0.27111341221420304,0.4844127947017975,5.0697613971392235
35,0.9275,23.20955641948128,-1.4402342062009212,0.2682270448099454,0.47812635039263424,4.988784117475609
35,0.93,23.267181294421903,-1.4410074684148355,0.2653731041723671,0.4719402526813176,4.909202990817288
35,0.9325,23.32483685259641,-1.4417684036551797,0.26255137120790567,0.4658527707585606,4.830995049861916
35,0.935,23.382522605193348,-1.4425172247051228,0.2597616210336015,0.4598622023590179,4.754137592196086
35,0.9375,23.440238071841918,-1.4432541408214952,0.2570036233692452,0.45396687342803865,4.6786081836463485
35,0.9400000000000001,23.497982780471784,-1.4439793577769389,0.25427714291496206,0.448165137784492,4.604384661203477
35,0.9425,23.55575626717452,-1.4446930779024745,0.2515819397145923,0.4424553767802021,4.5314451355413485
35,0.9450000000000001,23.613558076066838,-1.4453955001304417,0.24891776950522163,0.43683599895646585,4.459767993150859
35,0.9475,23.671387759155486,-1.4460868200377328,0.24628438405322017,0.4313054396981386,4.389331898108782
35,0.9500000000000001,23.7292448762039,-1.4467672298892824,0.24368153147715216,0.4258621608857369,4.320115793500758
35,0.9525,23.787128994600604,-1.4474369186817573,0.241108956557894,0.4205046505459464,4.252098902516575
35,0.9550000000000001,23.845039689229363,-1.4480960721873772,0.23856640103633037,0.4152314225009771,4.1852607292358055
35,0.9575,23.902976542341055,-1.4487448729978605,0.23605360389896726,0.41004101601711535,4.119581059120699
35,0.96,23.960939143427364,-1.4493835005683968,0.23357030165180348,0.4049319954528254,4.055039959232699
35,0.9625,24.018927089096184,-1.4500121312616554,0.23111622858281014,0.39990294990675507,3.9916177781885236
35,0.965,24.07693998294879,-1.4506309383917564,0.22869111701335365,0.39495249286595085,3.929295145870932
35,0.9675,24.13497743545879,-1.4512400922681783,0.22629469753888412,0.39007926185457,3.868052972908568
35,0.97,24.193039063852808,-1.4518397602395756,0.2239266992592313,0.38528191808339163,3.807872449939102
35,0.9725,24.251124491992922,-1.4524301067374534,0.22158684999882255,0.3805591461003745,3.748735046668907
35,0.975,24.30923335026085,-1.4530112933196873,0.21927487651713454,0.37590965344250293,3.690622510742041
35,0.9775,24.367365275443895,-1.4535834787138548,0.21699050470970094,0.37133217028916793,3.633516866430978
35,0.98,24.425519910622544,-1.4541468188603386,0.21473345979997616,0.36682544911729037,3.577400413160786
35,0.9825,24.4836969050599,-1.454701466955203,0.21250346652234797,0.36238826435837895,3.522255723877855
35,0.985,24.541895914092713,-1.4552475734927848,0.21030024929660515,0.35801941205772697,3.468065643274171
35,0.9875,24.60011659902419,-1.4557852863080114,0.20812353239413553,0.35371770953591,3.4148132858771794
35,0.99,24.658358627018433,-1.4563147506184062,0.20597304009614326,0.34948199505275174,3.3624820340151946
35,0.9925,24.716621670996613,-1.4568361090657622,0.20384849684415188,0.3453111274739002,3.311055535667562
35,0.995,24.77490540953473,-1.4573495017574785,0.20174962738307156,0.3412039859401713,3.260517702208676
35,0.9975,24.83320952676308,-1.4578550663075305,0.19967615689708088,0.3371594695397599,3.2108527060541516
35,1.0,24.89153371226733,-1.4583529378770677,0.1976278111385862,0.33317649698345997,3.1620449782173794
35,1.0025,24.949877660991206,-1.4588432492146266,0.1956043165505034,0.32925400628298546,3.114079205784098
35,1.0050000000000001,25.00824107314079,-1.4593261306959378,0.19360540038210647,0.32539095443249877,3.0669403293123465
35,1.0075,25.06662365409038,-1.459801710363321,0.19163079079867773,0.3215863170934323,3.020613540164738
35,1.01,25.125025114289976,-1.460270113964665,0.1896802169851872,0.3178390882826759,2.9750842777796245
35,1.0125,25.183445169174217,-1.4607314649919716,0.18775340924423373,0.3141482800642287,2.9303382268875984
35,1.0150000000000001,25.241883539072973,-1.4611858847194583,0.18585009908844588,0.31051292224433347,2.886361314678962
35,1.0175,25.30033994912332,-1.4616334922412237,0.18397001932757992,0.30693206207021045,2.8431397079282372
35,1.02,25.358814129183145,-1.4620744045084524,0.18211290415049333,0.30340476393238297,2.8006598100806355
35,1.0225,25.417305813746122,-1.462508736366164,0.18027848920221165,0.2999301090706835,2.7589082583058557
35,1.025,25.475814741858215,-1.4629366005895057,0.17846651165627153,0.2965071952839516,2.717871920523826
35,1.0275,25.534340657035596,-1.4633581079195666,0.176676710282532,0.29313513664346746,2.677537892406994
35,1.03,25.592883307183975,-1.4637733670987312,0.17490882551063397,0.28981306321014955,2.637893494363412
35,1.0325,25.651442444519386,-1.46418248490556,0.1731625994892781,0.28654012075551927,2.598926268504546
35,1.035,25.710017825490283,-1.4645855661891893,0.1714377761415054,0.2833154704864847,2.560623975601845
35,1.0375,25.76860921070109,-1.4649827139032612,0.16973410121612625,0.28013828877391017,2.522974592035321
35,1.04,25.82721636483699,-1.4653740291393718,0.16805132233547754,0.2770077668850267,2.4859663067378333
35,1.0425,25.88583905659016,-1.465759611160045,0.16638918903964278,0.2739231107196424,2.4495875181379243
35,1.045,25.944477058587246,-1.4661395574312266,0.1647474528272999,0.27088354055018754,2.4138268311044153
35,1.0475,26.003130147318124,-1.4665139636543039,0.1631258671933333,0.2678882907655705,2.378673053895416
35,1.05,26.061798103065957,-1.4668829237976448,0.16152418766334928,0.264936609618844,2.344115195114366
35,1.0525,26.1204807098385,-1.4672465301276654,0.15994217182523526,0.262027758978674,2.31014246067559
35,1.055,26.179177755300653,-1.4676048732394271,0.15837957935788205,0.2591610140845844,2.2767442507815305
35,1.0575,26.237889030708182,-1.4679580420867508,0.1568361720572117,0.25633566330599006,2.243910156913982
35,1.06,26.29661433084267,-1.4683061240118802,0.15531171385961096,0.2535510079049594,2.211629958841024
35,1.0625,26.355353453947654,-1.468649204774659,0.15380597086290598,0.25080636180272303,2.17989362164174
35,1.065,26.414106201665902,-1.468987368581264,0.1523187113449807,0.24810105134988525,2.148691292750285
35,1.0675000000000001,26.47287237897782,-1.4693206981124611,0.150849705780149,0.24543441510031436,2.118013299020898
35,1.07,26.531651794140988,-1.4696492745514134,0.14939872685338854,0.24280580358869314,2.0878501438153694
35,1.0725,26.590444258630846,-1.4699731776110394,0.14796554947253207,0.24021457911168712,2.0581925041142033
35,1.075,26.64924958708237,-1.4702924855609094,0.14654995077852243,0.23766011551272304,2.0290312276528795
35,1.0775000000000001,26.708067597232912,-1.4706072752537114,0.14515171015380954,0.2351417979703099,2.0003573300840993
35,1.08,26.766898109866005,-1.4709176221512612,0.14377060922899937,0.2326590227899119,1.9721619921673437
35,1.0825,26.82574094875629,-1.4712236003500871,0.14240643188782232,0.2302111971993011,1.9444365569864106
35,1.085,26.884595940615366,-1.4715252826065781,0.1410589642705184,0.22779773914737833,1.9171725271959859
35,1.0875000000000001,26.943462915038705,-1.4718227403616986,0.13972799477571116,0.22541807710641412,1.890361562297902
35,1.09,27.002341704453514,-1.4721160437652905,0.13841331406085247,0.22307164987767533,1.8639954759478488
35,1.0925,27.06123214406756,-1.4724052616999495,0.137114715041311,0.2207579064004055,1.8380662332931321
35,1.095,27.12013407181898,-1.472690461804488,0.13583199288816938,0.2184763055640978,1.812565948341953
35,1.0975,27.179047328326956,-1.4729717104969926,0.13456494502481312,0.2162263160240574,1.7874868813648828
35,1.1,27.237971756843372,-1.4732490729974785,0.13331337112235805,0.21400741602017082,1.7628214363287014
35,1.1025,27.2969072032053,-1.4735226133501396,0.13207707309399885,0.21181909319888145,1.7385621583632185
35,1.105,27.35585351578845,-1.4737923944452134,0.13085585508832082,0.20966084443829464,1.7147017312611397
35,1.1075,27.41481054546141,-1.47405847804045,0.12964952348164702,0.20753217567639795,1.6912329750114214
35,1.11,27.47377814554079,-1.4743209247822073,0.12845788686947068,0.20543260174233877,1.6681488433662288
35,1.1125,27.532756171747163,-1.4745797942261596,0.1272807560570243,0.20336164619072342,1.645442421441647
35,1.115,27.59174448216185,-1.4748351448576384,0.1261179440490429,0.20131884113889623,1.6231069233523185
35,1.1175,27.65074293718453,-1.475087034111607,0.12496926603876139,0.19930372710714603,1.6011356898799813
35,1.12,27.709751399491587,-1.475335518392272,0.12383453939620628,0.1973158528618213,1.5795221861761004
35,1.1225,27.768769733995278,-1.4755806530923408,0.12271358365580987,0.1953547752612768,1.5582599994983815
35,1.125,27.827797807803666,-1.4758224926119197,0.12160622050340632,0.19342005910464294,1.5373428369813342
35,1.1275,27.886835490181262,-1.4760610903770808,0.12051227376263984,0.1915112769833544,1.5167645234406812
35,1.1300000000000001,27.945882652510463,-1.4762964988580745,0.11943156938082941,0.1896280091354026,1.4965189992115828
35,1.1325,28.004939168253628,-1.4765287695872162,0.11836393541432706,0.18776984330227234,1.4766003180205414
35,1.135,28.064004912915973,-1.476757953176436,0.11730920201340236,0.18593637458850937,1.45700264489079
35,1.1375,28.123079764009052,-1.4769840993345122,0.11626720140669716,0.1841272053239008,1.4377202540811245
35,1.1400000000000001,28.18216360101501,-1.477207256883976,0.11523776788526761,0.18234194492819047,1.4187475270577727
35,1.1425,28.24125630535141,-1.4774274737777089,0.11422073778626417,0.18058020977832964,1.400078950499338
35,1.145,28.300357760336844,-1.4776447971152271,0.11321594947626198,0.1788416230781855,1.3817091143343503
35,1.1475,28.35946785115707,-1.477859273158664,0.11222324333428255,0.17712581473069047,1.363632709811342
35,1.1500000000000001,28.418586464831847,-1.4780709473484523,0.111242461734528,0.175432421212382,1.3458445276010946
35,1.1525,28.477713490182374,-1.4782798643187134,0.11027344902885565,0.17376108545029173,1.3283394559308042
35,1.155,28.53684881779933,-1.478486067912356,0.10931605152902019,0.17211145670115535,1.3111124787498907
35,1.1575,28.595992340011566,-1.4786896011958899,0.10837011748869851,0.17048319043288118,1.294158673927052
35,1.16,28.655143950855262,-1.4788905064739664,0.10743549708533524,0.16887594820827098,1.2774732114784215
35,1.1625,28.71430354604383,-1.4790888253036354,0.10651204240181135,0.16728939757091857,1.2610513518262783
35,1.165,28.77347102293821,-1.4792845985083403,0.10559960740797561,0.16572321193328252,1.2448884440882018
35,1.1675,28.832646280517856,-1.4794778661916423,0.10469804794204084,0.16417707046686453,1.2289799243961161
35,1.17,28.89182921935219,-1.4796686677506905,0.10380722169187653,0.16265065799447984,1.2133213142450323
35,1.1725,28.951019741572612,-1.479857041889429,0.10292698817620898,0.16114366488456916,1.1979082188710497
35,1.175,29.010217750845023,-1.4800430266315605,0.102057208725746,0.15965578694752067,1.1827363256582604
35,1.1775,29.069423152342885,-1.4802266593332538,0.10119774646424572,0.15818672533396796,1.1678014025742267
35,1.18,29.128635852720777,-1.4804079766956226,0.10034846628953698,0.15673618643501874,1.1530992966335765
35,1.1825,29.187855760088407,-1.48058701477695,0.09950923485451779,0.15530388178439955,1.1386259323894778
35,1.185,29.24708278398516,-1.4807638090046935,0.09867992054812949,0.1538895279624535,1.124377310452436
35,1.1875,29.306316835355112,-1.480938394187252,0.0978603934763347,0.15249284650198458,1.1103495060361965
35,1.19,29.36555782652248,-1.4811108045255128,0.09705052544310051,0.15111356379589733,1.096538667530265
35,1.1925000000000001,29.424805671167558,-1.4812810736241742,0.09625018993140338,0.14975141100660538,1.0829410150987022
35,1.195,29.48406028430307,-1.4814492345028525,0.09545926208426575,0.14840612397717742,1.0695528393048104
35,1.1975,29.54332158225104,-1.4816153196069775,0.09467761868583104,0.14707744314417948,1.0563704997612784
35,1.2,29.60258948261997,-1.481779360818475,0.09390513814249576,0.14576511345220175,1.0433904238055085
35,1.2025000000000001,29.661863904282576,-1.4819413894662488,0.09314170046409327,0.14446888427000837,1.0306091051995743
35,1.205,29.72114476735381,-1.4821014363364604,0.09238718724515453,0.14318850930831456,1.018023102854615
35,1.2075,29.780431993169405,-1.482259531682609,0.09164148164623905,0.14192374653913,1.005629039579114
35,1.21,29.839725504264734,-1.4824157052354174,0.09090446837535333,0.14067435811665904,0.9934236008507981
35,1.2125000000000001,29.89902522435412,-1.4825699862125354,0.09017603366945896,0.13944011029972003,0.9814035336117118
35,1.215,29.958331078310472,-1.4827224033280433,0.08945606527607845,0.1382207733756533,0.9695656450861184
35,1.2175,30.01764299214535,-1.4828729848017872,0.08874445243500732,0.13701612158570145,0.9579068016208642
35,1.22,30.076960892989398,-1.483021758368524,0.08804108586013036,0.13582593305181115,0.94642392754776
35,1.2225,30.13628470907306,-1.4831687512868925,0.0873458577213603,0.13464998970485972,0.9351140040677416
35,1.225,30.195614369707794,-1.483313990348219,0.08665866162668893,0.13348807721424805,0.9239740681562834
35,1.2275,30.254949805267465,-1.4834575018851424,0.08597939260437028,0.1323399849188617,0.913001211489864
35,1.23,30.31429094717024,-1.4835993117800812,0.08530794708522647,0.1312055057593501,0.9021925793929696
35,1.2325,30.373637727860707,-1.483739445473535,0.08464422288509063,0.13008443621171703,0.8915453698053974
35,1.235,30.432990080792383,-1.4838779279722272,0.08398811918738516,0.12897657622218484,0.8810568322694438
35,1.2375,30.49234794041049,-1.4840147838570856,0.08333953652583985,0.12788172914331455,0.8707242669366391
35,1.24,30.551711242135116,-1.4841500372910803,0.08269837676735496,0.126799701671357,0.860545023593704
35,1.2425,30.611079922344643,-1.4842837120269,0.08206454309500659,0.12573030378480302,0.8505165007073301
35,1.245,30.670453918359474,-1.4844158314144837,0.08143793999120684,0.12467334868412751,0.8406361444875465
35,1.2475,30.72983316842606,-1.4845464184084147,0.08081847322100816,0.12362865273267992,0.8309014479692084
35,1.25,30.789217611701282,-1.48467549557516,0.08020604981556638,0.12259603539872163,0.8213099501113997
35,1.2525,30.848607188237015,-1.484803085100178,0.07960057805575604,0.12157531919857306,0.811859234914345
35,1.2550000000000001,30.90800183896506,-1.4849292087948929,0.07900196745594325,0.12056632964085552,0.8025469305535415
35,1.2575,30.967401505682286,-1.485053888103525,0.07841012874791764,0.11956889517180544,0.7933707085307998
35,1.26,31.026806131036132,-1.4851771441097963,0.07782497386498115,0.11858284712163486,0.7843282828418356
35,1.2625,31.086215658510255,-1.485298997543509,0.07724641592620327,0.11760801965193204,0.7754174091602014
35,1.2650000000000001,31.145630032410562,-1.4854194687869928,0.0766743692208304,0.11664424970405868,0.7666358840371111
35,1.2675,31.20504919785138,-1.4855385778814312,0.07610874919286523,0.11569137694855068,0.7579815441170165
35,1.27,31.264473100741984,-1.4856563445330655,0.07554947242580415,0.1147492437354804,0.7494522653685078
35,1.2725,31.323901687773294,-1.4857727881192782,0.07499645662754086,0.11381769504577545,0.7410459623303315
35,1.2750000000000001,31.383334906404855,-1.4858879276945667,0.07444962061543364,0.11289657844347013,0.7327605873722034
35,1.2775,31.442772704852022,-1.486001781996392,0.07390888430153623,0.1119857440288685,0.7245941299701393
35,1.28,31.502215032073405,-1.4861143694509236,0.07337416867799587,0.1110850443926121,0.7165446159960535
35,1.2825,31.56166183775854,-1.486225708178673,0.0728453958026109,0.11019433457061513,0.7086101070212826
35,1.285,31.62111307231574,-1.4863358160000157,0.072322488784559,0.1093134719998747,0.7007886996338744
35,1.2875,31.68056868686026,-1.486444710440611,0.07180537177028361,0.108442316475114,0.6930785247692562
35,1.29,31.740028633202527,-1.4865524087367175,0.07129396992954994,0.1075807301062647,0.6854777470541428
35,1.2925,31.79949286383675,-1.486658927840406,0.07078820944165985,0.10672857727675206,0.6779845641633184
35,1.295,31.85896133192962,-1.486764284424677,0.07028801748183246,0.10588572460258272,0.6705972061891263
35,1.2975,31.91843399130924,-1.4868684948884736,0.06979332220774678,0.10505204089220908,0.6633139350233767
35,1.3,31.977910796454278,-1.4869715753616048,0.06930405274624553,0.10422739710716,0.6561330437514369
35,1.3025,32.037391702483276,-1.4870735417095724,0.06882013918020187,0.10341166632342305,0.6490528560582844
35,1.305,32.09687666514424,-1.4871744095383057,0.06834151253554305,0.10260472369355568,0.6420717256462406
35,1.3075,32.15636564080422,-1.487274194198809,0.06786810476843992,0.10180644640952875,0.6351880356642483
35,1.31,32.215858586439346,-1.4873729107917175,0.06739984875264725,0.10101671366626166,0.6284001981483339
35,1.3125,32.275355459624826,-1.4874705741717678,0.06693667826700747,0.1002354066258605,0.6217066534731578
35,1.315,32.334856218525196,-1.4875671989521835,0.06647852798311095,0.09946240838253412,0.6151058698143823
35,1.3175000000000001,32.39436082188479,-1.4876627995089793,0.06602533345310786,0.09869760392816848,0.6085963426216063
35,1.32,32.453869229018274,-1.48775738998518,0.06557703109768064,0.09794088011856418,0.6021765941017505
35,1.3225,32.51338139980148,-1.4878509842949628,0.06513355819416321,0.09719212564030055,0.5958451727125682
35,1.325,32.572897294662276,-1.4879435961277196,0.06469485286482009,0.09645123097824071,0.5896006526662136
35,1.3275000000000001,32.63241687457168,-1.4880352389520453,0.06426085406526914,0.09571808838363705,0.5834416334425292
35,1.33,32.691940101035115,-1.488125926019644,0.06383150157305986,0.09499259184284993,0.5773667393119779
35,1.3325,32.75146693608377,-1.4882156703691685,0.06340673597639876,0.09427463704665257,0.5713746188679634
35,1.335,32.81099734226622,-1.4883044848299862,0.06298649866301946,0.09356412136011166,0.5654639445683409
35,1.3375000000000001,32.870531282640066,-1.4883923820258698,0.06257073180920385,0.09286094379304347,0.5596334122860052
35,1.34,32.930068720763806,-1.4884793743786229,0.06215937836894254,0.09216500497101594,0.5538817408682782
35,1.3425,32.989609620688846,-1.4885654741116365,0.06175238206324421,0.09147620710690717,0.5482076717050209
35,1.345,33.049153946951606,-1.4886506932533767,0.061349687369580984,0.09079445397298688,0.5426099683051897
35,1.3475,33.1087016645658,-1.488735043640808,0.06095123951148076,0.09011965087353328,0.5370874158817805
35,1.35,33.16825273901488,-1.4888185369227562,0.06055698444825237,0.0894517046179531,0.5316388209448767
35,1.3525,33.227807136244486,-1.4889011845631983,0.06016686886485551,0.08879052349441621,0.526263010902758
35,1.355,33.28736482265522,-1.4889829978445037,0.05978084016189955,0.08813601724397203,0.5209588336707794
35,1.3575,33.346925765095385,-1.4890639878706053,0.05939884644578285,0.08748809703515967,0.5157251572879817
35,1.36,33.40648993085393,-1.4891441655701139,0.05902083651896457,0.08684667543908933,0.5105608695412159
35,1.3625,33.46605728765347,-1.4892235416993773,0.0586467598703658,0.0862116664049864,0.5054648775966213
35,1.365,33.52562780364351,-1.4893021268454756,0.05827656666590491,0.08558298523619619,0.5004361076383574
35,1.3675,33.585201447393686,-1.4893799314291714,0.057910207739158406,0.0849605485666305,0.49547350451438804
35,1.37,33.644778187887184,-1.489456965707793,0.057547634582154124,0.08434427433766002,0.4905760313892407
35,1.3725,33.70435799451426,-1.4895332397780718,0.05718879933628529,0.08373408177542808,0.48574266940351996
35,1.375,33.7639408370659,-1.4896087635789261,0.05683365478335274,0.08312989136859084,0.48097241734010915
35,1.3775,33.82352668572751,-1.4896835468941914,0.05648215433673092,0.08253162484647163,0.4762642912969034
35,1.3800000000000001,33.88311551107279,-1.4897575993552983,0.05613425203265324,0.0819392051576167,0.47161732436591663
35,1.3825,33.9427072840577,-1.4898309304439066,0.05578990252161894,0.08135255644874974,0.46703056631866446
35,1.385,34.00230197601452,-1.4899035494944857,0.05544906105991896,0.08077160404411549,0.4625030832976858
35,1.3875,34.061899558646004,-1.489975465696849,0.05511168350128111,0.0801962744252089,0.4580339575140967
35,1.3900000000000001,34.12150000401965,-1.4900466880986414,0.05477772628862664,0.07962649521087047,0.4536222869509995
35,1.3925,34.18110328456206,-1.4901172256077804,0.054447146445946136,0.07906219513775697,0.4492671850727064
35,1.395,34.24070937305338,-1.4901870869948541,0.05411990157028671,0.07850330404116827,0.4449677805396063
35,1.3975,34.300318242621884,-1.4902562808954714,0.05379594982385052,0.07794975283622706,0.44072321692857275
35,1.4,34.35992986673862,-1.4903248158125744,0.053475249926203554,0.07740147349940474,0.43653265245880457
55,0.0,16.63553233343869,-0.04166666666666671,0.0,17.5,36.99999999999999
55,0.0025,16.63814795827948,-0.045520822724290644,9.635337161000367e-06,17.453750127308513,36.999694698241406
55,0.005,16.640994830896123,-0.04937491532834689,3.85403986167252e-05,17.40750101605984,36.998782672056194
55,0.0075,16.644072945591592,-0.05322888158930076,8.671235140899616e-05,17.361253420928392,36.99726993450503
55,0.01,16.64738229291454,-0.05708265925752589,0.00015414651149584646,17.315008088909693,36.99516275900315
55,0.0125,16.650922859698525,-0.060936186750496536,0.0002408363781294876,17.268765758994043,36.99246768068929
55,0.015,16.65469462910285,-0.0647894031801199,0.00034677367029149015,17.222527161838563,36.98919149775895
55,0.0175,16.65869758065505,-0.06864224838020623,0.00047194836519936194,17.176293019437523,36.98534127276632
55,0.02,16.662931690295032,-0.07249466293407221,0.0006163487388983312,17.130064044791133,36.980924333899864
55,0.0225,16.66739693042089,-0.0763465882022778,0.0007799614089518524,17.08384094157267,36.97594827623597
55,0.025,16.67209326993635,-0.08019796635049037,0.0009627713792441624,17.037624403794116,36.97042096297583
55,0.0275,16.67702067429995,-0.08404874037747889,0.0011647620869080966,16.991415115470257,36.964350526670174
55,0.03,16.68217910557583,-0.0878988541432346,0.0013859154513913884,16.945213750281184,36.957745370437024
55,0.0325,16.687568522486288,-0.09174825239721833,0.0016262119256747413,16.89902097123338,36.95061416917755
55,0.035,16.693188880465975,-0.09559688080673467,0.0018856305496551618,16.852837430319184,36.942965870795
55,0.0375,16.69904013171783,-0.0994446859854335,0.0021641490057083203,16.806663768174797,36.934809697422
55,0.04,16.705122225270717,-0.10329161552194029,0.0024617436764440906,16.76050061373672,36.92615514666136
55,0.0425,16.71143510703878,-0.10713761800861571,0.002778389704669896,16.714348583896612,36.917011992845666
55,0.045,16.717978719882545,-0.11098264307044899,0.003114061055577074,16.668208283154613,36.90739028832088
55,0.0475,16.724753003671744,-0.11482664139408556,0.0034687305811661596,16.62208030327097,36.89730036475915
55,0.05,16.731757895349872,-0.11866956475699288,0.0038423700869277522,16.57596522291609,36.88675283450641
55,0.0525,16.738993329000554,-0.12251136605676975,0.0042349504007964936,16.52986360731876,36.87575859196947
55,0.055,16.74645923591558,-0.1263519993406017,0.004646441444396757,16.48377600791278,36.86432881504865
55,0.0575,16.754155544664826,-0.13019141983486818,0.0050768123065995105,16.437702961981586,36.852474966620264
55,0.06,16.762082181167855,-0.13402958397490727,0.005526031319411259,16.391644992301117,36.84020879607507
55,0.0625,16.77023906876737,-0.1378664494349438,0.005994066136216977,16.345602606780673,36.827542340917105
55,0.065,16.778626128304445,-0.141701975158187,0.00648088381240046,16.299576298101755,36.81448792842865
55,0.0675,16.78724327819558,-0.14553612138710562,0.006986450888366861,16.253566543354736,36.801058177405686
55,0.07,16.796090434511548,-0.1493688496938877,0.0075107334749937825,16.20757380367335,36.78726599996954
55,0.0725,16.805167511058126,-0.153200123011093,0.008053697341538857,16.161598523866886,36.77312460345922
55,0.075,16.814474419458616,-0.15702990566250719,0.008615308006033391,16.115641132049916,36.75864749240914
55,0.0775,16.824011069238264,-0.16085816339420642,0.009195530828193568,16.069702039269522,36.74384847061737
55,0.08,16.83377736791053,-0.1646848634058428,0.009794331104882316,16.02378163912989,36.72874164330868
55,0.0825,16.84377322106525,-0.16850997438215942,0.010411674168157126,15.977880307414086,36.713341419397025
55,0.085,16.853998532458682,-0.1723334665247477,0.011047525485940755,15.931998401703028,36.69766251385164
55,0.08750000000000001,16.864453204105498,-0.17615531158405542,0.011701850765354146,15.886136260991334,36.681719950171356
55,0.09,16.875137136372658,-0.17997548289165913,0.01237461605875262,15.840294205300092,36.665529062970734
55,0.0925,16.88605022807527,-0.18379395539281182,0.01306578787250882,15.79447253528626,36.649105500682154
55,0.095,16.89719237657438,-0.18761070567927804,0.013775333278587874,15.748671531848661,36.632465228377725
55,0.0975,16.908563477876775,-0.1914257120224699,0.014503220028962607,15.702891455730361,36.61562453071427
55,0.1,16.92016342673674,-0.1952389544068954,0.015249416672918695,15.657132547117255,36.59860001500486
55,0.10250000000000001,16.93199211675987,-0.19905041456393455,0.01601389267730214,15.611395025232785,36.58140861442011
55,0.105,16.944049440508902,-0.2028600760059551,0.016796618549763588,15.565679087928538,36.5640675913221
55,0.1075,16.956335289611605,-0.20666792406078285,0.01759756596505633,15.519984911270605,36.54659454073354
55,0.11,16.968849554870758,-0.2104739459065407,0.018416707894447003,15.474312649121508,36.529007393944475
55,0.1125,16.981592126376203,-0.21427813060686995,0.019254018738300863,15.428662432717559,36.51132442225941
55,0.115,16.99456289361906,-0.21808046914655013,0.020109474461904597,15.383034370241397,36.49356424088547
55,0.11750000000000001,17.007761745608086,-0.22188095446753073,0.0209830527345934,15.337428546389631,36.475745812964526
55,0.12,17.02118857098815,-0.2256795815053908,0.02187473307224977,15.291845021935309,36.45788845374962
55,0.1225,17.03484325816101,-0.22947634722624113,0.02278449698324483,15.246283833285107,36.440011834927176
55,0.125,17.048725695408237,-0.23327125066408386,0.023712328117894036,15.200744992030993,36.42213598908524
55,0.1275,17.06283577101641,-0.2370642929586458,0.02465821242150212,15.15522848449625,36.40428131432839
55,0.13,17.077173373404626,-0.24085547739369959,0.025622138291073165,15.109734271275602,36.386468579038805
55,0.1325,17.091738391254314,-0.24464480943588862,0.026604096735764058,15.064262286769337,36.36871892678319
55,0.135,17.106530713641348,-0.24843229677407078,0.027604081541161177,15.018812438711151,36.351053881364514
55,0.1375,17.121550230170605,-0.2522179493591954,0.02862208943746151,14.973384607689656,36.33349535201725
55,0.14,17.136796831112896,-0.2560017794447294,0.029658120271640918,14.927978646663245,36.31606563874398
55,0.14250000000000002,17.152270407544332,-0.25978380162764647,0.03071217718369382,14.882594380468241,36.2987874377914
55,0.145,17.167970851488185,-0.2635640328899928,0.0317842667870289,14.837231605320088,36.28168384726248
55,0.1475,17.183898056059256,-0.26734249264104637,0.03287439935310691,14.791890088307444,36.26477837286141
55,0.15,17.200051915610793,-0.27111920276007934,0.03398258900040709,14.746569566879044,36.24809493376757
55,0.1525,17.216432325883975,-0.27489418763974016,0.0351088538878087,14.701269748323117,36.23165786863354
55,0.155,17.23303918416004,-0.2786674742300658,0.036253216412474636,14.65599030923921,36.21549194170203
55,0.1575,17.24987238941507,-0.2824390920831385,0.037415703412323816,14.610730895002337,36.199622349035884
55,0.16,17.266931842477465,-0.286209073398395,0.038596346373178,14.56549111921926,36.18407472485437
55,0.1625,17.28421744618815,-0.2899774530686033,0.03979518164066833,14.520270563176759,36.16887514796837
55,0.165,17.301729105563595,-0.2937442687265124,0.04101225063698497,14.475068775281853,36.15405014830631
55,0.1675,17.319466727961597,-0.2975095607921878,0.04224760008255188,14.429885270493749,36.139626713521764
55,0.17,17.337430223249996,-0.3012733725210388,0.04350128222270621,14.384719529747535,36.12563229567297
55,0.17250000000000001,17.35561950397822,-0.3050357500525436,0.044773355059458925,14.339570999369478,36.11209481796308
55,0.17500000000000002,17.374034485551825,-0.308796742459681,0.04606388258841059,14.294439090483827,36.09904268152992
55,0.1775,17.392675086410005,-0.31255640179907024,0.04737293504089118,14.249323178411156,36.086504772271795
55,0.18,17.411541228206126,-0.31631478316182327,0.048700589131389506,14.204222602058122,36.07451046769594
55,0.1825,17.430632835991343,-0.3200719447251114,0.0500469283103318,14.159136663298664,36.06308964377447
55,0.185,17.44994983840133,-0.3238279478044453,0.05141204302226295,14.114064626346657,36.05227268179141
55,0.1875,17.46949216784617,-0.32758285690666716,0.05279603096947807,14.069005717119994,36.04209047516369
55,0.19,17.489259760703426,-0.33133673978365163,0.05419899738114303,14.023959122596182,36.032574436216976
55,0.1925,17.509252557514493,-0.3350896674867084,0.05562105528793578,13.9789239901595,36.02375650289651
55,0.195,17.529470503184196,-0.3388417144216806,0.05706232580222905,13.933899426939835,36.015669145391115
55,0.1975,17.549913547183746,-0.342592958404727,0.058522938403825914,13.888884499143275,36.00834537264725
55,0.2,17.570581643757034,-0.34634348071877613,0.06000303123124779,13.843878231374688,36.00181873874867
55,0.2025,17.591474752130367,-0.3500933661706367,0.06150275137856076,13.798879605952363,35.99612334913478
55,0.20500000000000002,17.61259283672561,-0.3538427031487464,0.06302225519771361,13.753887562215047,35.991293866630016
55,0.20750000000000002,17.633935867376845,-0.35759158368153754,0.06456170860634447,13.708900995821548,35.98736551725399
55,0.21,17.65550381955053,-0.3613401034963952,0.06612128740099672,13.663918758043256,35.98437409578054
55,0.2125,17.677296674569224,-0.36508836207917944,0.0677011775756663,13.618939655049846,35.98235597101157
55,0.215,17.699314419838892,-0.3688364627342809,0.0693015756455832,13.57396244718863,35.98134809073006
55,0.2175,17.721557049079827,-0.3725845126451736,0.07092268897610823,13.528985848257918,35.98138798629351
55,0.22,17.744024562561233,-0.37633262293542713,0.07256473611660243,13.484008524774877,35.98251377682765
55,0.2225,17.76671696733946,-0.3800809087301303,0.07422794713910191,13.439029095238435,35.984764172977066
55,0.225,17.789634277499953,-0.3838294892176836,0.07591256398160413,13.394046129387798,35.98817848016788
55,0.2275,17.812776514402923,-0.3875784877119009,0.07761884079574112,13.349058147457189,35.992796601333886
55,0.23,17.836143706932713,-0.39132803171436814,0.0793470442985854,13.304063619427582,35.99865903905575
55,0.2325,17.859735891750972,-0.3950782529769894,0.08109745412829927,13.259060964276125,36.00580689705968
55,0.23500000000000001,17.883553113553535,-0.39882928756465424,0.08287036320330306,13.214048549224145,36.01428188101898
55,0.23750000000000002,17.90759542533109,-0.40258127591795084,0.08466607808459871,13.169024688984587,36.02412629859934
55,0.24,17.93186288863358,-0.4063343629158389,0.08648491934084374,13.123987645009931,36.03538305868489
55,0.2425,17.956355573838433,-0.4100886979381994,0.08832722191572683,13.078935624741607,36.04809566971952
55,0.245,17.981073560422434,-0.41384443492816086,0.09019333549714949,13.03386678086207,36.06230823709434
55,0.2475,18.00601693723741,-0.4176017324541015,0.09208362488766708,12.988779210550781,36.07806545950838
55,0.25,18.031185802789583,-0.421360753771214,0.0939984703755913,12.943670954745432,36.09541262422706
55,0.2525,18.056580265522634,-0.42512166688251773,0.09593826810609703,12.898539997409788,36.11439560115799
55,0.255,18.08220044410435,-0.4288846445991868,0.09790343045161974,12.853384264809756,36.135060835661264
55,0.2575,18.108046467716935,-0.4326498646000608,0.09989438638076394,12.808201624799272,36.15745534000693
55,0.26,18.13411847635082,-0.4364175094901899,0.10191158182487627,12.76298988611772,36.18162668338802
55,0.2625,18.160416621101955,-0.4401877668582624,0.10395548004136823,12.717746797700851,36.20762298039492
55,0.265,18.186941064472542,-0.4439608293327444,0.10602656197279582,12.672470048007067,36.235492877851186
55,0.2675,18.21369198067504,-0.44773689463656163,0.10812532660062761,12.627157264361262,36.26528553990829
55,0.27,18.24066955593946,-0.4515161656401301,0.11025229129254764,12.581806012318438,36.2970506312914
55,0.2725,18.267873988823737,-0.4552988504125435,0.11240799214205571,12.536413795049477,36.33083829858546
55,0.275,18.29530549052715,-0.4590851622707018,0.11459298429903342,12.49097805275158,36.36669914944531
55,0.2775,18.322964285206606,-0.46287531982616176,0.11680784228985108,12.445496162086057,36.40468422961027
55,0.28,18.35085061029566,-0.46666954702947416,0.11905316032549225,12.399965435646308,36.44484499759967
55,0.28250000000000003,18.37896471682611,-0.470468073211757,0.12132955259606466,12.354383121458918,36.48723329696047
55,0.28500000000000003,18.407306869752016,-0.47427113312324637,0.1236376535499631,12.308746402521042,36.531901325935536
55,0.28750000000000003,18.435877348275916,-0.4780789669685479,0.12597811815583368,12.263052396377423,36.57890160441597
55,0.29,18.464676446177055,-0.481891820438295,0.1283516221453748,12.21729815474046,36.628286938037995
55,0.2925,18.493704472141395,-0.4857099447369162,0.13075886223488584,12.171480663157007,36.68011037927984
55,0.295,18.52296175009319,-0.4895335966061853,0.13320055632335484,12.125596840725779,36.73442518541243
55,0.2975,18.5524486195278,-0.49336303834422107,0.13567744366474105,12.079643539869348,36.791284773152015
55,0.3,18.582165435845525,-0.49719853781958534,0.13819028501198113,12.033617546164976,36.85074266986164
55,0.3025,18.612112570686133,-0.5010403684801119,0.1407398627301092,11.987515578238655,36.91285246114468
55,0.305,18.642290412263726,-0.5048888093560796,0.14332698087573958,11.941334287727045,36.97766773467079
55,0.3075,18.672699365701654,-0.5087441450573328,0.14595246524002295,11.895070259312007,37.045242020073246
55,0.31,18.703339853367012,-0.5126066657639288,0.1486171633520372,11.848720010832855,37.115628724754345
55,0.3125,18.734212315204424,-0.5164766672098775,0.15132194443943028,11.80227999348147,37.18888106543439
55,0.315,18.765317209068606,-0.5203544506595231,0.15406769934298123,11.755746592085725,37.2650519952789
55,0.3175,18.796655011055265,-0.5242403228760955,0.15685534038159668,11.709116125486855,37.344194126438786
55,0.32,18.828226215829915,-0.5281345960819489,0.15968580116411074,11.662384847016611,37.42635964783845
55,0.3225,18.860031336953973,-0.5320375879099811,0.1625600363441021,11.615548945080226,37.51160023804771
55,0.325,18.892070907207742,-0.5359496213457134,0.16547902131379963,11.568604543851437,37.59996697307636
55,0.3275,18.92434547890955,-0.5398710246594958,0.16844375183299243,11.52154770408605,37.69151022893135
55,0.33,18.95685562423057,-0.5438021313282807,0.17145524358872397,11.474374424060633,37.786279578782136
55,0.3325,18.989601935504584,-0.5477432799463986,0.1745145316814033,11.427080640643219,37.884323684582995
55,0.335,19.022585025532074,-0.5516948141247484,0.17762267003283616,11.379662230503019,37.98569018300795
55,0.3375,19.05580552787786,-0.5556570823778054,0.18078073071154652,11.332115011466337,38.09042556556041
55,0.34,19.089264097161653,-0.5596304379978289,0.18398980317063854,11.284434744026052,38.19857505272772
55,0.3425,19.122961409340565,-0.5636152389156484,0.1872509933933425,11.236617133012219,38.310182462061654
55,0.34500000000000003,19.15689816198293,-0.5676118475473847,0.19056542294127846,11.188657829431381,38.42529007007504
55,0.34750000000000003,19.191075074532442,-0.5716206306264607,0.19393422790039358,11.140552432482473,38.543938467859384
55,0.35000000000000003,19.225492888561774,-0.5756419590202414,0.19735855771944663,11.092296491757105,38.66616641034055
55,0.3525,19.260152368014722,-0.5796762075306346,0.2008395739358655,11.043885509632386,38.79201065910787
55,0.355,19.295054299435865,-0.5837237546779872,0.20437844878375533,10.995314943864154,38.92150581876713
55,0.3575,19.330199492186768,-0.5877849824675928,0.20797636367882646,10.946580210388888,39.054684166790246
55,0.36,19.36558877864762,-0.5918602761381373,0.21163450757501187,10.897676686342354,39.19157547685405
55,0.3625,19.401223014403215,-0.5959500238914037,0.21535407518757607,10.848599713303157,39.33220683568571
55,0.365,19.437103078412168,-0.6000546166025625,0.219136265077578,10.799344600769249,39.47660245345748
55,0.3675,19.473229873158097,-0.6041744475103777,0.22298227759264097,10.749906629875467,39.62478346780237
55,0.37,19.50960432478166,-0.6083099118866703,0.2268933126591003,10.700281057359955,39.77676774155155
55,0.3725,19.546227383192054,-0.6124614066843906,0.23087056742077197,10.650463119787311,39.932569654329285
55,0.375,19.58310002215681,-0.6166293301636706,0.2349152337197683,10.600448038035951,40.09219988817379
55,0.3775,19.620223239368414,-0.6208140814952416,0.23902849541504143,10.550231022057101,40.25566520739262
55,0.38,19.65759805648648,-0.6250160603406301,0.24321152553461292,10.499807275912438,40.422968232899656
55,0.3825,19.695225519154018,-0.6292356664085739,0.24746548325778547,10.449172003097114,40.59410721132454
55,0.385,19.73310669698633,-0.6334732989871265,0.25179151072401385,10.398320412154483,40.769075779229766
55,0.3875,19.77124268353113,-0.6377293564509653,0.25619072966555423,10.347247722588417,40.94786272281907
55,0.39,19.809634596198332,-0.642004235743451,0.2606642378615012,10.295949171078586,41.13045173357021
55,0.3925,19.848283576157982,-0.6462983318330425,0.2652131054113777,10.244420018003492,41.31682116027792
55,0.395,19.887190788204812,-0.6506120371437158,0.26983837082705625,10.192655554275406,41.50694375804743
55,0.3975,19.926357420587827,-0.6549457409591087,0.2745410369424695,10.140651108490694,41.70078643483576
55,0.4,19.965784684803356,-0.6592998288001585,0.27932206664131093,10.0884020543981,41.89830999619663
55,0.4025,20.005473815349934,-0.6636746817760907,0.28418237840373806,10.035903818686911,42.09946888894541
55,0.405,20.04542606944348,-0.6680706759086847,0.2891228416739736,9.983151889095783,42.30421094452288
55,0.40750000000000003,20.08564272669109,-0.6724881814298228,0.2941442720516462,9.930141822842122,42.51247712289967
55,0.41000000000000003,20.126125088721935,-0.6769275620524349,0.29924742631073764,9.876869255370778,42.72420125792803
55,0.41250000000000003,20.16687447877355,-0.6813891742150305,0.3044329972510895,9.82332990941963,42.939309805112345
55,0.41500000000000004,20.207892241232095,-0.6858733663001301,0.30970160838859395,9.76951960439844,43.15772159283643
55,0.4175,20.249179741124863,-0.6903804778270084,0.31505380849140546,9.7154342660759,43.37934757814898
55,0.42,20.290738363563676,-0.6949108386192892,0.32049006597083113,9.661069936568529,43.60409060827635
55,0.4225,20.33256951313753,-0.6994647679480458,0.32601076313689664,9.606422784623454,43.83184518909293
55,0.425,20.374674613253152,-0.7040425736512038,0.33161619033002226,9.551489116185554,44.062497261843795
55,0.4275,20.41705510542203,-0.7086445512301758,0.3373065399417159,9.496265385237887,44.29592398947331
55,0.43,20.459712448492557,-0.7132709829247966,0.3430819003387267,9.440748204902441,44.53199355397211
55,0.4325,20.502648117826084,-0.7179221367677875,0.34894224970666676,9.384934358786552,44.7705649662067
55,0.435,20.545863604415647,-0.7225982656201283,0.3548874498307413,9.328820812558462,45.01148788974919
55,0.4375,20.589360413946263,-0.7272996061888725,0.36091723983285307,9.272404725733526,45.25460248026631
55,0.44,20.63314006579585,-0.7320263780291153,0.3670312298860244,9.215683463650617,45.49973924206914
55,0.4425,20.6772040919758,-0.7367787825319776,0.37322889492874983,9.158654609616267,45.74671890345683
55,0.445,20.721554036010485,-0.7415570019006634,0.3795095684035621,9.10131597719204,45.99535231251352
55,0.4475,20.766191451755002,-0.7463611981167929,0.3858724360457623,9.043665622598489,46.245440355036585
55,0.45,20.8111179021507,-0.7511915118994188,0.39231652974988535,8.985701857206976,46.496773896282704
55,0.4525,20.856334957918047,-0.7560480616592855,0.3988407215430658,8.927423260088574,46.749133748218085
55,0.455,20.901844196186723,-0.7609309424510765,0.4054437176959991,8.868828690587081,47.002290663948685
55,0.4575,20.947647199062814,-0.7658402249265719,0.4121240530036414,8.809917300881134,47.25600536098369
55,0.46,20.993745552133362,-0.7707759542918001,0.41888008526915743,8.750688548498399,47.51002857495169
55,0.4625,21.04014084290846,-0.7757381492714389,0.42570999002586896,8.69114220874273,47.764101145342195
55,0.465,21.086834659201603,-0.7807268010838836,0.43261175553308356,8.631278386993397,48.01795413478555
55,0.4675,21.133828587448885,-0.7857418724305482,0.439583178082638,8.571097530833423,48.27130898330893
55,0.47000000000000003,21.181124210968107,-0.7907832965031157,0.44662185765380485,8.510600441962609,48.52387769891949
55,0.47250000000000003,21.22872310815895,-0.7958509760125901,0.4537251939548043,8.449788287848921,48.77536308576043
55,0.47500000000000003,21.276626850645624,-0.8009447822441151,0.46089038288957535,8.38866261307062,49.025459010968675
55,0.47750000000000004,21.324837001363715,-0.8060645541416576,0.4681144134886264,8.327225350300111,49.273850711228455
55,0.48,21.373355112593085,-0.8112100974267219,0.47539406534270195,8.265478830879335,49.52021513986479
55,0.4825,21.42218272393904,-0.8163811837553672,0.4827259065776737,8.203425794935594,49.764221355157645
55,0.485,21.471321360264156,-0.8215775499178376,0.49010629240843073,8.141069400985948,50.00553095037661
55,0.4875,21.520772529573495,-0.8267988970851808,0.49753136430862366,8.07841323497783,50.243798525841285
55,0.49,21.570537720856123,-0.8320448901072277,0.5049970498318879,8.015461318713268,50.47867220310417
55,0.4925,21.620618401886148,-0.8373151568663282,0.5124990631186234,7.95221811760406,50.709794181131016
55,0.495,21.671016016986787,-0.8426092876911898,0.5200329061205058,7.8886885477057245,50.9368013341175
55,0.4975,21.721731984761163,-0.8479268348351359,0.5275938705727101,7.824877981978371,51.15932585033728
55,0.5,21.772767695793828,-0.8532673120230093,0.5351770407412353,7.76079225572389,51.37699591115859
55,0.5025000000000001,21.824124510327273,-0.8586301940708528,0.5427772969698409,7.696437671149764,51.589436409103456
55,0.505,21.8758037559179,-0.8640149165823603,0.5503893200478546,7.631821001011678,51.796269703552625
55,0.5075000000000001,21.927806725076188,-0.8694208757259361,0.55800759641654,7.56694949128877,51.99711641242236
55,0.51,21.980134672895964,-0.8748474280960118,0.5656264242278262,7.501830862847858,52.1915962378617
55,0.5125,22.03278881467802,-0.8802938906620502,0.5732399202650121,7.436473312055398,52.379328823739364
55,0.515,22.085770323553326,-0.8857595408084166,0.580842027730568,7.370885510298999,52.55993464241167
55,0.5175,22.139080328111454,-0.8912436164680284,0.5884265249014328,7.305076602383659,52.7330359079909
55,0.52,22.19271991003992,-0.8967453163523865,0.595987034647213,7.239056203771362,52.89825751306624
55,0.5225,22.24669010178026,-0.9022638002802598,0.6035170348015251,7.172834396636885,53.05522798557397
55,0.525,22.300991884206823,-0.9077981896069408,0.6110098693713673,7.106421724716708,53.20358046226871
55,0.5275,22.355626184334405,-0.913347567755607,0.6184587605639374,7.039829186932715,53.342953675018975
55,0.53,22.410593873060833,-0.9189109808519159,0.625856821604751,6.9730682297770095,53.47299294593813
55,0.5325,22.46589576295074,-0.9244874384625376,0.6331970703153011,6.906150738449552,53.5933511871709
55,0.535,22.52153260606682,-0.9300759144378894,0.6404724434129291,6.839089026745324,53.703689900988024
55,0.5375,22.57750509185469,-0.9356753478588681,0.6476758114900057,6.771895825693582,53.80368017569762
55,0.54,22.633813845087744,-0.9412846440869028,0.6547999946241272,6.704584270957166,53.89300367276766
55,0.5425,22.690459423878025,-0.9469026759161739,0.661837778565729,6.637167889005912,53.97135360046719
55,0.545,22.747442317759287,-0.952528284826347,0.668781931444505,6.569660582083839,54.03843566928076
55,0.5475,22.80476294584815,-0.9581602823336676,0.6756252209312201,6.5020766119959905,54.09396902432988
55,0.55,22.862421655089253,-0.963797451437786,0.6823604317870376,6.43443058274657,54.13768715004595
55,0.5525,22.920418718589975,-0.9694385481611624,0.6889803837284288,6.366737422066054,54.16933874239198
55,0.555,22.978754334050215,-0.9750823031774423,0.6954779495320302,6.299012361870694,54.188688544010134
55,0.5575,23.037428622292456,-0.9807274235246957,0.7018460733006536,6.231270917703647,54.19551813779706
55,0.56,23.09644162589704,-0.9863725943989711,0.7080777888089353,6.163528867212346,54.189626694561376
55,0.5625,23.155793307947356,-0.9920164810231494,0.7141662378449879,6.095802227722209,54.170831670612415
55,0.5650000000000001,23.215483550889278,-0.997657730585694,0.72010468846286,6.0281072329716725,54.13896945135448
55,0.5675,23.275512155508864,-1.0032949742434618,0.7258865530596231,5.960460309078462,54.0938959372189
55,0.5700000000000001,23.335878840032027,-1.008926829182401,0.7315054061906238,5.892878049811186,54.035487068559455
55,0.5725,23.396583239349386,-1.0145519007296124,0.7369550020366905,5.82537719124465,53.96363928645318
55,0.5750000000000001,23.45762490436925,-1.0201687845099523,0.7422292914381082,5.757974585880574,53.8782699266982
55,0.5775,23.5190033015011,-1.0257760686400932,0.747322438411724,5.690687176318881,53.77931754466783
55,0.58,23.580717812271736,-1.0313723359527411,0.7522288360698562,5.623531968567103,53.666742169074176
55,0.5825,23.642767733075512,-1.036956166243509,0.7569431218625109,5.556526005077892,53.540525483100474
55,0.585,23.70515227505993,-1.0425261385328273,0.7614601920679472,5.489686337606073,53.40067093178679
55,0.5875,23.767870564147202,-1.04808083333517,0.7657752154606746,5.423029999977958,53.24720375498398
55,0.59,23.830921641191942,-1.053618834927821,0.7698836460906106,5.356573980866145,53.08017094563245
55,0.5925,23.894304462274846,-1.0591387336114162,0.773781235112248,5.290335196663005,52.899641133561786
55,0.595,23.958017899131505,-1.0646391279545195,0.7774640416082685,5.224330464545765,52.70570439544791
55,0.5975,24.022060739715272,-1.0701186270146137,0.7809284423580657,5.158576475824637,52.498471991998954
55,0.6,24.086431688892436,-1.0755758525279742,0.7841711405079755,5.09308976966431,52.278076033865034
55,0.6025,24.15112936926773,-1.0810094410611246,0.7871891731066928,5.027886707266505,52.04466907817876
55,0.605,24.216152322137553,-1.086418046116736,0.7899799174762324,4.962983446599168,51.798423658027666
55,0.6075,24.28149900856804,-1.0918003401871463,0.7925410963958613,4.898395917754241,51.53953174753352
55,0.61,24.34716781059456,-1.0971550167489292,0.7948707820836242,4.834139799012853,51.268204165565656
55,0.6125,24.413157032539022,-1.1024807921922959,0.7969673989672379,4.77023049369245,50.98466992143595
55,0.615,24.479464902440803,-1.1077764076794818,0.7988297252434045,4.706683107846215,50.68917550622436
55,0.6175,24.546089573596916,-1.1130406309266443,0.8004568932316065,4.643512428880266,50.381984133642064
55,0.62,24.613029126206687,-1.1182722579042352,0.8018483885354662,4.580732905149176,50.06337493457646
55,0.6225,24.680281569115877,-1.1234701144512504,0.8030040480314327,4.5183586265849955,49.733642109654696
55,0.625,24.747844841654967,-1.1286330577992068,0.8039240567110885,4.456403306409518,49.393094044329274
55,0.6275000000000001,24.815716815566105,-1.1337599780021979,0.8046089434094816,4.3948802639736275,49.04205239111139
55,0.63,24.883895297012923,-1.1388497992698308,0.805059575457694,4.333802408762027,48.68085112367008
55,0.6325000000000001,24.95237802866739,-1.1439014812003865,0.8052771523032626,4.273182225595363,48.30983556756906
55,0.635,25.021162691867552,-1.1489140199119927,0.8052631981469732,4.213031761056088,47.92936141243067
55,0.6375000000000001,25.090246908840104,-1.1538864490701497,0.8050195536490595,4.153362611158202,47.53979371030201
55,0.64,25.159628244981413,-1.1588178408103966,0.8045483667617677,4.09418591027524,47.14150586494732
55,0.6425,25.22930421119077,-1.1637073065554309,0.8038520827487369,4.035512321334829,46.734878616711086
55,0.645,25.299272266249503,-1.168553997726448,0.8029334334545419,3.9773520272826253,46.32029902748394
55,0.6475,25.369529819239563,-1.1733571063489456,0.8017954258901449,3.919714723812651,45.898159470165275
55,0.65,25.440074231995347,-1.1781158655536839,0.8004413302018296,3.862609613355792,45.46885662684949
55,0.6525,25.51090282158244,-1.1828295499739165,0.7988746670925345,3.806045400313001,45.03279049977735
55,0.655,25.58201286279714,-1.1874974760404344,0.7970991947652585,3.7500302875147864,44.59036343888165
55,0.6575,25.653401590680613,-1.1921190021763257,0.7951188954585059,3.694571973884091,44.1419791895309
55,0.66,25.725066203041862,-1.1966935288937492,0.792937961643521,3.639677653275008,43.68804196383036
55,0.6625,25.79700386298354,-1.2012204987953243,0.7905607819523842,3.585354014456108,43.22895553858534
55,0.665,25.86921170142514,-1.2056993964830784,0.7879919269049113,3.5316072422030595,42.76512238276413
55,0.6675,25.94168681961795,-1.2101297483781475,0.78523613450078,3.478443019462232,42.296942817026405
55,0.67,26.01442629164667,-1.214511122454702,0.7822982957413692,3.4258665305435745,41.824814207602714
55,0.6725,26.08742716691253,-1.218843127891781,0.7791834401435752,3.3738824652986263,41.34913019653307
55,0.675,26.160686472593188,-1.2231254146469064,0.7758967213052568,3.3224950242371234,40.87027996998883
55,0.6775,26.23420121607475,-1.2273576729555347,0.7724434025791713,3.271707924533586,40.38864756612816
55,0.68,26.307968387351725,-1.2315396327605168,0.7688288429091431,3.221524406873802,39.90461122365794
55,0.6825,26.381984961390636,-1.2356710630758643,0.7650584828789735,3.1719472430896283,39.418542772011676
55,0.685,26.456247900453707,-1.2397517712891875,0.7611378310211254,3.1229787445297474,38.93080706379031
55,0.6875,26.530754156378887,-1.2437816024072301,0.7570724504287124,3.0746207711132376,38.44176144986784
55,0.6900000000000001,26.605500672813072,-1.2477604382489627,0.7528679457106139,3.0268747410124472,37.95175529732142
55,0.6925,26.68048438739539,-1.251688196590683,0.7485299503258874,2.979741640911803,37.46112955012326
55,0.6950000000000001,26.75570223388791,-1.2555648302675781,0.7440641143298911,2.933222036789064,36.97021633231692
55,0.6975,26.831151144251226,-1.2593903262361354,0.7394760925608188,2.8873160851663764,36.47933859320338
55,0.7000000000000001,26.906828050662753,-1.263164704601763,0.7347715332916676,2.842023544778842,35.988809793877586
55,0.7025,26.982729887475664,-1.2668880176158681,0.7299560673690303,2.7973437886095813,35.498933634288775
55,0.705,27.05885359311694,-1.270560348646578,0.7250352978565574,2.7532758162410627,35.01000381984283
55,0.7075,27.13519611192292,-1.274181811127158,0.7200147901975128,2.7098182664741057,34.52230386642921
55,0.71,27.211754395911157,-1.2777525474860678,0.7149000629075114,2.6669694301671862,34.03610694263097
55,0.7125,27.288525406487718,-1.2812727280624623,0.7096965788053713,2.6247272632504575,33.55167574777009
55,0.715,27.36550611608895,-1.2847425500107863,0.704409736786987,2.583089399870562,33.06926242434875
55,0.7175,27.442693509757387,-1.2881622361979879,0.6990448641442621,2.5420531656241474,32.58910850336858
55,0.72,27.520084586651272,-1.2915320340966603,0.6936072094284804,2.501615590840075,32.11144488094817
55,0.7225,27.5976763614877,-1.2948522146773287,0.6881019358549557,2.4617734238720557,31.636491824607344
55,0.725,27.675465865919257,-1.2981230713028462,0.6825341152435253,2.422523144365845,31.16445900755216
55,0.7275,27.753450149844564,-1.301344918627761,0.6769087224872714,2.3838609764668672,30.69554556926727
55,0.73,27.8316262826529,-1.3045180915052803,0.6712306305399648,2.3457829019366336,30.2299402007115
55,0.7325,27.909991354403598,-1.3076429439043225,0.6655046059109208,2.3082846731481306,29.767821252407543
55,0.735,27.988542476940804,-1.3107198478389452,0.6597353046544201,2.2713618259326562,29.309356863725455
55,0.7375,28.067276784944415,-1.3137491923122704,0.6539272688394563,2.2350096922527527,28.854705111674942
55,0.74,28.14619143691815,-1.3167313822768547,0.6480849234843411,2.199223412677743,28.404014177545996
55,0.7425,28.225283616115792,-1.3196668376132727,0.6422125739396938,2.1639979486407284,27.95742252976934
55,0.745,28.30455053140669,-1.3225559921285297,0.6363144037024356,2.1293280944576463,27.515059121406164
55,0.7475,28.383989418081864,-1.3253992925757352,0.6303944726427154,2.095208489091179,27.077043600720653
55,0.75,28.46359753860188,-1.328197197696331,0.6244567156251267,2.061633627644033,26.643486533338738
55,0.7525000000000001,28.543372183288046,-1.3309501772859995,0.618504941505131,2.0285978725680005,26.214489634548215
55,0.755,28.62331067095822,-1.3336587112852403,0.6125428324813496,1.9960954645771132,25.790146010354615
55,0.7575000000000001,28.703410349508893,-1.33632328889545,0.6065739437841663,1.9641205332546021,25.370540405964537
55,0.76,28.783668596444937,-1.33894440772122,0.6006017036810839,1.93266710734536,24.95574946043285
55,0.7625000000000001,28.864082819358778,-1.3415225729394333,0.5946294137792775,1.9017291247267918,24.545841966271702
55,0.765,28.944650456360435,-1.3440582964956056,0.5886602496059823,1.8713004420527304,24.140879132886624
55,0.7675000000000001,29.02536897646028,-1.3465520963278215,0.5826972614475375,1.8413748440661433,23.74091485276813
55,0.77,29.10623587990593,-1.3490044956185017,0.5767433754282711,1.81194605257798,23.345995969435837
55,0.7725,29.18724869847524,-1.3514160220741323,0.5708013948107417,1.7830077351104143,22.95616254619503
55,0.775,29.268404995726783,-1.353787207232987,0.5648740014993409,1.7545535132041574,22.571448134833183
55,0.7775,29.349702367209694,-1.3561185858008067,0.5589637577297225,1.726576970390326,22.19188004344594
55,0.78,29.431138440634513,-1.358410695014296,0.5530731079270739,1.6990716598284488,21.81747960264591
55,0.7825,29.512710876006608,-1.3606640740322382,0.5472043807168474,1.6720311116131432,21.448262429469466
55,0.785,29.594417365723935,-1.3628792633539504,0.5413597910721367,1.645448839752601,21.084238688354546
55,0.7875,29.676255634640693,-1.3650568042647453,0.5355414425825706,1.6193183488230538,20.72541334862254
55,0.79,29.75822344009852,-1.3671972383080189,0.5297513298302025,1.5936331403037707,20.37178643795042
55,0.7925,29.840318571926783,-1.3693011067834977,0.5239913408585916,1.5683867185980245,20.02335329137509
55,0.795,29.922538852413567,-1.3713689502711846,0.5182632597219167,1.5435725967457832,19.680104795421066
55,0.7975,30.00488213624882,-1.3734013081804626,0.5125687691016506,1.519184301834455,19.342027626992056
55,0.8,30.087346310441237,-1.3753987183237903,0.5069094529790404,1.4952153801145174,19.009104486714016
55,0.8025,30.16992929421021,-1.3773617165144156,0.5012867993522608,1.471659401827014,18.68131432645919
55,0.805,30.25262903885444,-1.3792908361874618,0.49570220298784157,1.4485099657504552,18.35863257082396
55,0.8075,30.335443527598418,-1.3811866080437742,0.4901569681965868,1.4257607034747068,18.041031332370608
55,0.81,30.418370775418264,-1.383049559715846,0.48465231162488,1.4034052834098463,17.72847962048029
55,0.8125,30.501408828848113,-1.384880215455168,0.4791893650528976,1.3814374145379849,17.420943543698243
55,0.8150000000000001,30.58455576576843,-1.3866790958403115,0.47376917819186537,1.3598508499162647,17.118386505483485
55,0.8175,30.667809695177343,-1.3884467175050534,0.4683927214731096,1.338639389939361,16.820769393305287
55,0.8200000000000001,30.751168756946317,-1.3901835928858552,0.4630608888222105,1.3177968853697388,16.52805076105451
55,0.8225,30.834631121561173,-1.391890229987989,0.457774500412155,1.2973172401441304,16.24018700476414
55,0.8250000000000001,30.918194989849695,-1.3935671321696266,0.45253430538988654,1.277194413964482,15.957132531654398
55,0.8275,31.00185859269672,-1.395214797943183,0.44734098457120847,1.2574224246818047,15.678839922540325
55,0.8300000000000001,31.08562019074787,-1.396833720793243,0.4421951530994401,1.2379953504810834,15.405260087656497
55,0.8325,31.169478074102813,-1.3984243890103727,0.43709736306374253,1.2189073318755304,15.13634241597247
55,0.835,31.25343056199902,-1.3999872855401527,0.4320481060734271,1.2001525735181677,14.872034918085625
55,0.8375,31.33747600248691,-1.401522887846766,0.4270478157850283,1.1817253458388055,14.612284362793572
55,0.84,31.421612772097184,-1.4030316677904864,0.42209687037928395,1.163619986514168,14.35703640745864
55,0.8425,31.505839275501323,-1.4045140915184275,0.41719559498555153,1.1458309017788675,14.106235722287929
55,0.845,31.59015394516576,-1.4059706193679322,0.41234426405156666,1.1283525675848094,13.859826108662304
55,0.8475,31.674555241000746,-1.407401705781977,0.4075431036567281,1.1111795306162764,13.617750611653534
55,0.85,31.759041650004416,-1.408807799236002,0.40279229376746534,1.0943064091679748,13.379951626877745
55,0.8525,31.843611685902832,-1.41018934217559,0.39809197043346983,1.0777278938929233,13.146371001836275
55,0.855,31.928263888786557,-1.41154677096441,0.3934422279238973,1.0614387484270769,12.916950131901832
55,0.8575,32.01299682474444,-1.4128805158418993,0.38884312080285316,1.0454338098972071,12.691630051109284
55,0.86,32.09780908549512,-1.4141910008901297,0.38429466594371253,1.0297079893184429,12.470351517913874
55,0.8625,32.182699288016806,-1.4154786440093572,0.3797968444820663,1.0142562718877155,12.253055096081784
55,0.865,32.26766607417584,-1.4167438569017499,0.37534960370722453,0.9990737171789998,12.039681230877594
55,0.8675,32.352708110354534,-1.4179870450628158,0.37095285889244395,0.9841554592462122,11.830170320715101
55,0.87,32.437824087078646,-1.4192086077800619,0.3666064950641558,0.9694967066392588,11.624462784436172
55,0.8725,32.52301271864509,-1.4204089381384437,0.362310368710663,0.9550927423386758,11.422499124382771
55,0.875,32.60827274275008,-1.4215884230321725,0.35806430943086537,0.9409389236139306,11.224219985424678
55,0.8775000000000001,32.69360292011819,-1.422747443182467,0.3538681215237225,0.9270306818103976,11.029566210104578
55,0.88,32.77900203413262,-1.4238863731608529,0.3497215855192626,0.9133635220697676,10.838478890059791
55,0.8825000000000001,32.864468890467116,-1.4250055814176346,0.34562445965201977,0.8999330229883858,10.650899413876651
55,0.885,32.95000231671958,-1.42610543031517,0.3415764812779025,0.8867348362179627,10.46676951153201
55,0.8875000000000001,33.035601162047996,-1.4271862761656047,0.33757736823552653,0.8737646860127437,10.286031295571686
55,0.89,33.12126429680857,-1.4282484692727317,0.333626820153156,0.8610183687272164,10.108627299174021
55,0.8925000000000001,33.20699061219663,-1.4292923539776614,0.32972451970239663,0.8484917522680634,9.934500511241382
55,0.895,33.292779019890304,-1.4303182687079936,0.3258701337998873,0.8361807755040759,9.763594408660522
55,0.8975,33.378628451697296,-1.4313265460302163,0.32206331475821975,0.8240814476373995,9.595852985867303
55,0.9,33.46453785920481,-1.4323175127050423,0.3183037013874012,0.8121898475394926,9.431220781848925
55,0.9025,33.550506213433,-1.433291489745434,0.3145909200481361,0.8005021230547948,9.269642904711004
55,0.905,33.63653250449184,-1.4342487924770644,0.31092458565829656,0.7890144902752272,9.111065053935004
55,0.9075,33.7226157412418,-1.435189730600986,0.3073043026538788,0.7777232327881669,8.95543354044498
55,0.91,33.80875495095829,-1.4361146082582728,0.3037296659058367,0.76662470090073,8.802695304600991
55,0.9125,33.89494917900003,-1.4370237240964403,0.30020026159409946,0.7557153108427155,8.652797932230001
55,0.915,33.981197488481484,-1.437917371337436,0.29671566804016436,0.7449915439507659,8.50568966880342
55,0.9175,34.06749895994942,-1.4387958378470147,0.29327545649956493,0.734449945835824,8.361319431863993
55,0.92,34.153852691063584,-1.439659406205318,0.28987919191559386,0.7240871255361843,8.219636821803228
55,0.9225,34.24025779628178,-1.440508353778502,0.2865264336355525,0.7138997546579797,8.08059213108395
55,0.925,34.326713406549175,-1.4413429527912414,0.2832167360908742,0.7038845665051032,7.944136352001146
55,0.9275,34.41321866899198,-1.4421634703999755,0.27994964944238937,0.6940383552002953,7.810221183068819
55,0.93,34.49977274661561,-1.4429701687667464,0.2767247201920002,0.6843579747990415,7.678799034117242
55,0.9325,34.586374818007215,-1.4437633051335093,0.2735414917620234,0.6748403383978863,7.549823030181845
55,0.935,34.67302407704274,-1.4445431318967856,0.2703995050434131,0.6654824172385774,7.423247014260531
55,0.9375,34.75971973259841,-1.445309896682545,0.26729829891407136,0.6562812398094608,7.299025549013575
55,0.9400000000000001,34.846461008266786,-1.4460638424212224,0.26423741072840984,0.6472338909453359,7.177113917476047
55,0.9425,34.93324714207724,-1.4468052074227462,0.26121637677932175,0.6383375109270463,7.057468122850337
55,0.9450000000000001,35.02007738622104,-1.4475342254515142,0.25823473273366643,0.6295892945818324,6.940044887442115
55,0.9475,35.106951006780776,-1.4482511258012047,0.2552920140423717,0.6209864903855483,6.824801650801005
55,0.9500000000000001,35.193867283464435,-1.4489561333693635,0.25238775632619886,0.6125263995676431,6.711696567123293
55,0.9525,35.28082550934381,-1.4496494687316792,0.2495214957382196,0.6042063752198482,6.600688501972041
55,0.9550000000000001,35.367824990597455,-1.450331348215889,0.24669276930398484,0.5960238214093342,6.491737028366147
55,0.9575,35.45486504625796,-1.451001983975237,0.24390111524038163,0.5879761922971569,6.384802422288416
55,0.96,35.54194500796371,-1.4516615840614475,0.24114607325409612,0.5800609912626256,6.279845657658754
55,0.9625,35.62906421971496,-1.4523103524971417,0.23842718482061775,0.5722757700342995,6.176828400817487
55,0.965,35.71622203763425,-1.4529484893476565,0.23574399344464203,0.5646181278281193,6.075713004560025
55,0.9675,35.8034178297311,-1.4535761907922244,0.23309604490275848,0.5570857104933107,5.976462501763333
55,0.97,35.89065097567097,-1.4541936491944638,0.23048288746920997,0.5496762096664325,5.879040598640705
55,0.9725,35.977920866548395,-1.4548010531721554,0.2279040721255594,0.5423873619341326,5.7834116676611185
55,0.975,36.065226904664364,-1.455398587666261,0.22535915275499094,0.5352169480048743,5.689540740165452
55,0.9775,36.152568503307684,-1.4559864340091553,0.222847686322026,0.528162791890138,5.597393498711938
55,0.98,36.23994508654058,-1.4565647699920596,0.22036923303832887,0.5212227600952832,5.5069362691793975
55,0.9825,36.32735608898815,-1.4571337699316274,0.21792335651532638,0.5143947608204735,5.41813601265695
55,0.985,36.41480095563189,-1.4576936047356828,0.2155096239042618,0.5076767431718101,5.3309603171452835
55,0.9875,36.502279141607175,-1.4582444419680856,0.21312760602435032,0.5010666963829715,5.245377389094729
55,0.99,36.58979011200445,-1.4587864459127065,0.21077687747963067,0.4945626490475231,5.16135604480271
55,0.9925,36.67733334167439,-1.459319777636497,0.20845701676509332,0.4881626683620336,5.078865701691898
55,0.995,36.76490831503672,-1.459844595051651,0.20616760636266487,0.4818648593801847,4.9978763694896156
55,0.9975,36.85251452589281,-1.460361052976838,0.20390823282756312,0.4756673642779369,4.918358641326639
55,1.0,36.940151477241834,-1.4608693031975097,0.2016784868655643,0.46956836162988397,4.840283684773543
55,1.0025,37.02781868110059,-1.4613694945252655,0.1994779634016515,0.4635660656968133,4.76362323283028
55,1.0050000000000001,37.11551565832684,-1.4618617728562848,0.1973062616405394,0.45765872572457633,4.688349574884725
55,1.0075,37.20324193844605,-1.4623462812288102,0.1951629851195202,0.4518446252542772,4.614435547654116
55,1.01,37.29099705948169,-1.4628231598796877,0.1930477417540523,0.44612208144375154,4.541854526122199
55,1.0125,37.37878056778879,-1.4632925462999662,0.1909601438765274,0.44048944440040844,4.470580414484775
55,1.0150000000000001,37.46659201789083,-1.4637545752895536,0.18889980826859473,0.43494509652535984,4.400587637114487
55,1.0175,37.5544309723199,-1.4642093790109296,0.18686635618743266,0.42948745186884163,4.331851129555514
55,1.02,37.64229700146002,-1.4646570870419298,0.18485941338630996,0.4241149554968402,4.264346329557323
55,1.0225,37.730189683393675,-1.4650978264275896,0.18287861012980525,0.418826082868926,4.198049168156888
55,1.025,37.818108603751305,-1.4655317217310675,0.18092358120399654,0.41361933922719446,4.132936060817054
55,1.0275,37.90605335556398,-1.4659588950836484,0.17899396592192837,0.40849325899622324,4.068983898628382
55,1.03,37.99402353911886,-1.4663794662338325,0.17708940812467736,0.4034464051940136,4.00617003958173
55,1.0325,38.082018761817785,-1.4667935525955196,0.17520955617827375,0.39847736885377005,3.944472299917167
55,1.035,38.17003863803857,-1.467201269295294,0.17335406296677056,0.39358476845647067,3.8838689455553164
55,1.0375,38.25808278899916,-1.4676027292188294,0.1715225858816948,0.38876724937405205,3.824338683615665
55,1.04,38.346150842624546,-1.4679980430564017,0.16971478680814991,0.38402348332318237,3.765860654026995
55,1.0425,38.43424243341641,-1.4683873193475472,0.1679303321077793,0.3793521678294344,3.7084144212335026
55,1.045,38.52235720232535,-1.4687706645248515,0.16616889259882986,0.3747520257017836,3.6519799660007024
55,1.0475,38.61049479662583,-1.4691481829568949,0.16443014353350388,0.3702218045172608,3.5965376773238633
55,1.05,38.698654869793536,-1.4695199769903606,0.16271376457281853,0.36576027611567424,3.542068344442308
55,1.0525,38.786837081385315,-1.4698861469913131,0.16101943975915312,0.36136623610424545,3.488553148961854
55,1.055,38.87504109692162,-1.4702467913856665,0.15934685748665148,0.35703850337200377,3.435973657087339
55,1.0575,38.96326658777122,-1.4706020066988466,0.15769571046967004,0.35277591961384175,3.3843118119674998
55,1.06,39.051513231038356,-1.4709518875946614,0.15606569570941806,0.34857734886406644,3.3335499261534642
55,1.0625,39.139780709452225,-1.4712965269133929,0.15445651445893668,0.34444167703928846,3.2836706741719968
55,1.065,39.228068711258665,-1.471636015709122,0.15286787218657633,0.34036781149053796,3.234657085214867
55,1.0675000000000001,39.316376930114096,-1.4719704432862966,0.15129947853809528,0.3363546805644415,3.1864925359448346
55,1.07,39.404705064981584,-1.4722998972355557,0.14975104729751576,0.33240123317332826,3.1391607434189694
55,1.0725,39.493052820029135,-1.4726244634688266,0.14822229634684567,0.32850643837408255,3.0926457581293696
55,1.075,39.581419904529945,-1.4729442262536965,0.14671294762479728,0.3246692849556476,3.046931957161826
55,1.0775000000000001,39.669806032764804,-1.4732592682470838,0.14522272708459744,0.32088878103499524,3.002004037472096
55,1.08,39.758210923926384,-1.4735696705282135,0.14375136465100063,0.3171639536614365,2.957847009279848
55,1.0825,39.84663430202562,-1.4738755126309087,0.14229859417658522,0.31349384842909733,2.9144461895795875
55,1.085,39.93507589579991,-1.4741768725752127,0.1408641533974438,0.30987752909745137,2.871787195768567
55,1.0875000000000001,40.0235354386232,-1.4744738268983546,0.139447783888338,0.30631407721974435,2.8298559393907667
55,1.09,40.11201266841793,-1.474766450685071,0.13804923101739455,0.30280259177914876,2.7886386199961866
55,1.0925,40.20050732756884,-1.4750548175972884,0.13666824390043275,0.29934218883254166,2.748121719114944
55,1.095,40.28901916283839,-1.4753389999031885,0.13530457535497925,0.29593200116173435,2.7082919943449903
55,1.0975,40.37754792528405,-1.4756190685056643,0.13395798185404217,0.2925711779320291,2.6691364735525553
55,1.1,40.46609337017719,-1.4758950929701717,0.13262822347970324,0.289258884357941,2.6306424491841964
55,1.1025,40.55465525692367,-1.4761671415520017,0.1313150638765899,0.2859943013759767,2.59279747268939
55,1.105,40.64323334898605,-1.4764352812229748,0.13001827020527565,0.28277662532430603,2.555589349052325
55,1.1075,40.731827413807316,-1.4766995776975655,0.1287376130956675,0.279605067629212,2.51900613143182
55,1.11,40.82043722273629,-1.4769600954584867,0.12747286660041304,0.276478854498156,2.4830361159077285
55,1.1125,40.909062550954374,-1.4772168977817202,0.126223808148387,0.27339722661936194,2.4476678363328164
55,1.115,40.997703177403984,-1.4774700467610196,0.12499021849829094,0.2703594388677659,2.4128900592885296
55,1.1175,41.08635888471828,-1.4777196033318998,0.12377188169239668,0.26736476001719667,2.3786917791430984
55,1.12,41.175029459152405,-1.4779656272951096,0.12256858501048336,0.2644124724586823,2.3450622132107783
55,1.1225,41.26371469051605,-1.478208177339604,0.1213801189239921,0.26150187192474655,2.311990797010578
55,1.125,41.35241437210748,-1.478447311065037,0.12020627705042158,0.25863226721955457,2.2794671796228094
55,1.1275,41.44112830064881,-1.478683085003765,0.11904685610801054,0.25580297995482015,2.247481219142288
55,1.1300000000000001,41.529856276222624,-1.4789155546423889,0.11790165587071498,0.2530133442913266,2.216022978226297
55,1.1325,41.61859810220981,-1.4791447744428359,0.11677047912351544,0.25026270668596406,2.185082719735973
55,1.135,41.70735358522881,-1.4793707978629882,0.11565313161806667,0.2475504256441409,2.154650902469367
55,1.1375,41.79612253507588,-1.479593677376876,0.1145494220287185,0.24487587147748874,2.1247181769848043
55,1.1400000000000001,41.88490476466674,-1.4798134644944396,0.11345916190891829,0.24223842606672374,2.0952753815128027
55,1.1425,41.97370008997922,-1.480030209780869,0.11238216564802007,0.23963748262957163,2.066313537955159
55,1.145,42.06250832999721,-1.480243962875531,0.1113182504285,0.23707244549362516,2.037823847969337
55,1.1475,42.151329306655676,-1.4804547725104955,0.11026723618361135,0.23454272987405822,2.009797689136978
55,1.1500000000000001,42.24016284478672,-1.4806626865286603,0.10922894555547748,0.23204776165607635,1.982226611214714
55,1.1525,42.32900877206678,-1.4808677519015012,0.10820320385363195,0.22958697718199056,1.9551023324657169
55,1.155,42.41786691896489,-1.48107001474643,0.10718983901402801,0.22715982304284044,1.9284167360706674
55,1.1575,42.506737118691944,-1.481269520343796,0.10618868155851358,0.22476575587444841,1.902161866616405
55,1.16,42.59561920715093,-1.4814663131535148,0.10519956455478574,0.22240424215782156,1.8763299266608635
55,1.1625,42.684513022888254,-1.4816604368313515,0.10422232357682548,0.22007475802378731,1.8509132733726896
55,1.165,42.773418407045924,-1.4818519342448502,0.10325679666582531,0.2177767890617977,1.8259044152441983
55,1.1675,42.86233520331476,-1.4820408474889346,0.10230282429160636,0.21550983013278924,1.8012960088760483
55,1.17,42.95126325788845,-1.4822272179011646,0.10136024931453896,0.21327338518602568,1.7770808558323732
55,1.1725,43.04020241941864,-1.482411086076682,0.10042891694795338,0.21106696707981457,1.7532518995646544
55,1.175,43.12915253897075,-1.4825924918828306,0.09950867472105944,0.20889009740604036,1.7298022224032057
55,1.1775,43.218113469980736,-1.4827714744734652,0.0985993724423711,0.20674230631841506,1.7067250426147782
55,1.18,43.30708506821279,-1.4829480723029702,0.09770086216362683,0.20462313236435536,1.6840137115247373
55,1.1825,43.3960671917177,-1.4831223231399646,0.0968129981442223,0.20253212232042833,1.661661710702741
55,1.185,43.48505970079211,-1.483294264080727,0.09593563681614624,0.2004688310312771,1.6396626492104254
55,1.1875,43.57406245793863,-1.4834639315623386,0.09506863674941342,0.19843282125193648,1.6180102609096845
55,1.19,43.66307532782663,-1.483631361375542,0.09421185861800753,0.19642366349348891,1.596698401830507
55,1.1925000000000001,43.752098177253885,-1.4837965886773363,0.09336516516631932,0.19444093587196665,1.5757210475968608
55,1.195,43.84113087510881,-1.4839596480032966,0.09252842117608577,0.1924842239604437,1.5550722909095136
55,1.1975,43.930173292333684,-1.4841205732796479,0.0917014934338215,0.19055312064422605,1.534746339084447
55,1.2,44.01922530188833,-1.484279397835075,0.09088425069874638,0.18864722597909794,1.5147375116457729
55,1.2025000000000001,44.108286778714714,-1.4844361544122886,0.09007656367119965,0.18676614705253608,1.495040237971856
55,1.205,44.19735759970199,-1.4845908751793468,0.08927830496154517,0.1849094978478403,1.4756490549936014
55,1.2075,44.286437643652484,-1.4847435917407419,0.08848934905955065,0.18307689911109784,1.4565586049435444
55,1.21,44.37552679124816,-1.4848943351482549,0.08770957230425318,0.18126797822094068,1.437763633154891
55,1.2125000000000001,44.46462492501775,-1.4850431359115814,0.08693885285429666,0.17948236906102322,1.4192589859092322
55,1.215,44.553731929304575,-1.4851900240087377,0.08617707065873474,0.17771971189515068,1.401039608331815
55,1.2175,44.642847690234944,-1.4853350288962481,0.08542410742830497,0.17597965324501938,1.3831005423334881
55,1.22,44.73197209568716,-1.485478179519126,0.08467984660715942,0.17426184577049575,1.3654369245981095
55,1.2225,44.82110503526114,-1.485619504320634,0.08394417334505344,0.17256594815238915,1.348043984614506
55,1.225,44.91024640024856,-1.485759031251863,0.08321697446998116,0.1708916249776458,1.330917042751885
55,1.2275,44.999396083603635,-1.4858967877810885,0.08249813846125988,0.1692385466269336,1.3140515083778395
55,1.23,45.08855397991445,-1.4860328009029544,0.08178755542305156,0.16760638916454695,1.2974428780178715
55,1.2325,45.17771998537475,-1.486167097147451,0.08108511705832354,0.1659948342305922,1.2810867335556304
55,1.235,45.26689399775638,-1.4862997025887177,0.08039071664323107,0.16440356893538752,1.2649787404727468
55,1.2375,45.35607591638217,-1.486430642853662,0.07970424900192931,0.16283228575604944,1.2491146461275728
55,1.24,45.44526564209934,-1.4865599431303995,0.07902561048180423,0.16128068243520494,1.2334902780718662
55,1.2425,45.53446307725348,-1.4866876281765184,0.07835469892910915,0.15974846188177708,1.2181015424044435
55,1.245,45.623668125662896,-1.4868137223271818,0.0776914136650153,0.15823533207381346,1.2029444221611696
55,1.2475,45.71288069259352,-1.4869382495030579,0.07703565546206194,0.1567410059633062,1.1880149757403298
55,1.25,45.802100684734306,-1.487061233218088,0.07638732652099746,0.15526520138294958,1.173309335362521
55,1.2525,45.89132801017303,-1.4871826965870991,0.07574633044801653,0.1538076409548096,1.158823705564454
55,1.2550000000000001,45.98056257837256,-1.4873026623332617,0.07511257223237729,0.15236805200085202,1.1445543617257214
55,1.2575,46.069804300147595,-1.4874211527953924,0.07448595822439971,0.15094616645529702,1.1304976486278941
55,1.26,46.1590530876418,-1.4875381899351046,0.07386639611383308,0.14954172077874353,1.1166499790450957
55,1.2625,46.24830885430542,-1.4876537953438296,0.0732537949085943,0.1481544558740482,1.1030078323654626
55,1.2650000000000001,46.33757151487325,-1.4877679902496748,0.07264806491386447,0.14678411700390215,1.089567753242667
55,1.2675,46.42684098534299,-1.4878807955241597,0.07204911771154544,0.14543045371007912,1.0763263502769296
55,1.27,46.516117182954176,-1.4879922316888077,0.07145686614006012,0.1440932197343074,1.063280294724684
55,1.2725,46.60540002616724,-1.4881023189216045,0.07087122427450283,0.14277217294074263,1.0504263192364198
55,1.2750000000000001,46.69468943464317,-1.488211077063333,0.07029210740712845,0.14146707524000385,1.0377612166219654
55,1.2775,46.78398532922343,-1.4883185256237728,0.06971943202816976,0.14017769251472595,1.0252818386425138
55,1.28,46.8732876319103,-1.488424683787782,0.06915311580698962,0.13890379454661533,1.0129850948289494
55,1.2825,46.96259626584756,-1.4885295704212531,0.06859307757355142,0.13764515494496105,1.0008679513257164
55,1.285,47.0519111553015,-1.4886332040769519,0.06803923730020972,0.13640155107658192,0.9889274297597442
55,1.2875,47.14123222564235,-1.4887356030002363,0.06749151608380959,0.13517276399716077,0.9771606061337684
55,1.29,47.23055940332595,-1.48883678513467,0.06694983612809594,0.13395857838395842,0.9655646097435865
55,1.2925,47.31989261587587,-1.4889367681275116,0.0664141207264221,0.13275878246986025,0.954136622118609
55,1.295,47.409231791865736,-1.4890355693351054,0.06588429424475833,0.13157316797873708,0.9428738759852717
55,1.2975,47.49857686090198,-1.4891332058281603,0.06536028210498628,0.13040153006208038,0.931773654252647
55,1.3,47.58792775360682,-1.489229694396925,0.06484201076848382,0.12924366723689976,0.9208332890198886
55,1.3025,47.677284401601604,-1.489325051556263,0.06432940771999261,0.12809938132484594,0.9100501606049625
55,1.305,47.76664673749044,-1.489419293550622,0.0638224014517562,0.12696847739252964,0.8994216965940893
55,1.3075,47.856014694844134,-1.489512436358915,0.06332092144793589,0.12585076369302123,0.8889453709115807
55,1.31,47.945388208184326,-1.4896044956992913,0.06282489816929189,0.12474605160850193,0.8786187029095072
55,1.3125,48.03476721296809,-1.4896954870338306,0.062334263038123616,0.12365415559403377,0.8684392564767154
55,1.315,48.12415164557264,-1.4897854255731302,0.061848948423471974,0.12257489312243748,0.8584046391668682
55,1.3175000000000001,48.213541443280405,-1.4898743262808132,0.06136888762657195,0.12150808463024583,0.8485125013449668
55,1.32,48.30293654426429,-1.4899622038779403,0.060894014866555934,0.12045355346471749,0.83876053535201
55,1.3225,48.39233688757335,-1.4900490728473443,0.060424265266397936,0.11941112583187352,0.8291464746872976
55,1.325,48.481742413118546,-1.4901349474378707,0.059959574839100895,0.11838063074555533,0.8196680932080721
55,1.3275000000000001,48.571153061658855,-1.4902198416685446,0.059499880474117195,0.11736189997746804,0.8103232043460266
55,1.33,48.66056877478759,-1.4903037693326506,0.059045119924003325,0.11635476800819487,0.8011096603403696
55,1.3325,48.749989494919014,-1.4903867440017369,0.058595231791296803,0.11535907197915571,0.7920253514869626
55,1.335,48.83941516527511,-1.490468779029542,0.058150155515620604,0.11437465164549826,0.7830682054032989
55,1.3375000000000001,48.92884572987268,-1.4905498875558416,0.057709831361005805,0.11340134932990009,0.7742361863088908
55,1.34,49.01828113351052,-1.490630082510229,0.05727420040342599,0.11243900987725444,0.7655272943206859
55,1.3425,49.107721321757055,-1.490709376615814,0.056843204518546804,0.11148748061023238,0.7569395647632712
55,1.345,49.197166240937975,-1.4907877823928584,0.056416786369680456,0.11054661128569643,0.7484710674934459
55,1.3475,49.28661583812418,-1.4908653121623379,0.055994889395945435,0.10961625405195347,0.7401199062388967
55,1.35,49.37607006111994,-1.490941978049432,0.0555774578006231,0.10869626340681644,0.7318842179505922
55,1.3525,49.46552885845124,-1.4910177919869605,0.05516443653971373,0.10778649615647698,0.7237621721686776
55,1.355,49.55499217935438,-1.4910927657187372,0.054755771310682745,0.10688681137515711,0.7157519704014846
55,1.3575,49.64445997376466,-1.4911669108028727,0.05435140854139886,0.10599707036553241,0.70785184551744
55,1.36,49.7339321923054,-1.491240238615008,0.0539512953792535,0.1051171366199013,0.7000600611494829
55,1.3625,49.82340878627707,-1.491312760351492,0.05355537968046597,0.10424687578209857,0.6923749111118233
55,1.365,49.91288970764659,-1.4913844870324897,0.053163609999567846,0.1033861556101271,0.6847947188287128
55,1.3675,50.00237490903691,-1.4914554295050422,0.0527759355790591,0.10253484593949407,0.6773178367749197
55,1.37,50.09186434371668,-1.491525598446063,0.05239230633924059,0.10169281864724196,0.6699426459277393
55,1.3725,50.18135796559012,-1.4915950043652784,0.05201267286821517,0.10085994761665976,0.6626675552302289
55,1.375,50.27085572918709,-1.4916636576081128,0.05163698641205206,0.10003610870265207,0.6554910010653882
55,1.3775,50.36035758965334,-1.491731568358519,0.05126519886511794,0.09922117969776353,0.648411446741127
55,1.3800000000000001,50.449863502740875,-1.4917987466417635,0.05089726276056602,0.09841504029883859,0.641427381985709
55,1.3825,50.5393734247985,-1.4918652023271406,0.050533131260984,0.09761757207430921,0.6345373224534875
55,1.385,50.62888731276259,-1.49193094513066,0.050172758149193704,0.09682865843208577,0.6277398092406516
55,1.3875,50.71840512414794,-1.4919959846176614,0.04981609781920488,0.09604818458805528,0.6210334084108328
55,1.3900000000000001,50.807926817038826,-1.492060330205403,0.0494631052673161,0.09527603753516342,0.6144167105302967
55,1.3925,50.89745235008014,-1.4921239911655777,0.04911373608336362,0.09451210601307247,0.6078883302125593
55,1.395,50.98698168246881,-1.4921869766268017,0.04876794644211018,0.09375628047838014,0.6014469056721492
55,1.3975,51.07651477394523,-1.4922492955770508,0.04842569309477768,0.09300845307539288,0.595091098287404
55,1.4,51.16605158478492,-1.4923109568660466,0.048086933360717864,0.09226851760744229,0.5888195921720555
77,0.0,22.18070977791825,-0.031250000000000104,0.0,23.5,47.0
77,0.0025,22.183356652765646,-0.0349218673748038,9.179630372709579e-06,23.441250122003144,46.99970750827304
77,0.005,22.186297275482943,-0.038593689196850946,3.67178399473877e-05,23.382500972850387,46.998835132656254
77,0.0075,22.189531640621855,-0.04226542046608474,8.26126007924508e-05,23.323753272542643,46.99739067303868
77,0.01,22.19305973915867,-0.04593701679971002,0.0001468605691618891,23.26500773120464,46.99538213180451
77,0.0125,22.19688155854429,-0.04960843444810149,0.0002294571177543469,23.206265048830375,46.99281771609024
77,0.015,22.200997082755492,-0.053279630310889226,0.0003303963691881762,23.147525915025778,46.98970584009617
77,0.0175,22.205406292347547,-0.056950561953228354,0.0004496712307119727,23.08879100874834,46.9860551274551
77,0.02,22.2101091645081,-0.06062118762225461,0.0005872734301707608,23.030060998043925,46.98187441366086
77,0.0225,22.215105673112404,-0.0642914662637343,0.0007431935532486872,22.971336539780246,46.97717274855899
77,0.025,22.22039578877988,-0.06796135753890786,0.0009174210820098288,22.912618279377476,46.97195939890322
77,0.0275,22.22597947893203,-0.07163082184153999,0.001109944434759478,22.853906850535363,46.966243850979566
77,0.03,22.231856707851737,-0.07529982031517407,0.0013207510072490974,22.795202874957212,46.96003581330124
77,0.0325,22.23802743674394,-0.07896831487060167,0.0015498272152489787,22.73650696207037,46.95334521937734
77,0.035,22.24449162379772,-0.08263626820355117,0.001797158538513528,22.677819708743186,46.946182230557454
77,0.0375,22.251249224249808,-0.08630364381260092,0.0020627295661650347,22.619141698998387,46.93855723895546
77,0.04,22.258300190449543,-0.08997040601732542,0.002346524043522762,22.56047350372279,46.930480870455234
77,0.0425,22.265644471925274,-0.09363651997667848,0.0026485249204051737,22.50181568037314,46.92196398780099
77,0.045,22.273282015452274,-0.09730195170762036,0.002968714400934234,22.44316877267807,46.91301769377555
77,0.0475,22.28121276512211,-0.10096666810400012,0.003307073994871698,22.384533310336003,46.9036533344684
77,0.05,22.289436662413575,-0.10463063695569205,0.0036635845705185843,22.32590980870893,46.89388250263787
77,0.0525,22.29795364626514,-0.10829382696800356,0.004038226409210102,22.267298768511942,46.88371704116945
77,0.055,22.306763653148966,-0.11195620778135278,0.004430979261439581,22.20870067549836,46.873169046633585
77,0.0575,22.31586661714653,-0.1156177499912313,0.00484182240464618,22.150116000140294,46.862250872946014
77,0.06,22.32526247002581,-0.1192784251684549,0.005270734702702599,22.09154519730472,46.85097513513422
77,0.0625,22.33495114132015,-0.12293820587971381,0.005717694667140187,22.032988705924577,46.83935471321241
77,0.065,22.34493255840877,-0.12659706570843013,0.006182680520150458,21.974446948665115,46.82740275616914
77,0.0675,22.355206646598926,-0.13025497927593047,0.006665670259403421,21.915920331585124,46.81513268607066
77,0.07,22.365773329209812,-0.13391192226294446,0.007166641724724631,21.85740924379289,46.802558202283294
77,0.0725,22.376632527658188,-0.1375678714314379,0.007685572666674572,21.79891405709699,46.78969328581904
77,0.075,22.38778416154576,-0.14122280464679013,0.008222440817075469,21.740435125651356,46.776552203807114
77,0.0775,22.39922814874834,-0.14487670090032576,0.008777223961532582,21.68197278559479,46.76314951409658
77,0.08,22.41096440550686,-0.14852954033221144,0.0093499000139985,21.623527354684615,46.74950006999249
77,0.0825,22.42299284652018,-0.1521813042547273,0.009940447093431164,21.565099131924363,46.7356190251309
77,0.085,22.43531338503983,-0.15583197517592662,0.010548843602597903,21.50668839718518,46.72152183849589
77,0.08750000000000001,22.447925932966598,-0.1594815368236902,0.011175068309080147,21.448295410820954,46.70722427958395
77,0.09,22.460830400949124,-0.1631299741701932,0.011819100428535132,21.389920413276904,46.69274243371904
77,0.0925,22.474026698484415,-0.1667772734567913,0.012480919710273446,21.33156362469134,46.678092707523774
77,0.095,22.487514734020397,-0.1704234222193411,0.013160506525213339,21.27322524449054,46.66329183455145
77,0.0975,22.5012944150605,-0.17406840931396647,0.01385784195627488,21.214905450976534,46.64835688108309
77,0.1,22.515365648270336,-0.177712224943286,0.014572907891279895,21.156604400907426,46.63330525209565
77,0.10250000000000001,22.529728339586462,-0.18135486068311132,0.015305687118425539,21.09832222907021,46.61815469740556
77,0.105,22.544382394327343,-0.18499630950963475,0.016056163424402657,21.040059047845844,46.60292331799412
77,0.1075,22.559327717306466,-0.1886365658271154,0.016824321695232174,20.981814946766143,46.587629572519596
77,0.11,22.574564212947735,-0.19227562549608573,0.01761014801989581,20.923589992062624,46.57229228402198
77,0.1125,22.590091785403082,-0.19591348586208487,0.018413629796840594,20.86538422620665,46.556930646826586
77,0.115,22.605910338672476,-0.19955014578494315,0.01923475584343917,20.807197667440914,46.54156423365243
77,0.11750000000000001,22.62201977672623,-0.2031856056686281,0.020073516508491703,20.74903030930194,46.52621300293232
77,0.12,22.638420003629747,-0.20681986749167142,0.02092990378785758,20.690882120133253,46.51089730635018
77,0.1225,22.655110923670733,-0.21045293483819327,0.021803911443309572,20.632753042588913,46.495637896603505
77,0.125,22.672092441488903,-0.21408481292954265,0.022695535124705683,20.574642993127327,46.48045593539724
77,0.1275,22.689364462208232,-0.21771550865657036,0.023604772495578245,20.516551861494875,46.46537300167651
77,0.13,22.70692689157185,-0.22134503061255636,0.024531623362243123,20.4584795101991,46.45041110010532
77,0.1325,22.724779636079557,-0.22497338912680775,0.025476089806536324,20.40042577397108,46.435592669799206
77,0.135,22.74292260312808,-0.2286005962989504,0.026438176322288807,20.342390459216787,46.420940593319166
77,0.1375,22.761355701154095,-0.2322266660339329,0.0274178899556549,20.28437334345707,46.406478205934896
77,0.14,22.780078839780074,-0.23585161407776528,0.028415240449414042,20.226374174755758,46.39222930516578
77,0.14250000000000002,22.799091929963033,-0.23947545805401457,0.029430240391369773,20.16839267113577,46.378218160607325
77,0.145,22.8183948841462,-0.24309821750107846,0.03046290536697485,20.110428519982747,46.36446952405209
77,0.1475,22.83798761641376,-0.24671991391026327,0.03151325411631589,20.052481377435797,46.35100863991306
77,0.15,22.857870042648578,-0.2503405707646857,0.0325813086955962,19.994550867765028,46.33786125595904
77,0.1525,22.878042080693195,-0.25396021357902876,0.03366709464325982,19.936636582735545,46.32505363436987
77,0.155,22.898503650513927,-0.2575788699401712,0.03477064115090587,19.878738080957262,46.31261256312124
77,0.1575,22.919254674368304,-0.26119656954872245,0.03589198123914722,19.820854887220445,46.300565367708174
77,0.16,22.94029507697588,-0.2648133442614846,0.037031151938572426,19.762986491816243,46.28893992321553
77,0.1625,22.961624785692432,-0.26842922813487247,0.03818819447597625,19.705132349842042,46.277764666745185
77,0.165,22.983243730687718,-0.27204425746931815,0.0393631544660297,19.647291880490904,46.26706861020938
77,0.1675,23.005151845126804,-0.27565847085469086,0.04055608210856555,19.589464466324934,46.256881353498684
77,0.17,23.02734906535506,-0.27927190921675876,0.04176703239166224,19.53164945253185,46.24723309803431
77,0.17250000000000001,23.049835331086946,-0.2828846158647263,0.04299606530071384,19.47384614616438,46.23815466071305
77,0.17500000000000002,23.072610585598603,-0.2864966365398751,0.04424324603368119,19.416053815362,46.22967748825462
77,0.1775,23.09567477592442,-0.29010801946534354,0.045508645222723944,19.358271688554506,46.22183367195925
77,0.18,23.119027853057595,-0.2937188153970746,0.046792339162420905,19.300498953646805,46.21465596288485
77,0.1825,23.142669772154864,-0.297329077675966,0.04809441004479038,19.242734757184543,46.20817778745107
77,0.185,23.166600492745392,-0.3009388622812562,0.04941494620133004,19.184978203499906,46.20243326347878
77,0.1875,23.19081997894405,-0.30454822788518165,0.050754042352300924,19.127228353837094,46.19745721667213
77,0.19,23.215328199669056,-0.30815723590893795,0.05211179986348666,19.069484225456993,46.1932851975505
77,0.1925,23.240125128864197,-0.31176595057998313,0.053488327010664055,19.011744790720268,46.189953498836225
77,0.195,23.265210745725646,-0.31537443899071554,0.05488373925202803,18.954008976148554,46.187499173304325
77,0.1975,23.290585034933578,-0.31898277115856605,0.056298159508818786,18.896275661462937,46.18596005209937
77,0.2,23.3162479868886,-0.3225910200875388,0.057731718454404474,18.838543678599375,46.18537476352357
77,0.2025,23.34219959795321,-0.3261992618312386,0.05918455481207721,18.780811810700186,46.18578275229923
77,0.20500000000000002,23.368439870698307,-0.3298075755574212,0.060656815661826145,18.723078791081264,46.18722429930842
77,0.20750000000000002,23.39496881415499,-0.333416043614106,0.06214865675635392,18.66534330217431,46.18974054181043
77,0.21,23.421786444071657,-0.3370247515972844,0.06366024284660783,18.607603974443457,46.193373494137205
77,0.2125,23.448892783176603,-0.3406337884202664,0.06519174801709952,18.549859385275738,46.198166068865
77,0.215,23.47628786144626,-0.34424324638469744,0.0667433560312898,18.492108057844835,46.204162098459136
77,0.2175,23.503971716379127,-0.34785322125328566,0.06831526068731628,18.43434845994743,46.21140635738662
77,0.22,23.53194439327564,-0.3514638123242748,0.06990766618434417,18.3765790028116,46.21994458469037
77,0.2225,23.56020594552406,-0.3550751225076987,0.07152078749981808,18.31879803987682,46.22982350701535
77,0.225,23.588756434892517,-0.3586872584034502,0.07315485077789259,18.261003865544797,46.24109086207531
77,0.2275,23.617595931827374,-0.36230033038120296,0.07481009372931864,18.20319471390075,46.253795422546965
77,0.23,23.6467245157581,-0.36591445266221345,0.07648676604305578,18.14536875740459,46.267987020374
77,0.2325,23.676142275408687,-0.3695297434030397,0.07818512980987757,18.087524105551363,46.2837165714618
77,0.23500000000000001,23.705849309115926,-0.37314632478120147,0.07990545995822963,18.02965880350077,46.30103610073966
77,0.23750000000000002,23.735845725154572,-0.37676432308281366,0.08164804470259081,17.97177083067499,46.31999876756398
77,0.24,23.766131642069574,-0.38038386879221425,0.0834131860045772,17.91385809932457,46.34065889143178
77,0.2425,23.796707189015617,-0.384005096683617,0.08520120004701671,17.85591845306213,46.36307197797063
77,0.245,23.82757250610403,-0.3876281459147974,0.0870124177212032,17.797949665363245,46.38729474516456
77,0.2475,23.8587277447573,-0.3912531601228415,0.08884718512752514,17.739949438034532,46.41338514977336
77,0.25,23.89017306807129,-0.3948802875219612,0.09070586408963792,17.681915399648627,46.441402413894615
77,0.2525,23.921908651185426,-0.39850968100338874,0.09258883268232818,17.62384510394578,46.47140705161457
77,0.255,23.953934681660893,-0.4021414982373566,0.09449648577318694,17.565736028202288,46.503460895686
77,0.2575,23.986251359867122,-0.40577590177715916,0.09642923557817891,17.50758557156544,46.5376271241659
77,0.26,24.018858899376664,-0.40941305916529136,0.09838751223115698,17.449391053355335,46.57397028693821
77,0.2625,24.05175752736863,-0.41305314304165125,0.10037176436733064,17.39114971133358,46.61255633203926
77,0.265,24.084947485040885,-0.41669633125379285,0.10238245972065231,17.332858699939315,46.65345263169631
77,0.2675,24.11842902803116,-0.4203428069691938,0.10442008573503163,17.274515088492898,46.69672800797991
77,0.27,24.152202426847154,-0.4239927587895114,0.10648515018923305,17.21611585936782,46.742452757962376
77,0.2725,24.18626796730596,-0.4276463808667799,0.10857818183524721,17.157657906131522,46.79069867826493
77,0.275,24.22062595098276,-0.4313038730214994,0.11069973104985799,17.099138031656008,46.841539088865524
77,0.2775,24.255276695669117,-0.4349654408625478,0.11285037049904659,17.040552946199238,46.89504885602779
77,0.28,24.29022053584088,-0.4386312959088485,0.11503069581479362,16.981899265458424,46.95130441420147
77,0.28250000000000003,24.325457823135924,-0.4423016557127026,0.117241326283742,16.923173508596765,47.01038378673027
77,0.28500000000000003,24.36098892684181,-0.4459767439846848,0.11948290554708343,16.86437209624504,47.07236660519137
77,0.28750000000000003,24.396814234393464,-0.4496567907199923,0.1217561023109204,16.805491348480114,47.137334127176736
77,0.29,24.43293415188108,-0.45334203232611703,0.12406161106623044,16.746527482782124,47.20536925231123
77,0.2925,24.46934910456823,-0.45703271175168775,0.12640015281742925,16.687476611972993,47.27655653628737
77,0.295,24.506059537420345,-0.460729078616331,0.1287724758183848,16.628334742138705,47.350982202680996
77,0.2975,24.543065915643623,-0.4644313893413535,0.13117935631457645,16.569097770538345,47.42873415229373
77,0.3,24.580368725234408,-0.4681399072810536,0.13362159928992637,16.50976148350314,47.5099019697516
77,0.3025,24.617968473539094,-0.47185490285442905,0.13610003921664568,16.450321554329133,47.59457692706959
77,0.305,24.655865689824584,-0.4755766536770367,0.13861554080624222,16.390773541167412,47.682851983872624
77,0.3075,24.694060925859272,-0.47930544469272596,0.14116899975962438,16.331112884916383,47.77482178394322
77,0.31,24.73255475650458,-0.4830415683049502,0.14376134351400788,16.271334907120796,47.870582647744556
77,0.3125,24.77134778031694,-0.4867853245073225,0.14639353198408736,16.211434807882835,47.970232560545746
77,0.315,24.8104406201602,-0.4905370210130607,0.14906655829467613,16.151407663791023,48.07387115575345
77,0.3175,24.849833923828317,-0.4942969733829287,0.151781449501734,16.09124842587315,48.181599693029824
77,0.32,24.889528364678227,-0.4980655051512491,0.1545392672984087,16.030951917580015,48.293521030752714
77,0.3225,24.92952464227268,-0.5018429479495314,0.15734110870240037,15.970512832807502,48.40973959234961
77,0.325,24.96982348303286,-0.5056296416272097,0.16018810672061787,15.90992573396464,48.53036132600967
77,0.3275,25.010425640900564,-0.5094259343689636,0.16308143098674227,15.849185050096589,48.655493657253096
77,0.33,25.05133189800955,-0.5132321828080298,0.1660222883669366,15.788285075071519,48.78524543381057
77,0.3325,25.092543065365824,-0.5170487521348963,0.16901192352853775,15.727219965841662,48.91972686223716
77,0.335,25.134059983536385,-0.520876016200692,0.17205161946615075,15.665983740788933,49.05904943565893
77,0.3375,25.175883523346016,-0.5247143576145772,0.17514269797912463,15.604570278166765,49.203325852022935
77,0.34,25.218014586581603,-0.5285641678343441,0.178286520093922,15.542973314650501,49.35266992219294
77,0.3425,25.26045410670338,-0.5324258472494233,0.18148448642441833,15.481186444009227,49.50719646720772
77,0.34500000000000003,25.303203049562537,-0.5362998052554198,0.18473803746265305,15.41920311591329,49.66702120398989
77,0.34750000000000003,25.346262414124343,-0.5401864603192382,0.1880486537920413,15.357016634892192,49.8322606187698
77,0.35000000000000003,25.38963323319615,-0.5440862400338208,0.19141785621450025,15.294620159458866,50.00303182746128
77,0.3525,25.433316574159257,-0.5479995811614388,0.19484720578238865,15.232006701416985,50.17945242220361
77,0.355,25.477313539703793,-0.5519269296644281,0.19833830372557906,15.169169125369153,50.361640303261495
77,0.3575,25.521625268565494,-0.5558687407221974,0.20189279126338527,15.106100148444838,50.5497134954537
77,0.36,25.56625293626325,-0.5598254787332565,0.20551234929046425,15.042792340267898,50.74378994826278
77,0.3625,25.611197755836173,-0.5637976173009674,0.20919869792519327,14.979238123184516,50.94398731876288
77,0.365,25.65646097857884,-0.567785639201636,0.21295359590840152,14.915429772773821,51.150422736489766
77,0.3675,25.70204389477322,-0.5717900363334987,0.21677883983970456,14.851359418664023,51.36321254936774
77,0.37,25.747947834415694,-0.5758113096450915,0.22067626323806802,14.787019045678532,51.58247204980407
77,0.3725,25.7941741679375,-0.5798499690414182,0.22464773541260086,14.72240049533731,51.8083151800602
77,0.375,25.840724306916684,-0.5839065332662583,0.22869516012897034,14.65749546773987,52.04085421601459
77,0.3775,25.88759970477966,-0.5879815297589016,0.23282047405623552,14.592295523857583,52.28019942844287
77,0.38,25.934801857490225,-0.5920754944835089,0.23702564497832418,14.526792088263857,52.52645872095827
77,0.3825,25.98233230422372,-0.5961889717292518,0.2413126697538362,14.460976452331975,52.7797372437798
77,0.385,26.030192628024054,-0.6003225138793047,0.24568357200735702,14.39483977793113,53.04013698252943
77,0.3875,26.078384456440844,-0.6044766811467146,0.25014039953500755,14.328373101652563,53.30775632130025
77,0.39,26.12690946214409,-0.6086520412751057,0.25468522140655964,14.261567339598317,53.58268957928933
77,0.3925,26.175769363513425,-0.6128491692021265,0.25932012474611976,14.19441329276598,53.86502652035106
77,0.395,26.224965925198852,-0.6170686466835116,0.26404721117313407,14.126901653063808,54.15485183490011
77,0.3975,26.27450095864979,-0.621311061875564,0.26886859288530857,14.059023009990979,54.452244593678245
77,0.4,26.32437632260894,-0.6255770088738526,0.27378638836499225,13.990767858018353,54.75727767299844
77,0.4025,26.3745939235675,-0.6298670872058878,0.27880271769063647,13.922126604705793,55.07001715119241
77,0.405,26.425155716177752,-0.6341819012755064,0.2839196974351506,13.853089579591899,55.390521676115334
77,0.40750000000000003,26.47606370361934,-0.6385220597567204,0.2891394351333243,13.783647043892467,55.71884180370433
77,0.41000000000000003,26.52731993791483,-0.6428881749347582,0.2944640233010196,13.71378920104387,56.05501930774911
77,0.41250000000000003,26.57892652019045,-0.647280861992069,0.29989553298952837,13.643506208126892,56.399086461207894
77,0.41500000000000004,26.630885600877406,-0.6517007382370875,0.3054360068594117,13.572788188206598,56.75106528959891
77,0.4175,26.683199379849125,-0.6561484222735992,0.311087451759263,13.501625243622415,57.110966797211326
77,0.42,26.735870106489628,-0.6606245331086242,0.31685183079620427,13.430007470262007,57.478790167111896
77,0.4225,26.78890007968798,-0.665129689196817,0.3227310548865431,13.357924972850922,57.85452193617523
77,0.425,26.84229164775373,-0.6696645074194887,0.3287269737769338,13.285367881288181,58.238135146640175
77,0.4275,26.896047208247936,-0.674229601996482,0.3348413665285572,13.21232636805629,58.62958847598281
77,0.43,26.950169207724464,-0.6788255833292917,0.3410759314593451,13.138790666731337,59.02882534720955
77,0.4325,27.004660141375904,-0.6834530567739874,0.34743227554210016,13.064751091616204,59.43577302200383
77,0.435,27.05952255257846,-0.6881126213427085,0.35391190325951727,12.990198058516661,59.85034167950616
77,0.4375,27.114759032330106,-0.6928048683327301,0.3605162049206339,12.915122106676321,60.27242348387414
77,0.44,27.1703722185761,-0.6975303798823556,0.3672464444471044,12.83951392188231,60.70189164414949
77,0.4425,27.226364795416078,-0.7022897274531882,0.3741037466419441,12.763364360748987,61.13859947035506
77,0.445,27.282739492186714,-0.7070834702386518,0.38108908395798724,12.686664476181573,61.582379430150695
77,0.4475,27.339499082414182,-0.7119121534989888,0.38820326278830386,12.609405544016177,62.03304221079604
77,0.45,27.396646382630458,-0.7167763068233478,0.39544690930616033,12.531579090826437,62.490375791590765
77,0.4525,27.454184251047714,-0.7216764423199946,0.4028204548878179,12.453176922880086,62.95414453238997
77,0.455,27.51211558608511,-0.7266130527361387,0.41032412115751665,12.374191156221784,63.42408828421945
77,0.4575,27.57044332474241,-0.7315866095093448,0.4179579047003653,12.29461424785048,63.8999215284383
77,0.46,27.62917044081506,-0.736597560753033,0.4257215614955124,12.214439027951473,64.38133255130622
77,0.4625,27.688299942945566,-0.741646329179105,0.4336145911289061,12.133658733134325,64.86798266121254
77,0.465,27.747834872506303,-0.7467333099613344,0.44163622085208853,12.05226704061865,65.35950545619994
77,0.4675,27.80777830130913,-0.7518588685437527,0.4497853895607671,11.970258103299953,65.85550614976485
77,0.47000000000000003,27.868133329137688,-0.7570233383989122,0.4580607317743236,11.887626585617406,66.35556096323383
77,0.47250000000000003,27.928903081098472,-0.7622270187415516,0.46646056170486705,11.80436770013518,66.8592165932902
77,0.47500000000000003,27.99009070478747,-0.7674701722038911,0.47498285751185443,11.720477244737735,67.36598976345414
77,0.47750000000000004,28.051699367269507,-0.7727530224794539,0.4836252458455845,11.635951640328736,67.87536686849023
77,0.48,28.113732251868054,-0.778075751943029,0.4923849867899572,11.550787968911534,68.38680372082739
77,0.4825,28.17619255476401,-0.7834384992551132,0.501258959321648,11.464984011918181,68.89972540811398
77,0.485,28.239083481402467,-0.7888413569598559,0.5102436474091684,11.378538288642304,69.41352627098901
77,0.4875,28.30240824270741,-0.7942843690862553,0.5193351268811094,11.291450094619915,69.9275700100271
77,0.49,28.36617005110496,-0.7997675287630444,0.5285290531979638,11.203719539791296,70.44118993059077
77,0.4925,28.43037211635674,-0.8052907758583643,0.5378206502662863,11.115347586266173,70.95368933400464
77,0.495,28.495017641205795,-0.8108539946559791,0.5472047004373946,11.026336085504337,71.46434206304102
77,0.4975,28.560109816838484,-0.8164570115803751,0.5566755358351698,10.936687814714002,71.97239320916313
77,0.5,28.625651818166734,-0.8220995929836585,0.5662270311587508,10.846406512261456,72.47705998832011
77,0.5025000000000001,28.69164679893622,-0.8277814430076582,0.5758525981058281,10.755496911877477,72.97753279131307
77,0.505,28.758097886666913,-0.8335022015350706,0.5855451815607177,10.663964775438874,73.4729764138534
77,0.5075000000000001,28.825008177433823,-0.8392614422438708,0.5952972576883845,10.571816924098064,73.96253147041976
77,0.51,28.89238073049664,-0.845058670779451,0.6051008340708791,10.479061267528786,74.4453159948794
77,0.5125,28.960218562788416,-0.8508933230591672,0.6149474520162884,10.385706831053321,74.92042722958708
77,0.515,29.02852464327432,-0.8567647637240395,0.6248281911620961,10.291763780415367,75.38694360330692
77,0.5175,29.09730188719297,-0.8626722847523168,0.6347336764848291,10.197243443962927,75.84392689683133
77,0.52,29.166553150193785,-0.8686151042494858,0.6446540878159616,10.102158332008226,76.29042459360491
77,0.5225,29.23628122238507,-0.8745923654290076,0.6545791719502797,10.006522153135874,76.7254724110124
77,0.525,29.306488822308655,-0.8806031357976836,0.6644982574172743,9.910349827237061,77.14809700626859
77,0.5275,29.377178590858012,-0.8866464065589817,0.6744002719687094,9.81365749505629,77.5573188490778
77,0.53,29.44835308515776,-0.892721092247005,0.6842737628163823,9.71646252404792,77.95215525142126
77,0.5325,29.520014772423515,-0.8988260306029239,0.6941069196333279,9.618783510353218,78.331623543006
77,0.535,29.592166023821942,-0.904959982704763,0.7038876003095935,9.520640276723789,78.69474437909683
77,0.5375,29.664809108351612,-0.9111216333602897,0.7136033594302031,9.422053866235366,79.04054516566015
77,0.54,29.737946186766138,-0.9173095917715395,0.7232414794185045,9.323046531655368,79.36806358502106
77,0.5425,29.811579305561573,-0.9235223924781113,0.7327890042627615,9.223641720350217,79.67635120357916
77,0.545,29.8857103910506,-0.9297584965848779,0.7422327757180907,9.123864054641958,79.9644771415837
77,0.5475,29.960341243546477,-0.9360162932781207,0.7515594718497769,9.023739307550063,80.23153178355034
77,0.55,30.03547353167988,-0.9422941016324071,0.7607556477581348,8.923294373881484,80.47663050664565
77,0.5525,30.111108786871945,-0.9485901727086662,0.7698077782995681,8.82255723666134,80.6989174032839
77,0.555,30.187248397986778,-0.9549026919420764,0.7787023025938518,8.72155692892678,80.89756897330818
77,0.5575,30.26389360618646,-0.9612297818163903,0.7874256700841569,8.620323490937757,81.07179776047946
77,0.56,30.34104550001132,-0.9675695048193521,0.7959643878943573,8.518887922890363,81.22085590758746
77,0.5625,30.41870501070759,-0.9739198666718372,0.8043050692080806,8.417282133250604,81.34403860435305
77,0.5650000000000001,30.496872907824116,-0.9802788198213331,0.8124344823761258,8.31553888285867,81.44068740241528
77,0.5675,30.575549795098645,-0.9866442671883876,0.8203396004435048,8.213691724985798,81.5101933720962
77,0.5700000000000001,30.654736106653612,-0.9930140661526928,0.8280076507749634,8.111774941556913,81.55200007632756
77,0.5725,30.734432103519815,-0.9993860327635927,0.8354261644484112,8.009823475782516,81.56560633809167
77,0.5750000000000001,30.814637870505415,-1.005757946157997,0.8425830250796782,7.907872861472043,81.55056877897829
77,0.5775,30.89535331342597,-1.0121275531669938,0.849466516739463,7.805959149328098,81.50650410798244
77,0.58,30.976578156709973,-1.018492573090891,0.856065370624405,7.7041188305457515,81.43309114144162
77,0.5825,31.058311941392304,-1.0248507026209972,0.862368810148989,7.60238875806405,81.33007253703003
77,0.585,31.14055402350662,-1.031199620885216,0.8683665941334568,7.500806065836549,81.19725622695778
77,0.5875,31.223303572885513,-1.0375369945934396,0.8740490577750323,7.39940808650497,81.03451653794775
77,0.59,31.306559572375452,-1.0438604832578797,0.8794071511054409,7.298232267873925,80.8417949881474
77,0.5925,31.39032081747153,-1.0501677444627977,0.8844324746567955,7.197316088595231,80.6191007538463
77,0.595,31.474585916374867,-1.056456439157645,0.8891173120801303,7.096696973477677,80.36651080167833
77,0.5975,31.559353290473574,-1.062724236947411,0.8934546594860319,6.996412208841417,80.08416968485291
77,0.6,31.644621175245895,-1.068968821353964,0.8974382513045265,6.8964988583365665,79.7722890048468
77,0.6025,31.730387621582295,-1.0751878950224003,0.9010625824913155,6.796993679641588,79.43114654285455
77,0.605,31.816650497520943,-1.081379184846857,0.9043229269392109,6.697933042450288,79.06108506810942
77,0.6075,31.903407490389267,-1.0875404469909205,0.9072153519867954,6.599352848145275,78.66251083290813
77,0.61,31.990656109342055,-1.0936694717786093,0.9097367289504167,6.501288451542257,78.2358917667652
77,0.6125,32.07839368828497,-1.0997640884330049,0.9118847396402587,6.403774585071922,77.7817553845585
77,0.615,32.16661738917022,-1.1058221696408326,0.913657878855874,6.306845285746677,77.30068642577294
77,0.6175,32.255324205649906,-1.111841635922718,0.9150554528907924,6.210533825236509,76.79332424397803
77,0.62,32.34451096707041,-1.1178204597904193,0.9160775741092378,6.1148726433532925,76.26035996747036
77,0.6225,32.434174342790456,-1.1237566696740227,0.9167251516900754,6.019893285215639,75.70253345354406
77,0.625,32.524310846803445,-1.1296483536038944,0.9169998786636033,5.925626342337694,75.12063006012238
77,0.6275000000000001,32.614916842644234,-1.1354936626340897,0.9169042153952732,5.832101397854572,74.51547725946887
77,0.63,32.705988548559,-1.141290813995858,0.916441369696543,5.739346976066273,73.88794111939877
77,0.6325000000000001,32.79752204291624,-1.147038093971916,0.9156152737666613,5.647390496449345,73.23892267783133
77,0.635,32.889513269836385,-1.1527338604841522,0.9144305581899156,5.5562582322535645,72.56935423666017
77,0.6375000000000001,32.98195804501666,-1.1583765453894892,0.9128925232306822,5.465975273768173,71.88019560078573
77,0.64,33.074852061727945,-1.1639646564806028,0.9110071076833045,5.376565496310353,71.17243028775816
77,0.6425,33.16819089695975,-1.1694967791901862,0.9087808555453827,5.288051532957027,70.44706173284017
77,0.645,33.26197001768974,-1.1749715779993315,0.9062208807914239,5.200454752010697,69.70510951343203
77,0.6475,33.35618478725413,-1.1803877975524601,0.9033348305290415,5.113795239160642,68.94760561572865
77,0.65,33.4508304717957,-1.1857442634829303,0.9001308468221036,5.028091784273116,68.17559076522441
77,0.6525,33.54590224676644,-1.1910398829551339,0.8966175274643938,4.943361872717864,67.3901108412633
77,0.655,33.64139520346253,-1.196273644930365,0.8928038859838928,4.859621681114157,66.59221339428836
77,0.6575,33.73730435556972,-1.20144462016518,0.88869931115157,4.776886077357118,65.7829442827862
77,0.66,33.8336246456983,-1.206551960952186,0.8843135262600459,4.695168624765024,64.96334444518243
77,0.6625,33.93035095188735,-1.2115949006143556,0.8796565484268537,4.614481590170316,64.13444682015651
77,0.665,34.027478094059084,-1.2165727527649246,0.8747386481643594,4.534835955761205,63.297273427010005
77,0.6675,34.12500084040505,-1.2214849103457666,0.8695703094442543,4.456241434467732,62.45283261589561
77,0.67,34.22291391368696,-1.2263308444578462,0.864162190468872,4.378706488674457,61.6021164958875
77,0.6725,34.32121199743614,-1.2311101029978917,0.8585250853449511,4.302238352033737,60.74609854709235
77,0.675,34.419889742036645,-1.2358223091158542,0.8526698868378695,4.22684305414633,59.88573142126051
77,0.6775,34.518941770678246,-1.2404671595080037,0.8466075503663165,4.15252544787194,59.02194493369563
77,0.68,34.6183626851669,-1.2450444225606545,0.8403490593788957,4.079289239029534,58.15564424767443
77,0.6825,34.7181470715811,-1.249553936359562,0.8339053922356076,4.007137018247005,57.28770825110106
77,0.685,34.81828950576422,-1.2539956065799684,0.827287490698745,3.9360702947205106,56.418988123735595
77,0.6875,34.918784558643736,-1.2583694042720446,0.8205062301195886,3.866089531647288,55.55030609206339
77,0.6900000000000001,35.01962680136958,-1.2626753635562786,0.8135723913896739,3.7971941830995415,54.68245436771594
77,0.6925,35.12081081026502,-1.2669135792429178,0.8064966347083791,3.7293827321133173,53.81619426431858
77,0.6950000000000001,35.22233117158448,-1.2710842043891986,0.7992894752023924,3.662652729772821,52.9522554867275
77,0.6975,35.3241824860739,-1.2751874478075627,0.7919612604172648,3.597000835078998,52.09133558582746
77,0.7000000000000001,35.426359373330286,-1.279223571537496,0.7845221496868782,3.53242285540007,51.23409957138795
77,0.7025,35.52885647595782,-1.283192888293047,0.7769820953733988,3.4689137873112426,50.38117967492562
77,0.705,35.63166846351932,-1.2870957588973975,0.7693508259580107,3.406467857641649,49.533175254074436
77,0.7075,35.73479003628223,-1.2909325897151964,0.7616378309516969,3.3450785645568595,48.69065282963563
77,0.71,35.8382159287594,-1.294703830092692,0.7538523475853574,3.2847387185169326,47.85414624624367
77,0.7125,35.941940913045876,-1.2984099698149312,0.7460033492297923,3.2254404829611074,47.024156947448894
77,0.715,36.045959801953,-1.3020515365886252,0.7380995354883847,3.167175414581997,46.20115435596521
77,0.7175,36.15026745194263,-1.3056290935585295,0.7301493238988084,3.1099345030635246,45.385576349863406
77,0.72,36.254858765864135,-1.3091432368644753,0.722160843174546,3.053708210168395,44.57782982558926
77,0.7225,36.359728695497836,-1.312594593245483,0.7141419279125716,2.9984865080722716,43.7782913388533
77,0.725,36.46487224390887,-1.3159838176967114,0.7061001146900568,2.944258916852621,42.9873078146622
77,0.7275,36.57028446761585,-1.319311591184292,0.6980426394703544,2.8910145410513253,42.20519731803136
77,0.73,36.67596047857919,-1.322578618422487,0.6899764362367936,2.838742105240206,41.43224987723288
77,0.7325,36.78189544601428,-1.3257856257169565,0.6819081367718531,2.7874299885286953,40.668728351779144
77,0.735,36.88808459803479,-1.3289333588773422,0.6738440714990691,2.737066257962526,39.91486933772079
77,0.7375,36.99452322313189,-1.3320225812018072,0.6657902713053798,2.6876387007710885,39.17088410322947
77,0.74,37.10120667149518,-1.33505407153563,0.6577524702626628,2.6391348554299197,38.436959547854656
77,0.7425,37.20813035618132,-1.3380286224054712,0.6497361091686562,2.5915420415124615,37.71325917926197
77,0.745,37.31528975413648,-1.3409470382304278,0.6417463398294364,2.5448473883131593,36.999924101692656
77,0.7475,37.42268040707874,-1.3438101336106076,0.6337880300079023,2.499037862230277,36.297074010810384
77,0.75,37.53029792224671,-1.3466187316935065,0.6258657689654189,2.454100292903892,35.60480819003272
77,0.7525000000000001,37.63813797302059,-1.3493736626181385,0.6179838735266152,2.410021398109785,34.92320650386054
77,0.755,37.7461962994218,-1.3520757620365138,0.6101463946005279,2.366787807415783,34.2523303841356
77,0.7575000000000001,37.85446870849748,-1.3547258697117774,0.6023571240945021,2.3243860846115636,33.59222380555121
77,0.76,37.96295107459579,-1.3573248281920285,0.5946196021607416,2.2828027489275438,32.9429142471325
77,0.7625000000000001,38.0716393395382,-1.359873481558608,0.5869371247188165,2.2420242950622704,32.30441363676797
77,0.765,38.18052951269444,-1.362372674247439,0.5793127512010308,2.202037212040979,31.67671927623219
77,0.7675000000000001,38.2896176709662,-1.3648232499417896,0.5717493124710387,2.162828000931361,31.059814744471748
77,0.77,38.398899958684886,-1.3672260505347014,0.5642494188696635,2.124383191444775,30.453670777246135
77,0.7725,38.508372587429186,-1.3695819151591566,0.5568154683452896,2.0866893574534933,29.858246121509858
77,0.775,38.6180318357677,-1.3718916792839657,0.5494496546296466,2.049733131456548,29.273488363202812
77,0.7775,38.72787404893171,-1.374156173873251,0.5421539754230906,2.013501218027982,28.6993347273728
77,0.78,38.83789563842329,-1.3763762246073317,0.5349302405566982,1.977980406282692,28.13571284979346
77,0.7825,38.948093081563385,-1.3785526511627573,0.5277800801015792,1.9431575813958903,27.58254151946111
77,0.785,39.05846292098463,-1.3806862665491924,0.5207049523988004,1.9090197352129277,27.03973139155603
77,0.7875,39.16900176407329,-1.3827778765008496,0.5137061519860812,1.8755539759864037,26.507185670634776
77,0.79,39.27970628236466,-1.3848282789201232,0.5067848174001828,1.8427475372780286,25.9848007639895
77,0.7925,39.39057321089585,-1.386838263371103,0.49994193883638594,1.8105877860623538,25.47246690525626
77,0.795,39.50159934752019,-1.3888086106206583,0.4931783656488696,1.7790622300694674,24.9700687484891
77,0.7975,39.61278155218647,-1.390740092224786,0.4864948136780673,1.7481585244034252,24.477485933036277
77,0.8,39.72411674618708,-1.392633470157964,0.4798918723931124,1.7178644774725735,23.994593619655614
77,0.8025,39.835601911377935,-1.3944894964832828,0.47337001183949934,1.6881680562674712,23.521262998400992
77,0.805,39.947234089373765,-1.3963089130611739,0.4669295893838325,1.659057391021212,23.057361768886445
77,0.8075,40.05901038072137,-1.398092451294597,0.460570856249258,1.6305207792864478,22.602754593604853
77,0.81,40.17092794405405,-1.3998408319086182,0.45429396383662785,1.6025466894621074,22.157303525029857
77,0.8125,40.28298399522961,-1.4015547647623565,0.4480989698279354,1.5751237638022997,21.72086840728075
77,0.8150000000000001,40.39517580645462,-1.4032349486913398,0.44198584406974284,1.5482408209385679,21.29330725316236
77,0.8175,40.50750070539711,-1.4048820713783856,0.4359544742355589,1.5218868579458307,20.874476597425033
77,0.8200000000000001,40.61995607429019,-1.4064968092511796,0.43000467126709613,1.4960510519811279,20.464231827107486
77,0.8225,40.73253934902825,-1.4080798274047925,0.42413617459532577,1.4707227615233163,20.06242748984274
77,0.8250000000000001,40.84524801825815,-1.4096317795474536,0.41834865714304537,1.4458915272407387,19.668917581013698
77,0.8275,40.95807962246675,-1.4111533079679623,0.41264173011142113,1.4215470725125992,19.283555810648643
77,0.8300000000000001,41.07103175306677,-1.412645043523186,0.4070149475536346,1.3976793036290238,18.90619585094543
77,0.8325,41.18410205148235,-1.4141076056441668,0.40146781073930154,1.3742783096933269,18.53669156530606
77,0.835,41.297288208235784,-1.415541602359435,0.3959997723138286,1.3513343622490475,18.17489721975333
77,0.8375,41.41058796203683,-1.416947630334167,0.39061024025730984,1.3288379146533338,17.820667677589007
77,0.84,41.52399909887565,-1.4183262749239367,0.38529858164789393,1.306779601217018,17.473858578135783
77,0.8425,41.63751945112067,-1.4196781102418272,0.38006412623485,1.2851502361307678,17.134326500386827
77,0.845,41.75114689662227,-1.4210036992377693,0.3749061698268052,1.2639408121956957,16.80192911236689
77,0.8475,41.86487935782327,-1.422303593789011,0.36982397750082247,1.2431424993758238,16.476525306986634
77,0.85,41.97871480087711,-1.4235783348007056,0.3648167866380785,1.2227466431887068,16.15797532514673
77,0.8525,42.09265123477436,-1.4248284523156358,0.35988380979208134,1.2027447629498251,15.846140866826534
77,0.855,42.20668671047842,-1.4260544656321728,0.35502423739535294,1.183128549885231,15.540885190863918
77,0.8575,42.32081932007099,-1.4272568834296149,0.3502372403105705,1.1638898651261667,15.242073204108161
77,0.86,42.43504719590764,-1.4284362039000889,0.34552197223216513,1.1450207375985775,14.949571540602063
77,0.8625,42.54936850978449,-1.429592914886281,0.34087757194431045,1.1265133618195113,14.663248631420872
77,0.865,42.66378147211577,-1.4307274940242636,0.3363031654412312,1.1083600956117796,14.382974765771522
77,0.8675,42.778284331123274,-1.4318404088907901,0.33179786791564214,1.0905534577473512,14.108622143926848
77,0.87,42.89287537203756,-1.4329321171544076,0.3273607856210955,1.0730861255294817,13.840064922545984
77,0.8725,43.0075529163115,-1.4340030667298387,0.322991017613834,1.0559509323225815,13.57717925290293
77,0.875,43.122315320846184,-1.4350536959350915,0.31868765737971483,1.0391408650385368,13.319843312523592
77,0.8775000000000001,43.237160977229635,-1.4360844336507923,0.3144497943515653,1.022649061587319,13.067937330703598
77,0.88,43.352088310988144,-1.4370956994812933,0.3102765153222503,1.0064688082993127,12.82134360835745
77,0.8825000000000001,43.467095780850734,-1.438087903917117,0.30616690575854283,0.9905935373261262,12.57994653262396
77,0.885,43.58218187802657,-1.4390614484983617,0.3021200510207707,0.9750168240262169,12.343632586631763
77,0.8875000000000001,43.697345125495445,-1.4400167259786765,0.29813503749304077,0.9597323843411829,12.112290354805541
77,0.89,43.812584077311485,-1.4409541204895049,0.29421095362866895,0.9447340721679229,11.885810524071967
77,0.8925000000000001,43.927897317919914,-1.4418740077042642,0.29034689091532645,0.9300158767317696,11.664085881305239
77,0.895,44.04328346148695,-1.44277675500219,0.2865419447642028,0.9155719199649555,11.447011307330595
77,0.8975,44.15874115124285,-1.4436627216315903,0.2827952153273451,0.9013964538945591,11.234483767785841
77,0.9,44.27426905883791,-1.444532258872268,0.2791058082471789,0.8874838580437134,11.026402301123117
77,0.9025,44.38986588371145,-1.445385710196909,0.275472835342043,0.8738286368494578,10.822668004015163
77,0.905,44.50553035247366,-1.4462234114312307,0.2718954152314045,0.8604254171003058,10.62318401441341
77,0.9075,44.62126121830022,-1.4470456909127276,0.2683726739042876,0.8472689453963546,10.427855492490286
77,0.91,44.737057260339505,-1.4478528696478477,0.2649037452342761,0.8343540856344301,10.236589599682206
77,0.9125,44.85291728313237,-1.4486452614674699,0.26148777144429797,0.821675816520481,10.04929547603532
77,0.915,44.968840116044234,-1.4494231731805451,0.2581239035242708,0.8092292291112786,9.865884216043076
77,0.9175,45.084824612709426,-1.450186904725802,0.2548113016045289,0.7970095243871703,9.68626884315117
77,0.92,45.200869650487554,-1.450936749321411,0.2515491352878059,0.7850120108574242,9.510364283092851
77,0.9225,45.31697412993178,-1.4516729936125259,0.24833658394244312,0.7732321021995884,9.338087336207202
77,0.925,45.43313697426882,-1.452395917816626,0.24517283695931988,0.7616653149339889,9.169356648880333
77,0.9275,45.54935712889045,-1.4531057958665985,0.24205709397491104,0.7503072661344222,9.004092684240485
77,0.93,45.66563356085641,-1.4538028955515094,0.238988565062731,0.7391536711758577,8.8422176922273
77,0.9325,45.781965258408405,-1.454487478655004,0.23596647089532896,0.7282003415199301,8.683655679147297
77,0.935,45.89835123049519,-1.4551598010913303,0.23299004287885247,0.7174431825387091,8.528332376817499
77,0.9375,46.0147905063083,-1.4558201130389206,0.23005852326212228,0.7068781913772719,8.37617521139247
77,0.9400000000000001,46.13128213482855,-1.4564686590715388,0.2271711652220347,0.6965014548553874,8.227113271961418
77,0.9425,46.24782518438271,-1.4571056782869654,0.22432723292701753,0.6863091474085595,8.081077278995348
77,0.9450000000000001,46.364418742210596,-1.4577314044332144,0.2215260015801596,0.6762975290685618,7.937999552717008
77,0.9475,46.48106191404197,-1.45834606603228,0.21876675744355317,0.6664629434835139,7.797813981460671
77,0.9500000000000001,46.5977538236834,-1.4589498865014043,0.2160487978452996,0.6568018159775288,7.660455990082644
77,0.9525,46.71449361261456,-1.4595430842718933,0.2133714311705201,0.6473106516497059,7.525862508477228
77,0.9550000000000001,46.83128043959414,-1.460125872905471,0.21073397683768205,0.6379860335124625,7.393971940249253
77,0.9575,46.94811348027474,-1.4606984612081955,0.20813576526142613,0.6288246206688687,7.264724131587929
77,0.96,47.06499192682697,-1.4612610533419543,0.2055761378030298,0.619823146528735,7.13806034038298
77,0.9625,47.18191498757227,-1.4618138489335526,0.2030544467095784,0.610978417063154,7.013923205620113
77,0.965,47.29888188662436,-1.4623570431814314,0.2005700550428389,0.6022873090970997,6.892256717088614
77,0.9675,47.4158918635392,-1.4628908269600207,0.1981223365987647,0.5937467686396705,6.773006185430063
77,0.97,47.532944172973174,-1.4634153869217779,0.1957106758185198,0.5853538092515582,6.6561182125546114
77,0.9725,47.65003808434928,-1.4639309055969214,0.19333446769183732,0.5771055104492574,6.541540662447426
77,0.975,47.76717288153134,-1.4644375614909066,0.19099311765347374,0.56899901614549,6.429222632385178
77,0.9775,47.88434786250577,-1.4649355291796646,0.18868604147348825,0.5610315331253674,6.319114424580293
77,0.98,48.00156233907099,-1.4654249794026428,0.18641266514200852,0.5532003295577159,6.211167518267673
77,0.9825,48.118815636534194,-1.4659060791536873,0.18417242474910553,0.5455027335410002,6.105334542246439
77,0.985,48.236107093415164,-1.466378991769794,0.1819647663603691,0.5379361316832951,6.001569247887666
77,0.9875,48.35343606115731,-1.4668438770177696,0.17978914588871373,0.5304979677156876,5.899826482616339
77,0.99,48.47080190384538,-1.4673008911788412,0.17764502896292977,0.5231857411385414,5.800062163874863
77,0.9925,48.58820399792997,-1.4677501871312513,0.1755318907934352,0.5159970058999773,5.702233253573008
77,0.995,48.70564173195852,-1.4681919144308737,0.17344921603568245,0.5089293691060257,5.6062977330288
77,0.9975,48.82311450631265,-1.4686262193898905,0.17139649865159998,0.5019804897617548,5.512214578402094
77,1.0,48.940621732951776,-1.4690532451535738,0.16937324176945764,0.49514807754282136,5.419943736622645
77,1.0025,49.058162835162776,-1.4694731317752006,0.16737895754249518,0.4884298915967943,5.329446101812647
77,1.0050000000000001,49.17573724731557,-1.4698860162891474,0.1654131670066329,0.4818237393736418,5.240683492202917
77,1.0075,49.29334441462438,-1.470292032782202,0.16347539993756083,0.4753274754847743,5.1536186275410305
77,1.01,49.410983792914884,-1.4706913124631256,0.16156519470746625,0.4689390005899903,5.068215106988452
77,1.0125,49.52865484839655,-1.471083983730512,0.1596820981416745,0.4626562603118103,4.984437387504182
77,1.0150000000000001,49.64635705744058,-1.4714701722389723,0.15782566537538947,0.4564772441764425,4.902250762709565
77,1.0175,49.76408990636289,-1.4718500009636908,0.15599545971079165,0.450399984580955,4.821621342231182
77,1.02,49.88185289121237,-1.4722235902633805,0.15419105247464307,0.444422555785909,4.742516031515358
77,1.0225,49.999645517564005,-1.4725910579416894,0.15241202287659827,0.43854307293296557,4.664902512109464
77,1.025,50.117467300316854,-1.472952519307072,0.15065795786837252,0.43275969108684414,4.588749222403732
77,1.0275,50.23531776349682,-1.4733080872311834,0.14892845200391028,0.4270706043010618,4.514025338827147
77,1.03,50.353196440063925,-1.4736578722058171,0.1472231073006896,0.4214740447069222,4.440700757490873
77,1.0325,50.47110287172425,-1.4740019823984298,0.14554153310226514,0.41596828162512367,4.3687460762717585
77,1.035,50.58903660874605,-1.4743405237062774,0.14388334594218374,0.4105516206995617,4.298132577329581
77,1.0375,50.70699720978038,-1.4746735998092095,0.14224816940933033,0.4052224030526426,4.228832210049477
77,1.04,50.82498424168565,-1.4750013122211416,0.14063563401482737,0.3999790044617315,4.160817574403176
77,1.0425,50.942997279356454,-1.4753237603402451,0.1390453770605255,0.39481983455607383,4.094061904720198
77,1.045,51.06103590555624,-1.4756410414978876,0.13747704250917953,0.38974333603379696,4.028539053862087
77,1.0475,51.179099710753896,-1.4759532510063487,0.1359302808563524,0.3847479838984251,3.9642234777913323
77,1.05,51.29718829296406,-1.4762604822053471,0.13440474900409963,0.37983228471444413,3.9010902205271547
77,1.0525,51.41530125759117,-1.4765628265074096,0.13290011013648367,0.3749947758814481,3.8391148994803483
77,1.055,51.53343821727708,-1.4768603734421033,0.13141603359693388,0.3702340249263452,3.7782736911586747
77,1.0575,51.65159879175211,-1.4771532106991712,0.12995219476751727,0.3655486288132668,3.718543317235821
77,1.06,51.76978260768956,-1.4774414241705878,0.12850827495010111,0.36093721327059747,3.6599010309747557
77,1.0625,51.887989298563575,-1.477725097991574,0.12708396124946586,0.35639843213481437,3.6023246039987002
77,1.065,52.00621850451018,-1.4780043145805863,0.1256789464583551,0.3519309667106212,3.545792313401101
77,1.0675000000000001,52.124469872191504,-1.478279154678313,0.12429292894448608,0.34753352514699287,3.4902829291871758
77,1.07,52.24274305466306,-1.4785496973857049,0.12292561253952342,0.3432048418287209,3.4357757020392605
77,1.0725,52.36103771124415,-1.47881602020106,0.12157670643001203,0.3389436767830324,3.3822503513981212
77,1.075,52.47935350739098,-1.4790781990561903,0.12024592505028586,0.3347488151009601,3.3296870538532377
77,1.0775000000000001,52.597690114572885,-1.4793363083516895,0.11893298797731681,0.3306190663729699,3.278066431833711
77,1.08,52.71604721015107,-1.4795904209913373,0.11763761982753518,0.32655326413860625,3.2273695425935576
77,1.0825,52.834424477260356,-1.4798406084156452,0.11635955015557638,0.32255026534967707,3.1775778674831647
77,1.085,52.952821604693334,-1.480086940634581,0.11509851335496409,0.3186089498466987,3.128673301500436
77,1.0875000000000001,53.07123828678726,-1.480329486259486,0.11385424856070783,0.31472821984822685,3.0806381431144088
77,1.09,53.189674223313375,-1.4805683125342044,0.11262649955379721,0.3109069994527318,3.03345508435444
77,1.0925,53.308129119368736,-1.4808034853654546,0.11141501466758219,0.3071442341527235,2.987107201158412
77,1.095,53.42660268527047,-1.4810350693524532,0.11021954669600356,0.30343889036073957,2.941577943972906
77,1.0975,53.54509463645227,-1.4812631278158128,0.1090398528036795,0.29978995494698724,2.896851128599577
77,1.1,53.663604693363325,-1.4814877228257366,0.10787569443779338,0.29619643478821456,2.852910927280486
77,1.1025,53.7821325813693,-1.4817089152295222,0.10672683724179359,0.2926573563276401,2.8097418600170876
77,1.105,53.90067803065562,-1.4819267646784042,0.10559305097084908,0.2891717651455359,2.767328786115903
77,1.1075,54.01924077613289,-1.4821413296537325,0.10447410940906073,0.28573872554027835,2.7256568959556025
77,1.11,54.13782055734424,-1.482352667492529,0.10336979028838959,0.28235732011953657,2.6847117029692935
77,1.1125,54.25641711837484,-1.4825608344124155,0.10227987520927859,0.2790266494013544,2.644479035836416
77,1.115,54.375030207763274,-1.4827658855359453,0.1012041495629461,0.2757458314248756,2.604945030878783
77,1.1175,54.49365957841498,-1.4829678749143484,0.10014240245530905,0.2725140013704207,2.5660961246549574
77,1.12,54.61230498751737,-1.4831668555507036,0.09909442663253484,0.26933031118874373,2.5279190467483375
77,1.1225,54.73096619645693,-1.4833628794225546,0.09806001840816089,0.2661939292391362,2.4904008127429114
77,1.125,54.8496429707381,-1.4835559975039851,0.09703897759178434,0.26310403993623555,2.453528717382399
77,1.1275,54.9683350799038,-1.483746259787172,0.09603110741927448,0.260059843405255,2.417290327907362
77,1.1300000000000001,55.08704229745777,-1.4839337153034107,0.09503621448448672,0.257060555145434,2.3816734775656467
77,1.1325,55.205764400788475,-1.484118412143656,0.09405410867245122,0.25410540570150175,2.3466662592915037
77,1.135,55.324501171094745,-1.4843003974785676,0.09308460309400109,0.2511936403429217,2.312257019548631
77,1.1375,55.443252393312875,-1.4844797175780768,0.09212751402182766,0.2483245187507666,2.2784343523330888
77,1.1400000000000001,55.562017856045415,-1.484656417830504,0.09118266082790946,0.24549731471194458,2.2451870933311033
77,1.1425,55.68079735149127,-1.4848305427612072,0.09024986592231793,0.24271131582068045,2.2125043142283074
77,1.145,55.79959067537751,-1.4850021360508139,0.08932895469334533,0.23996582318698303,2.180375317165615
77,1.1475,55.91839762689245,-1.4851712405530024,0.08841975544894361,0.23726015115197108,2.1487896293381525
77,1.1500000000000001,56.03721800862021,-1.4853378983118841,0.08752209935944312,0.2345936270098599,2.1177369977332168
77,1.1525,56.156051626476604,-1.4855021505789734,0.08663582040152161,0.23196559073643397,2.087207384003419
77,1.155,56.274898289646416,-1.4856640378297588,0.08576075530340387,0.2293753947238632,2.057190959471467
77,1.1575,56.393757810522004,-1.4858235997798968,0.08489674349125222,0.22682240352164976,2.0276781002626842
77,1.16,56.51263000464307,-1.4859808754010233,0.08404362703674459,0.22430599358362624,1.9986593825622971
77,1.1625,56.63151469063784,-1.4861359029362025,0.08320125060578727,0.2218255530207577,1.9701255779934363
77,1.165,56.75041169016532,-1.486288719915019,0.08236946140836532,0.21938048135969518,1.94206764911322
77,1.1675,56.869320827858836,-1.4864393631683224,0.08154810914948,0.2169701893068437,1.9144767450230762
77,1.17,56.988241931270736,-1.4865878688426328,0.08073704598116903,0.2145940985178786,1.8873441970906635
77,1.1725,57.107174830818174,-1.4867342724142172,0.07993612645557444,0.2122516413725255,1.8606615147800796
77,1.175,57.22611935973005,-1.4868786087028443,0.07914520747903865,0.20994226075449043,1.8344203815874958
77,1.1775,57.345075353995014,-1.487020911885224,0.07836414826720754,0.2076654098364133,1.8086126510793883
77,1.18,57.46404265231064,-1.4871612155081446,0.07759281030110714,0.20542055186968963,1.783230343030328
77,1.1825,57.583021096033406,-1.4872995525013064,0.07683105728419289,0.20320715997909305,1.758265639658102
77,1.185,57.70201052912992,-1.4874359551898744,0.07607875510032228,0.20102471696200636,1.7337108819529012
77,1.1875,57.82101079812905,-1.4875704553067364,0.07533577177265477,0.19887271509221327,1.7095585660985813
77,1.19,57.94002175207499,-1.4877030840044942,0.07460197742344152,0.19675065592809454,1.685801339983143
77,1.1925000000000001,58.05904324248134,-1.4878338718671793,0.07387724423469036,0.1946580501251315,1.6624319997961339
77,1.195,58.17807512328601,-1.4879628489217118,0.0731614464096869,0.19259441725261495,1.6394434867106533
77,1.1975,58.297117250807226,-1.4880900446490974,0.07245446013534589,0.190559285614437,1.6168288836475215
77,1.2,58.41616948370016,-1.488215487995381,0.07175616354538673,0.18855219207390472,1.5945814121197053
77,1.2025000000000001,58.5352316829147,-1.4883392073823494,0.07106643668429238,0.18657268188241066,1.5726944291543385
77,1.205,58.65430371165376,-1.4884612307180036,0.07038516147205949,0.18462030851194217,1.5511614242908376
77,1.2075,58.77338543533276,-1.488581585406796,0.06971222166969794,0.1826946334912668,1.5299760166525358
77,1.21,58.892476721539644,-1.4887002983596407,0.06904750284547698,0.1807952262457505,1.509131952090201
77,1.2125000000000001,59.011577439995826,-1.4888173960037066,0.06839089234189544,0.178921663940697,1.4886231003953856
77,1.215,59.13068746251784,-1.4889329042919919,0.06774227924335766,0.17707353132812387,1.4684434525817167
77,1.2175,59.24980666297981,-1.4890468487126933,0.06710155434454444,0.17525042059690996,1.4485871182324312
77,1.22,59.36893491727666,-1.4891592542983632,0.06646861011945021,0.1734519312261903,1.429048322912125
77,1.2225,59.488072103287955,-1.4892701456348763,0.0658433406910907,0.17167766984198435,1.4098214056414302
77,1.225,59.607218100842594,-1.4893795468701934,0.06522564180184152,0.16992725007690251,1.3909008164324388
77,1.2275,59.726372791684035,-1.489487481722942,0.06461541078441686,0.16820029243293597,1.372281113883775
77,1.23,59.84553605943636,-1.489593973490801,0.06401254653345066,0.16649642414717936,1.3539569628332482
77,1.2325,59.964707789570916,-1.48969904505872,0.06341694947768443,0.16481527906048024,1.3359231320669673
77,1.235,60.08388786937359,-1.4898027189069436,0.0628285215527359,0.16315649748890204,1.3181744920831668
77,1.2375,60.20307618791275,-1.4899050171188775,0.06224716617443973,0.16151972609795365,1.3007060129094232
77,1.24,60.322272636007824,-1.49000596138878,0.06167278821274832,0.1599046177795206,1.2835127619718691
77,1.2425,60.4414771061985,-1.490105573029287,0.06110529396616969,0.15831083153141065,1.2665899020148612
77,1.245,60.56068949271442,-1.4902038729787812,0.060544591136748406,0.15673803233949576,1.2499326890701432
77,1.2475,60.679909691445566,-1.4903008818086045,0.059990588805553496,0.15518589106233235,1.2335364704737486
77,1.25,60.799137599913216,-1.4903966197301093,0.059443197408682584,0.15365408431825456,1.2173966829298193
77,1.2525,60.91837311724135,-1.4904911066015718,0.05890232871375678,0.15214229437484916,1.201508850619857
77,1.2550000000000001,61.03761614412876,-1.4905843619349524,0.058367895796899584,0.15065020904076595,1.185868583356319
77,1.2575,61.156866582821486,-1.4906764049025119,0.057839813020188986,0.14917752155981298,1.1704715747794252
77,1.26,61.27612433708607,-1.4907672543432957,0.057317996009567496,0.14772393050726937,1.1553136005959685
77,1.2625,61.39538931218297,-1.4908569287694753,0.056802361633209515,0.14628913968839574,1.1403905168592599
77,1.2650000000000001,61.51466141484085,-1.4909454463725602,0.056292827980318046,0.1448728580390386,1.1256982582887889
77,1.2675,61.63394055323097,-1.4910328250294782,0.05578931434036185,0.14347479952834136,1.1112328366290187
77,1.27,61.75322663694242,-1.4911190823085336,0.05529174118272385,0.14209468306346013,1.0969903390459192
77,1.2725,61.87251957695759,-1.491204235475233,0.054800030136763316,0.14073223239627358,1.0829669265605282
77,1.2750000000000001,61.99181928562821,-1.491288301497998,0.054314103972277906,0.1393871760320246,1.0691588325185037
77,1.2775,62.11112567665175,-1.4913712970537594,0.05383388658035519,0.138059247139849,1.055562361094736
77,1.28,62.23043866504836,-1.4914532385334274,0.053359302954609646,0.1367481834651642,1.0421738858322196
77,1.2825,62.34975816713825,-1.49153414204726,0.05289027917278591,0.13545372724384125,1.028989848214128
77,1.285,62.46908410051933,-1.491614023430114,0.052426742378735985,0.13417562511817097,1.0160067562685593
77,1.2875,62.58841638404554,-1.4916928982465925,0.051968620764742714,0.13291362805452264,1.0032211832047606
77,1.29,62.70775493780524,-1.4917707817960801,0.051515843554200656,0.13166749126271887,0.9906297660804164
77,1.2925,62.827099683100386,-1.4918476891176857,0.051068340984628514,0.13043697411702984,0.9782292044988683
77,1.295,62.94645054242578,-1.4919236349950755,0.05062604429101956,0.1292218400787976,0.9660162593358036
77,1.2975,63.065807439448854,-1.491998633961211,0.05018888568951391,0.12802185662062343,0.9539877514945043
77,1.3,63.18517029898981,-1.492072700302994,0.04975679836138873,0.1268367951520964,0.9421405606890173
77,1.3025,63.3045390470021,-1.4921458480658103,0.049329716437360116,0.12566643094703045,0.9304716242545665
77,1.305,63.42391361055333,-1.49221809105799,0.04890757498218291,0.12451054307215945,0.918977935984412
77,1.3075,63.54329391780639,-1.4922894428551698,0.04849030997955465,0.12336891431728912,0.9076565449927421
77,1.31,63.66267989800108,-1.492359916804573,0.048077858317300104,0.12224133112683225,0.8965045546026473
77,1.3125,63.782071481435985,-1.492429526029204,0.04767015777284591,0.12112758353273628,0.8855191212588519
77,1.315,63.90146859945069,-1.4924982834319533,0.04726714699896823,0.12002746508874773,0.8746974534644038
77,1.3175000000000001,64.02087118440836,-1.492566201699625,0.04686876550981126,0.11894077280598975,0.8640368107408072
77,1.32,64.14027916967854,-1.4926332933068858,0.04647495366717136,0.11786730708982973,0.8535345026110441
77,1.3225,64.25969248962046,-1.4926995705201251,0.04608565266703631,0.11680687167799454,0.8431878876048395
77,1.325,64.37911107956641,-1.4927650454012538,0.045700804526384045,0.11575927357993479,0.8329943722858182
77,1.3275000000000001,64.4985348758056,-1.4928297298114142,0.04532035207021946,0.11472432301736649,0.8229514102997351
77,1.33,64.61796381556823,-1.492893635414624,0.04494423891886049,0.11370183336600946,0.8130565014435727
77,1.3325,64.73739783700981,-1.4929567736813454,0.044572409475458145,0.11269162109847067,0.8033071907548188
77,1.335,64.85683687919591,-1.4930191558919848,0.04420480891374389,0.11169350572824512,0.7937010676204208
77,1.3375000000000001,64.97628088208704,-1.493080793140322,0.04384138316601099,0.11070730975483636,0.7842357649051488
77,1.34,65.09572978652382,-1.4931416963368795,0.043482078911308474,0.1097328586099334,0.7749089580986138
77,1.3425,65.21518353421253,-1.4932018762122083,0.043126843563858965,0.10876998060466367,0.7657183644807795
77,1.345,65.33464206771079,-1.4932613433201338,0.04277562526168079,0.10781850687785542,0.756661742305267
77,1.3475,65.45410533041357,-1.4933201080409162,0.04242837285542524,0.10687827134533517,0.7477368900003004
77,1.35,65.57357326653943,-1.4933781805843633,0.04208503589740771,0.10594911065018588,0.7389416453865825
77,1.3525,65.69304582111695,-1.4934355709928748,0.041745564630846985,0.10503086411400289,0.7302738849120256
77,1.355,65.81252293997157,-1.493492289144433,0.04140990997928732,0.10412337368906271,0.7217315229025717
77,1.3575,65.93200456971245,-1.493548344755535,0.0410780235362194,0.10322648391144558,0.7133125108290799
77,1.36,66.05149065771973,-1.493603747384059,0.04074985755488412,0.10234004185505491,0.7050148365896904
77,1.3625,66.1709811521319,-1.4936585064320929,0.04042536493825556,0.10146389708651737,0.6968365238073174
77,1.365,66.29047600183348,-1.4937126311486897,0.04010449922920694,0.10059790162096519,0.6887756311420371
77,1.3675,66.40997515644294,-1.4937661306325838,0.03978721460084476,0.09974190987865457,0.6808302516178497
77,1.37,66.52947856630067,-1.493819013834848,0.03947346584702079,0.09889577864243344,0.6729985119636982
77,1.3725,66.64898618245729,-1.4938712895614996,0.039163208373003494,0.09805936701600601,0.6652785719681682
77,1.375,66.7684979566623,-1.493922966476062,0.03885639818631756,0.09723253638300697,0.657668623847755
77,1.3775,66.88801384135256,-1.4939740531020713,0.0385529918877441,0.09641515036685964,0.6501668916283208
77,1.3800000000000001,67.00753378964136,-1.494024557825538,0.03825294666247441,0.09560707479138987,0.6427716305393725
77,1.3825,67.12705775530739,-1.494074488897363,0.03795622027141801,0.09480817764219149,0.6354811264209366
77,1.385,67.24658569278415,-1.4941238544357047,0.03766277104266245,0.09401832902872964,0.6282936951427482
77,1.3875,67.36611755714932,-1.494172662428302,0.03737255786308129,0.0932374011471645,0.6212076820354718
77,1.3900000000000001,67.48565330411449,-1.4942209207347583,0.03708554017008143,0.09246526824386662,0.6142214613335777
77,1.3925,67.60519289001493,-1.4942686370887728,0.03680167794349712,0.09170180657963473,0.6073334356297853
77,1.395,67.72473627179969,-1.4943158191003385,0.03652093169761973,0.09094689439458126,0.6005420353406721
77,1.3975,67.84428340702165,-1.4943624742578945,0.03624326247336356,0.09020041187368334,0.5938457181832542
77,1.4,67.9638342538281,-1.494408609930439,0.03596863183056337,0.08946224111297392,0.5872429686622591
105,0.0,44.3614195558365,-0.015625000000000052,0.0,47.499999999999986,94.99999999999997
105,0.0025,44.36421644623058,-0.019336224696867643,9.278765319935807e-06,47.38124080970024,95.01455687614266
105,0.005,44.36760717714485,-0.023048000748989685,3.712040235111738e-05,47.26246397603234,95.02823001886048
105,0.0075,44.37159183403844,-0.02676029370954778,8.353214931745915e-05,47.14367060129448,95.0410232234202
105,0.01,44.37617049687086,-0.03047306928065121,0.00014852021925061354,47.024861783019176,95.05294032039266
105,0.0125,44.38134324012601,-0.03418629331480335,0.00023208980756864837,46.9060386139263,95.06398518011835
105,0.015,44.38711013283627,-0.0378999318165429,0.00033424509978717586,46.787202181870626,95.07416171724114
105,0.0175,44.39347123860708,-0.04161395094426427,0.0004549892793818558,46.66835356978354,95.08347389531026
105,0.02,44.40042661564163,-0.04532831701221977,0.0005943245358215695,46.54949385560897,95.09192573145113
105,0.0225,44.40797631676603,-0.049042996492703446,0.000752252072791957,46.43062411223348,95.09952130110668
105,0.025,44.416120389454754,-0.05275795601842373,0.0009287721166293965,46.31174540741044,95.10626474285019
105,0.0275,44.424858875856486,-0.0564731623850645,0.0011238839249858986,46.192858803677936,95.11216026326944
105,0.03,44.434191812820465,-0.06018858255403894,0.0013375857957458387,46.07396535827075,95.1172121419263
105,0.0325,44.4441192319232,-0.06390418365543706,0.0015698750762158278,45.955066123026015,95.12142473639098
105,0.035,44.45464115949572,-0.06761993299117328,0.0018207481726095032,45.836162144282454,95.12480248735362
105,0.0375,44.46575761665133,-0.07133579803833415,0.002090200559849467,45.717254462773305,95.12734992381576
105,0.04,44.47746861931392,-0.07505174645273142,0.0023782267917090622,45.598344113512596,95.12907166836249
105,0.0425,44.48977417824684,-0.07876774607266111,0.0026848205113171957,45.479432125674855,95.1299724425193
105,0.045,44.50267429908244,-0.08248376492287442,0.0030099744620499303,45.36051952246802,95.13005707219533
105,0.0475,44.51616898235225,-0.08619977121876346,0.0033536804988330885,45.24160732099958,95.12933049321559
105,0.05,44.530258223517755,-0.08991573337076449,0.003715929599880677,45.12269653213554,95.12779775694531
105,0.0525,44.54494201300206,-0.09363161998898188,0.004096711878894635,45.00378816035257,95.12546403601151
105,0.055,44.560220336222166,-0.09734739988803894,0.004496016597751872,44.88488320358276,95.12233463012224
105,0.0575,44.57609317362212,-0.10106304209215711,0.004913832179705307,44.76598265305097,95.1184149719893
105,0.06,44.59256050070696,-0.10477851584046868,0.005350146223126463,44.647087493105,95.11371063335935
105,0.0625,44.60962228807754,-0.10849379059256768,0.005804945515817563,44.528198701037844,95.10822733115495
105,0.065,44.62727850146628,-0.11220883603430262,0.0062782160499222205,44.40931724690231,95.10197093373303
105,0.0675,44.64552910177384,-0.11592362208381606,0.006769943037464421,44.290444093317895,95.09494746726429
105,0.07,44.66437404510677,-0.11963811889783561,0.0072801109265464275,44.17158019526925,95.08716312223903
105,0.0725,44.68381328281624,-0.12335229687822229,0.007808703418237202,44.05272649989688,95.07862426010577
105,0.075,44.703846761537754,-0.12706612667878037,0.008355703484183847,43.933883946279025,95.06933742004732
105,0.0775,44.72447442323207,-0.13077957921233443,0.008921093384979675,43.815053465205295,95.05930932590203
105,0.08,44.7456962052272,-0.13449262565808054,0.009504854689323624,43.696235978941424,95.04854689323624
105,0.0825,44.767512040261636,-0.13820523746921645,0.010106968294006782,43.57743240098506,95.03705723657433
105,0.085,44.789921856528856,-0.14191738638085666,0.010727414444763338,43.45864363581259,95.02484767679634
105,0.08750000000000001,44.81292557772302,-0.14562904441824093,0.011366172758024097,43.33987057861628,95.01192574870754
105,0.09,44.836523123086124,-0.14934018390524154,0.012023222243612615,43.22111411503227,94.99829920879104
105,0.0925,44.860714407456456,-0.15305077747317708,0.01269854132842512,43.10237512085833,94.98397604315065
105,0.095,44.8854993413185,-0.15676079806994012,0.013392107881137372,42.98365446176192,94.9689644756556
105,0.0975,44.91087783085438,-0.16047021896944766,0.0141038992379825,42.86495299297767,94.95327297629242
105,0.1,44.93684977799677,-0.16417901378142166,0.014833892229646775,42.7462715589945,94.93691026973934
105,0.10250000000000001,44.963415080483436,-0.16788715646150928,0.015582063209330864,42.62761099323171,94.91988534416896
105,0.105,44.99057363191341,-0.1715946213217513,0.016348388082027383,42.50897211770396,94.90220746029503
105,0.1075,45.018325321804895,-0.17530138304140913,0.017132842335066685,42.390355742674906,94.88388616067219
105,0.11,45.046670035654884,-0.17900741667816028,0.01793540106998534,42.27176266629888,94.86493127926131
105,0.1125,45.075607655000645,-0.18271269767967235,0.018756039035774292,42.15319367425049,94.84535295127345
105,0.115,45.105138057483074,-0.18641720189556826,0.019594730663566352,42.03464953934181,94.82516162330786
105,0.11750000000000001,45.13526111691198,-0.19012090558979233,0.02045145010282451,41.91613102112664,94.8043680637949
105,0.12,45.16597670333339,-0.1938237854533911,0.021326171259096218,41.797638865491486,94.78298337376097
105,0.1225,45.197284683098964,-0.19752581861772114,0.02221886783340137,41.679173804232924,94.76101899793004
105,0.125,45.229184918937484,-0.20122698266809716,0.0231295133633247,41.560736554620895,94.73848673617798
105,0.1275,45.26167727002866,-0.2049272556578951,0.024058081265887016,41.44232781894735,94.7153987553568
105,0.13,45.29476159207915,-0.20862661612312391,0.025004544882272564,41.32394828406003,94.69176760150556
105,0.1325,45.328437737400975,-0.21232504309748296,0.025968877524494206,41.205598620880544,94.66760621246729
105,0.135,45.362705554992395,-0.21602251612792034,0.026951052524081243,41.087279483906556,94.64292793093001
105,0.1375,45.397564890621325,-0.2197190152907082,0.02795104328287949,40.968991510697336,94.6177465179127
105,0.14,45.43301558691133,-0.22341452120805577,0.028968823326056655,40.85073532134221,94.5920761667156
105,0.14250000000000002,45.46905748343033,-0.22710901506527523,0.030004366357411917,40.73251151791119,94.56593151735856
105,0.145,45.505690416782144,-0.23080247862852152,0.031057646317091434,40.61432068388731,94.53932767152685
105,0.1475,45.54291422070084,-0.23449489426312778,0.03212863744181915,40.49616338357991,94.51228020805175
105,0.15,45.58072872614813,-0.23818624495255397,0.03321731432775455,40.37804016151827,94.48480519894628
105,0.1525,45.61913376141386,-0.2418765143179755,0.03432365199609734,40.25995154182478,94.4569192260244
105,0.155,45.658129152219615,-0.24556568663853073,0.03544762596156295,40.14189802756702,94.42863939812814
105,0.1575,45.697714721825655,-0.24925374687225602,0.03658921230386061,40.0238801000878,94.39998336899286
105,0.16,45.737890291141284,-0.25294068067772923,0.03774838774230987,39.90589821831266,94.37096935577466
105,0.1625,45.77865567883871,-0.25662647443645237,0.0389251297137415,39.78795281803352,94.34161615827524
105,0.165,45.82001070147056,-0.2603111152759975,0.0401194164538322,39.670044311168084,94.31194317888928
105,0.1675,45.86195517359113,-0.26399459109394796,0.04133122708203417,39.55217308499366,94.2819704433125
105,0.17,45.9044889078816,-0.2676768905826634,0.042560541690264735,39.43433950135478,94.25171862203953
105,0.17250000000000001,45.9476117152792,-0.27135800325490045,0.043807341435531715,39.31654389584318,94.2212090526874
105,0.17500000000000002,45.991323405110585,-0.27503791947032175,0.04507160863667887,39.1987865769497,94.19046376318194
105,0.1775,46.03562378522955,-0.27871663046292927,0.04635332687544449,39.08106782518626,94.15950549584439
105,0.18,46.080512662159144,-0.2823941283694554,0.047652481102035585,38.96338789217743,94.12835773241598
105,0.1825,46.12598984123848,-0.28607040625875163,0.04896905774543176,38.84574699971994,94.09704472006405
105,0.185,46.17205512677426,-0.2897454581622124,0.050303044828640946,38.72814533880921,94.0655914984082
105,0.1875,46.21870832219734,-0.2934192791052751,0.051654432089143824,38.6105830686312,94.03402392761471
105,0.19,46.265949230224294,-0.2970918651400397,0.053023211104772434,38.49306031551873,94.0023687176021
105,0.1925,46.31377765302443,-0.3007632133790517,0.054409375425282666,38.37557717187035,93.9706534584069
105,0.195,46.36219339239223,-0.3044333220302937,0.05581292070989257,38.258133695030594,93.93890665175869
105,0.1975,46.41119624992548,-0.30810219043343634,0.057233844871072345,38.14072990613005,93.90715774391616
105,0.2,46.46078602720936,-0.3117698190973959,0.05867214822488688,38.02336578888333,93.87543715981899
105,0.2025,46.51096252600658,-0.31543620973925357,0.06012783364820421,37.906041288343886,93.84377633860859
105,0.20500000000000002,46.56172554845394,-0.3191013653245901,0.06160090674310314,37.78875630961311,93.81220777057942
105,0.20750000000000002,46.61307489726538,-0.3227652901092914,0.06309137600882601,37.67151071650268,93.78076503561886
105,0.21,46.665010375941876,-0.3264279896828872,0.06459925302164217,37.554304330147616,93.74948284319953
105,0.2125,46.71753178898841,-0.33008947101348307,0.0661245526230054,37.437136927568545,93.71839707398966
105,0.215,46.77063894213825,-0.3337497424943501,0.06766729311640755,37.320008240180805,93.68754482314947
105,0.2175,46.8243316425848,-0.33740881399223877,0.06922749647335064,37.202917952248356,93.65696444538386
105,0.22,46.87860969922136,-0.3410666968974924,0.0708051885488822,37.08586569928025,93.62669560182769
105,0.2225,46.93347292288901,-0.3447234041760233,0.07240039930715765,36.96885106636725,93.59677930883655
105,0.225,46.98892112663302,-0.34837895042323885,0.0740131630575211,36.85187358645636,93.56725798876741
105,0.2275,47.04495412596799,-0.35203335191998564,0.07564351870161527,36.73493273856047,93.5381755228282
105,0.23,47.10157173915215,-0.355686626690606,0.07729150999206227,36.61802794590061,93.50957730608668
105,0.2325,47.158773787471105,-0.35933879456318285,0.07895718580327864,36.501158573978145,93.48151030472576
105,0.23500000000000001,47.216560095531406,-0.3629898772320672,0.0806406004150191,36.38432392857385,93.45402311564004
105,0.23750000000000002,47.27493049156431,-0.3666398983227817,0.08234181380927376,36.26752325367099,93.42716602847239
105,0.24,47.333884807740134,-0.3702888834593967,0.08406089198117014,36.150755729299306,93.40099109018905
105,0.2425,47.39342288049356,-0.3739368603344794,0.08579790726456853,36.034020469296664,93.37555217230117
105,0.245,47.45354455086041,-0.37758385878172307,0.0875529386730705,35.91731651898486,93.35090504084152
105,0.2475,47.51424966482617,-0.3812299108513646,0.08932607225719515,35.80064285275633,93.3271074292091
105,0.25,47.575538073686886,-0.38487505088850643,0.09111740147851735,35.683998371567796,93.30421911400177
105,0.2525,47.63740963442285,-0.3885193156144599,0.09292702760159835,35.56738190033728,93.28230199395816
105,0.255,47.69986421008543,-0.39216274421123626,0.09475506010458122,35.45079218524043,93.26142017213684
105,0.2575,47.76290167019782,-0.3958053784093126,0.09660161710936538,35.33422789090199,93.24164004146493
105,0.26,47.826521891170025,-0.3994472625788068,0.0984668258323186,35.21768759747819,93.22303037379274
105,0.2625,47.89072475672872,-0.4030884438242038,0.10035082305653184,35.10116979762548,93.20566241259738
105,0.265,47.955510158362586,-0.4067289720827746,0.10225375562666886,34.98467289335122,93.18960996948104
105,0.2675,48.02087799578369,-0.4103689002268434,0.10417578096751337,34.86819519274101,93.17494952461672
105,0.27,48.08682817740553,-0.414008284170056,0.10611706762737083,34.75173490655821,93.16176033129949
105,0.2725,48.15336062083841,-0.4176471829778168,0.10807779584753086,34.63529014470986,93.15012452476356
105,0.275,48.220475253402896,-0.4212856589820616,0.11005815815905891,34.51885891257403,93.14012723543496
105,0.2775,48.28817201266186,-0.42492377790054414,0.11205836000823959,34.40243910718258,93.1318567067911
105,0.28,48.35645084697216,-0.4285616089608184,0.11407862041205702,34.28602851325381,93.12540441800572
105,0.28250000000000003,48.42531171605638,-0.4321992250291099,0.11611917264515807,34.16962479906848,93.12086521156068
105,0.28500000000000003,48.494754591595694,-0.43583670274427067,0.1181802649598129,34.05322551218334,93.11833742601445
105,0.28750000000000003,48.564779457844544,-0.4394741226570245,0.12026216134044881,33.936828074975224,93.11792303411687
105,0.29,48.635386312268054,-0.4431115693747142,0.12236514229440512,33.820429780009135,93.11972778646764
105,0.2925,48.70657516620306,-0.4467491317117749,0.12448950568062778,33.704027785223204,93.12386136091962
105,0.295,48.778346045543636,-0.4503869028461547,0.12663556757809089,33.58761910892305,93.13043751792954
105,0.2975,48.85069899145223,-0.45402498048192685,0.12880366319580933,33.471200624578344,93.13957426206395
105,0.3,48.923634061097225,-0.4576634670183318,0.1309941478263803,33.354769055413385,93.15139400987044
105,0.3025,48.99715132841821,-0.46130246972550726,0.13320739784506477,33.23832096878377,93.16602376432371
105,0.305,49.07125088491978,-0.4649421009271607,0.135443811756502,33.121852770330854,93.18359529606157
105,0.3075,49.14593284049519,-0.4685824781904616,0.1377038112912186,33.005360697905225,93.20424533161996
105,0.31,49.22119732428107,-0.47222372452342354,0.1399878425541793,32.88884081525045,93.2281157488811
105,0.3125,49.2970444855442,-0.47586596858006625,0.14229637722769425,32.772289005437884,93.25535377994171
105,0.315,49.37347449460185,-0.4795093448736516,0.14462991383107748,32.65570096404314,93.28611222160704
105,0.3175,49.45048754377687,-0.4831539939982928,0.14698897903952055,32.53907219205463,93.32054965371012
105,0.32,49.52808384838893,-0.48680006285924804,0.14937412906471703,32.422397988504066,93.35883066544814
105,0.3225,49.60626364778332,-0.490447704912215,0.15178595109983653,32.30567344280912,93.40112608991802
105,0.325,49.68502720639879,-0.4940970804119506,0.15422506483151066,32.18889342681757,93.44761324702183
105,0.3275,49.76437481487593,-0.497748356670544,0.15669212402154695,32.0720525865426,93.49847619489776
105,0.33,49.844306791207664,-0.5014017083256801,0.15918781816113003,31.95514533357823,93.55390599001213
105,0.3325,49.9248234819335,-0.5050573176192357,0.16171287420031763,31.83816583618446,93.61410095603213
105,0.335,50.00592526337919,-0.5087153746865484,0.16426805835564973,31.721108010030445,93.67926696156454
105,0.3375,50.08761254294357,-0.5123760778567128,0.1668541779987213,31.60396550858519,93.74961770682611
105,0.34,50.169885760434305,-0.5160396339642453,0.1694720836285529,31.486731713144152,93.82537501926802
105,0.3425,50.25274538945454,-0.5197062586724754,0.17212267093058256,31.36939972248079,93.9067691581419
105,0.34500000000000003,50.3361919388421,-0.5233761768090053,0.17480688292505658,31.251962342111838,93.99403912794472
105,0.34750000000000003,50.4202259541635,-0.5270496227135861,0.17752571220754157,31.134412073165247,94.08743300063274
105,0.35000000000000003,50.504848019264536,-0.5307268405987495,0.1802802032841754,31.016741100840022,94.18720824642631
105,0.3525,50.590058757879646,-0.5344080849235232,0.18307145500416122,30.89894128244725,94.2936320729647
105,0.355,50.675858835302165,-0.5380936207805569,0.18590062309184763,30.781004135022187,94.40698177249156
105,0.3575,50.76224896011757,-0.5417837242969553,0.18876892278053004,30.662920822497433,94.52754507666036
105,0.36,50.849229886001986,-0.5454786830491154,0.19167763154987022,30.54468214242831,94.65562051845444
105,0.3625,50.93680241358821,-0.5491787964918292,0.194628091968526,30.42627851226147,94.79151780060434
105,0.365,51.02496739240158,-0.5528843764018916,0.1976217146432192,30.307699955139462,94.93555816975815
105,0.3675,51.1137257228679,-0.5565957473364253,0.20065998127505588,30.188936085234392,95.08807479552836
105,0.37,51.20307835839601,-0.560313247106087,0.20374444782339451,30.069976092605213,95.24941315337655
105,0.3725,51.2930263075372,-0.5640372272632902,0.20687674777699308,29.950808727574717,95.41993141013509
105,0.375,51.383570636223894,-0.5677680536055123,0.21005859553146577,29.83142228462361,95.60000081076487
105,0.3775,51.47471247009022,-0.5715061066937107,0.21329178987132155,29.71180458580125,95.7900060647486
105,0.38,51.566452996876585,-0.5752517823857951,0.2165782175539401,29.59194296365456,95.99034573027816
105,0.3825,51.65879346892089,-0.5790054923850291,0.2199198569918298,29.471824243679073,96.20143259414488
105,0.385,51.75173520573861,-0.5827676648031506,0.22331878202834535,29.351434726299175,96.42369404495938
105,0.3875,51.845279596694205,-0.5865387447378982,0.22677716580071572,29.230760168387256,96.6575724370168
105,0.39,51.939428103765984,-0.5903191948645177,0.23029728468276087,29.109785764335435,96.90352544179287
105,0.3925,52.03418226440674,-0.5941094960407038,0.233881522297982,28.98849612669747,97.1620263836803
105,0.395,52.129543694502196,-0.5979101479242901,0.2375323735918459,28.86687526642271,97.43356455618097
105,0.3975,52.22551409142923,-0.6017216696028362,0.2412524489499758,28.744906572709247,97.71864551432903
105,0.4,52.32209523721575,-0.605544600234101,0.24504447834662896,28.622572792508773,98.01779133865156
105,0.4025,52.41928900180378,-0.6093794996961868,0.2489113155052311,28.499856009722027,98.33154086545913
105,0.405,52.517097346417344,-0.6132269492459275,0.2528559420498654,28.37673762413032,98.66044987771
105,0.40750000000000003,52.61552232703614,-0.6170875521838607,0.25688147162342373,28.253198330116458,99.00509125009819
105,0.41000000000000003,52.71456609797605,-0.6209619345238615,0.2609911539446269,28.129218095236425,99.36605504138083
105,0.41250000000000003,52.81423091557708,-0.6248507456652275,0.26518837877226603,28.004776138712728,99.74394852628113
105,0.41500000000000004,52.91451914199873,-0.628754659064694,0.269476679740794,27.879850909929793,100.13939615857636
105,0.4175,53.01543324912284,-0.6326743729055184,0.2738597380268115,27.754420067023414,100.55303945622109
105,0.42,53.11697582256294,-0.6366106107603913,0.2783413858009562,27.62846045566748,100.98553679853288
105,0.4225,53.219149565778956,-0.6405641222445319,0.28292560941429273,27.501948088174977,101.43756312462303
105,0.425,53.32195730429538,-0.644535683654889,0.28761655226241606,27.374858123043552,101.90980952135436
105,0.4275,53.42540199002028,-0.648526098590881,0.292418517264173,27.247164845091813,102.40298268818208
105,0.43,53.52948670566183,-0.652536198551609,0.2973359688851112,27.118841646348507,102.91780426526296
105,0.4325,53.63421466923812,-0.6565668435039168,0.30237353462853744,26.98986100787466,103.45501001023166
105,0.435,53.73958923867512,-0.6606189224150851,0.3075360059093746,26.860194482717276,104.01534880803263
105,0.4375,53.845613916486634,-0.6646933537433184,0.31282833821784983,26.72981268021381,104.5995814971684
105,0.44,53.95229235452878,-0.6687910858785098,0.31825565047150867,26.598685251887684,105.20847949471361
105,0.4425,54.05962835882056,-0.6729130975250647,0.32382322344508047,26.466780879197938,105.84282320143075
105,0.445,54.16762589442037,-0.6770603980178092,0.32953649715843797,26.334067263430114,106.50340016735275
105,0.4475,54.27628909034712,-0.6812340275612314,0.33540106709331435,26.200511118040588,107.19100299727035
105,0.45,54.38562224453279,-0.6854350573814794,0.3414226790996645,26.06607816379266,107.90642697470878
105,0.4525,54.49562982879152,-0.6896645897796845,0.347607222842683,25.930733127050097,108.65046738222502
105,0.455,54.60631649378858,-0.693923758074311,0.35396072363162634,25.794439741622057,109.42391649522563
105,0.4575,54.71768707399037,-0.6982137264193199,0.36048933246189413,25.657160754581763,110.22756022603826
105,0.46,54.829746592574374,-0.7025356894840291,0.3671993140924979,25.51885793651106,111.06217439470635
105,0.4625,54.942500266275935,-0.7068908719796263,0.37409703297222047,25.379492096651965,111.92852060293754
105,0.465,55.05595351014588,-0.711280528016377,0.38118893681980215,25.239023103475944,112.82734168790535
105,0.4675,55.17011194219066,-0.7157059402746706,0.388481537656548,25.097409911210548,113.75935673319373
105,0.47000000000000003,55.28498138786376,-0.7201684189721759,0.3959813900842233,24.95461059289037,114.72525561516653
105,0.47250000000000003,55.400567884374375,-0.7246693006085576,0.40369506659730375,24.810582380526164,115.7256930644828
105,0.47500000000000003,55.51687768477609,-0.7292099464684481,0.41162912971703863,24.665281713009662,116.7612822244453
105,0.47750000000000004,55.63391726179541,-0.733791740862705,0.41979010073569895,24.51866429239344,117.83258769040204
105,0.48,55.75169331135657,-0.7384160890874225,0.42818442486344055,24.37068514920248,118.94011801762238
105,0.4825,55.87021275575585,-0.7430844150797535,0.4368184325778058,24.221298717447887,120.08431768897772
105,0.485,55.9894827464351,-0.747798158749343,0.44569829698768365,24.070458920021025,121.26555853847063
105,0.4875,56.10951066630094,-0.7525587729641338,0.45482998704003547,23.918119265147723,122.48413063221469
105,0.49,56.230304131532705,-0.7573677201694833,0.46421921641959374,23.76423295457653,123.74023261496878
105,0.4925,56.35187099281859,-0.7622264686199942,0.4738713880195428,23.60875300416019,125.03396153779067
105,0.495,56.47421933595675,-0.7671364882042272,0.4837915338956506,23.45163237746473,126.36530219088517
105,0.4975,56.597357481754365,-0.7720992458436008,0.4939842506579332,23.29282413300478,127.73411597528435
105,0.5,56.72129398515544,-0.7771162004482792,0.5044536303033063,23.132281585655065,129.1401293576464
105,0.5025000000000001,56.84603763352499,-0.7821887974148314,0.5152031865503415,22.969958482725396,130.58292196419632
105,0.505,56.971597444015345,-0.7873184626528553,0.5262357768035076,22.80580919510863,132.06191438260754
105,0.5075000000000001,57.09798265993839,-0.7925065961307329,0.537553519949588,22.63978892381655,133.57635575441725
105,0.51,57.22520274606611,-0.7977545649341773,0.5491577102732561,22.47185392210632,135.1253112552418
105,0.5125,57.35326738278151,-0.8030636958353485,0.5610487278722338,22.301961733268847,136.70764957553064
105,0.515,57.48218645900138,-0.8084352673750118,0.5732259460545238,22.130071443999622,138.322030530642
105,0.5175,57.61197006379389,-0.8138705014655783,0.5856876363105389,21.956143953101495,139.96689294545774
105,0.52,57.74262847661513,-0.8193705545288584,0.5984308715705319,21.780142255076534,141.6404429752738
105,0.5225,57.8741721560918,-0.8249365081889888,0.6114514285813756,21.60203173795236,143.3406430409855
105,0.525,58.006611727281054,-0.8305693595482694,0.6247436903648541,21.421780494455383,145.0652015722473
105,0.5275,58.13995796734326,-0.8362700110814869,0.6383005498500992,21.23935964539242,146.81156376687443
105,0.53,58.27422178957044,-0.8420392601927126,0.6521133159032417,21.054743673833194,148.57690358778024
105,0.5325,58.40941422572001,-0.8478777884874129,0.6661716231047116,20.867910768402787,150.35811722965565
105,0.535,58.54554640661359,-0.8537861508219611,0.6804633467457025,20.678843173697246,152.15181829583355
105,0.5375,58.6826295409704,-0.8597647642021378,0.6949745246260901,20.487527545531588,153.95433493069038
105,0.54,58.82067489245796,-0.8658138966118227,0.7096892873327131,20.29395530842167,155.76170915395622
105,0.5425,58.95969375495546,-0.8719336558626503,0.7245897987545568,20.09812301239519,157.56969863973882
105,0.545,59.0996974260417,-0.8781239785647396,0.7396562086457118,19.900032685928338,159.37378117439795
105,0.5475,59.24069717873498,-0.8843846193274844,0.7548666190729646,19.699692181520497,161.1691620130347
105,0.55,59.38270423153143,-0.8907151403076086,0.7701970665779296,19.497115510156522,162.95078433384293
105,0.5525,59.525729716806985,-0.8971149012289458,0.7856215218392931,19.29232316067374,164.71334296255935
105,0.555,59.66978464766902,-0.9035830500045234,0.801111908534876,19.085342399855254,166.45130150550136
105,0.5575,59.814879883364554,-0.9101185140961412,0.8166381429724571,18.87620754892348,168.15891298916046
105,0.56,59.96102609337438,-0.9167199927495875,0.8321681958800936,18.664960232013208,169.83024405716193
105,0.5625,60.10823372034392,-0.923385950244571,0.8476681775195007,18.451649592173727,171.45920272196915
105,0.5650000000000001,60.25651294202468,-0.9301146102972404,0.863102447009797,18.236332470488296,173.0395696096076
105,0.5675,60.40587363242115,-0.9369039517494757,0.8784337464248169,18.01907354401677,174.56503257175814
105,0.5700000000000001,60.55632532235956,-0.9437517056729597,0.8936233598583533,17.799945418465295,176.02922447194396
105,0.5725,60.7078771597145,-0.9506553540070888,0.9086312972426233,17.579028671773166,177.42576388254346
105,0.5750000000000001,60.86053786954754,-0.9576121298381493,0.9234165022628239,17.35641184517923,178.748298358626
105,0.5775,61.01431571442812,-0.9646190194127391,0.9379370832428474,17.13219137879235,179.99054988487393
105,0.58,61.169218455220545,-0.9716727659613554,0.9521505653944453,16.90647148923663,181.14636202510258
105,0.5825,61.32525331263143,-0.9787698753884398,0.9660141623356172,16.679363987569918,182.2097482421249
105,0.585,61.482426929819326,-0.9859066238633074,0.9794850643067481,16.45098803637416,183.17494080102824
105,0.5875,61.64074533637184,-0.9930790673225224,0.992520740058521,16.221469845679284,184.03643962334547
105,0.59,61.800213913955254,-1.0002830528688653,1.0050792489679163,15.990942308196317,184.78906042501194
105,0.5925,61.96083736393708,-1.0075142320255104,1.0171195595717593,15.759544575183668,185.42798144910563
105,0.595,62.12261967727335,-1.014768075776908,1.0286018704043978,15.527421575138952,185.94878809655097
105,0.5975,62.2855641069392,-1.02203989130075,1.0394879287995173,15.294723478375998,186.3475147652712
105,0.6,62.44967314316383,-1.0293248402688513,1.0497413431759028,15.061605111396757,186.62068323127164
105,0.6025,62.61494849170952,-1.0366179585694582,1.0593278842815244,14.82822532577733,186.7653369439715
105,0.605,62.7813910554086,-1.0439141772799783,1.0682157709246896,14.594746327040694,186.77907066233217
105,0.6075,62.94900091914347,-1.0512083446980336,1.0763759358777565,14.361332969662918,186.66005492706438
105,0.61,63.11777733842233,-1.058495249220572,1.083782267896766,14.128152024941702,186.40705494596352
105,0.6125,63.28771873166848,-1.0657696428460333,1.0904118261551703,13.895371428926934,186.0194435623314
105,0.615,63.45882267630413,-1.073026265063644,1.0962450238338217,13.66315951796339,185.4972080781667
105,0.6175,63.63108590867138,-1.0802598668870766,1.1012657781317219,13.431684259613547,184.84095081166436
105,0.62,63.80450432779366,-1.0874652347871754,1.1054616245493831,13.201112486810395,184.05188337970998
105,0.6225,63.979073002942194,-1.0946372142802656,1.1088237939330314,12.971609143031486,183.1318148074102
105,0.625,64.15478618493307,-1.1017707329346842,1.1113472514362142,12.743336546090106,182.08313367530934
105,0.6275000000000001,64.33163732104362,-1.108860822568424,1.1130306972369577,12.516453677810437,180.90878461780676
105,0.63,64.50961907340142,-1.1159026404249188,1.1138765295252628,12.291115506402594,179.6122395807932
105,0.6325000000000001,64.68872334066648,-1.1228914891316042,1.113890770928897,12.06747234778866,178.19746433020205
105,0.635,64.86894128279762,-1.1298228352665105,1.1130829601584278,11.84566927147165,176.6688807741072
105,0.6375000000000001,65.05026334866795,-1.1366923263813082,1.1114660112098682,11.625845555798135,175.03132571763243
105,0.64,65.23267930627185,-1.143495806354238,1.1090560429522531,11.40813419666439,173.29000671128955
105,0.6425,65.41617827524796,-1.150229328972747,1.105872182337562,11.1926614728721,171.4504556789147
105,0.645,65.60074876142885,-1.1568891696726746,1.1019363447943822,10.979546570474401,169.51848102118973
105,0.6475,65.78637869311797,-1.16347183538797,1.0972729956001743,10.768901267584958,167.50011888531458
105,0.65,65.97305545879023,-1.1699740724915628,1.0919088961687062,10.560829680269995,165.40158427170934
105,0.6525,66.16076594591046,-1.1763928728336084,1.0858728392408017,10.355428069324535,163.22922261601872
105,0.655,66.34949658056766,-1.1827254779074474,1.0791953769322695,10.152784706961684,160.98946244080238
105,0.6575,66.53923336762955,-1.1889693811958106,1.07190854547932,9.952979801734063,158.68876961801152
105,0.66,66.7299619311314,-1.1951223287697927,1.0640455903373511,9.756085479366634,156.33360372265946
105,0.6625,66.92166755462702,-1.201182318230586,1.0556406950436903,9.562165816621238,153.93037689209524
105,0.665,67.11433522124464,-1.2071475960988294,1.0467287169594213,9.371276924837456,151.4854155359895
105,0.6675,67.30794965320865,-1.213016653768507,1.0373449326712934,9.18346707940777,149.0049251715418
105,0.67,67.50249535060753,-1.2187882221517086,1.0275247954732736,8.998776891145328,146.49495858830363
105,0.6725,67.69795662920893,-1.2244612651471807,1.0173037069695234,8.817239515290211,143.96138747900002
105,0.675,67.8943176571449,-1.2300349720696793,1.006716804457147,8.63888089377026,141.4098776082467
105,0.6775,68.09156249031179,-1.2355087491787289,0.9957987653672391,8.463720026280674,138.84586753122272
105,0.68,68.28967510635196,-1.2408822104448212,0.9845836296749019,8.291769265765733,136.2745508200556
105,0.6825,68.48863943710619,-1.2461551676884306,0.9731046408402783,8.123034633970223,133.70086170758296
105,0.685,68.6884393994468,-1.2513276202229116,0.961394105518869,7.957516152866829,131.12946401663936
105,0.6875,68.88905892442246,-1.2563997441264445,0.9494832719848311,7.795208187953772,128.5647432082601
105,0.6900000000000001,69.09048198466463,-1.2613718812611583,0.9374022269487821,7.636099799642938,126.01080135417358
105,0.6925,69.29269262002445,-1.2662445281494872,0.9251798102236897,7.480175099216403,123.47145481748207
105,0.6950000000000001,69.49567496142497,-1.2710183248090843,0.9128435464994418,7.327413606109303,120.95023441015323
105,0.6975,69.69941325292997,-1.2756940436383404,0.900419593328402,7.177790603573106,118.4503877864215
105,0.7000000000000001,69.90389187204423,-1.2802725784350848,0.8879327042996105,7.0312774900772865,115.97488382688788
105,0.7025,70.10909534827205,-1.284754933621427,0.8754062062866861,6.88784212411433,113.52641876845107
105,0.705,70.31500837997288,-1.2891422137382231,0.8628619895912263,6.747449160376856,111.10742383952214
105,0.7075,70.52161584956104,-1.2934356132633855,0.8503205097675617,6.610060375571669,108.72007416773629
105,0.71,70.72890283710545,-1.2976364067993653,0.8378007999024544,6.475634982420315,106.36629873786367
105,0.7125,70.9368546323915,-1.3017459396667017,0.8253204921323586,6.344129930665545,104.04779119033981
105,0.715,71.14545674551218,-1.3057656189325941,0.8128958472076602,6.215500194157,101.76602126517729
105,0.7175,71.35469491606024,-1.3096969048961604,0.8005417909549654,6.089699043322861,99.52224671149152
105,0.72,71.5645551209954,-1.3135413030453205,0.7882719565424197,5.966678302549749,97.31752549906416
105,0.7225,71.77502358126318,-1.317300356494159,0.7760987315158697,5.84638859218692,95.15272818479791
105,0.725,71.98608676724231,-1.3209756389042386,0.76403330864382,5.728779555064373,93.02855030336167
105,0.7275,72.19773140309823,-1.3245687478884935,0.7520857396833569,5.613800067568203,90.94552466737017
105,0.73,72.40994447011944,-1.3280812988921982,0.740264991256457,5.5013984354496674,88.9040334779757
105,0.7325,72.62271320911253,-1.331514919541904,0.7285790021039722,5.391522574659076,86.9043201615007
105,0.735,72.83602512192944,-1.3348712444502302,0.7170347410619609,5.284120177592623,84.94650086161414
105,0.7375,73.04986797219927,-1.338151910461876,0.7056382651807127,5.17913886521997,83.03057552945128
105,0.74,73.2642297853334,-1.3413585523242273,0.6943947774795644,5.076526325624727,81.15643856590964
105,0.7425,73.4790988478709,-1.344492798764351,0.6833086839000431,4.976230439540771,79.32388898112936
105,0.745,73.69446370622727,-1.3475562689529763,0.6723836490850243,4.878199393504758,77.53264004583858
105,0.7475,73.91031316490722,-1.350550569335283,0.6616226506724298,4.7823817812709475,75.78232841786647
105,0.75,74.12663628423819,-1.3534772908077772,0.6510280318479981,4.688726694151133,74.07252273470556
105,0.7525000000000001,74.34342237767856,-1.3563380062203383,0.640601551952839,4.597183800949171,72.40273166959602
105,0.755,74.56066100875077,-1.3591342681825185,0.6303444349878301,4.507703418159409,70.77241145427152
105,0.7575000000000001,74.77834198764646,-1.3618676071534068,0.6202574158984421,4.420236571090982,69.18097287629803
105,0.76,74.99645536754714,-1.3645395297947538,0.6103407845605237,4.334735046567881,67.62778776293891
105,0.7625000000000001,75.2149914407014,-1.3671515175675812,0.600594427419959,4.251151437837393,66.11219496673345
105,0.765,75.43394073429545,-1.369705025553168,0.5910178667675271,4.169439182298629,64.63350587059975
105,0.7675000000000001,75.653294006152,-1.3722014814800003,0.5816102976544989,4.089552592639991,63.19100943227056
105,0.77,75.87304224028858,-1.3746422849391298,0.5723706224753523,4.011446881947834,61.783976789378556
105,0.7725,76.09317664236436,-1.3770288067711949,0.5632974832612958,3.935078183321755,60.411665447530595
105,0.775,76.31368863504153,-1.3793623886092643,0.5543892917426586,3.8604035645035433,59.0733230743478
105,0.7775,76.53456985328498,-1.3816443425625713,0.5456442572498628,3.7873810379977186,57.76819092274268
105,0.78,76.7558121396218,-1.383875951027108,0.537060412531749,3.7159695671325497,56.49550690669285
105,0.7825,76.97740753937957,-1.386058466609953,0.5286356375771064,3.646129068481515,55.2545083525357
105,0.785,77.19934829592103,-1.3881931121550997,0.5203676815302655,3.577820411036801,54.04443444835407
105,0.7875,77.42162684589006,-1.390281080859436,0.5122541827950005,3.511005412498043,52.86452841341199
105,0.79,77.64423581448285,-1.3923235364683317,0.5042926874229342,3.4456468330133836,51.714039408857204
105,0.7925,77.86716801075599,-1.3943216135411534,0.49648066588335366,3.381708366683096,50.59222421006818
105,0.795,78.09041642298207,-1.396276417777765,0.4888155283109496,3.319154631111518,49.49834866010169
105,0.7975,78.31397421406187,-1.3981890263978314,0.4812946383268056,3.2579511552693985,48.43168892273552
105,0.8,78.53783471700098,-1.4000604885654373,0.4739153255260066,3.1980643659059984,47.39153255260065
105,0.8025,78.76199143045734,-1.4018918258522133,0.46667489672263285,3.1394615727291804,46.37717939887773
105,0.805,78.98643801436593,-1.4036840327327573,0.45957064604000175,3.0821109525517656,45.38794235802648
105,0.8075,79.21116828564443,-1.4054380771067532,0.45259986393056406,3.0259815325839003,44.42314799000255
105,0.81,79.43617621398468,-1.4071549008427109,0.44575984520628165,2.9710431730332454,43.48213701143426
105,0.8125,79.66145591773224,-1.4088354203387787,0.43904789615648454,2.917266549159085,42.56426467827126
105,0.8150000000000001,79.88700165985694,-1.4104805270965277,0.4324613408262851,2.8646231329111207,41.668901069490374
105,0.8175,80.11280784401596,-1.4120910883040652,0.4259975265246368,2.813085174269914,40.7954312825546
105,0.8200000000000001,80.33886901071075,-1.413667947425223,0.4196538286271314,2.762625682392872,39.94325555047056
105,0.8225,80.56517983353852,-1.4152119247919308,0.4134276547347076,2.713218406658223,39.111789289487405
105,0.8250000000000001,80.79173511553859,-1.4167238181972346,0.4073164482455045,2.6648378176884875,38.30046308571134
105,0.8275,81.01852978563343,-1.4182044034867314,0.40131769139335677,2.6174590884245985,37.508722628197745
105,0.8300000000000001,81.24555889516435,-1.4196544351464437,0.39542890780273954,2.571058075313791,36.7360285954062
105,0.8325,81.47281761452044,-1.421074646885465,0.3896476646064269,2.5256112996651163,35.98185650127435
105,0.835,81.70030122986059,-1.4224657522118873,0.38397157416875505,2.481095929219613,35.24569650658012
105,0.8375,81.92800513992681,-1.4238284450007697,0.37839829545415066,2.4374897599753673,34.52705320071733
105,0.84,82.15592485294782,-1.4251634000530826,0.37292553507751736,2.394771198301345,33.82544535850498
105,0.8425,82.3840559836312,-1.4264712736447303,0.3675510480701423,2.352919243368633,33.1404056761815
105,0.845,82.61239425024269,-1.4277527040649145,0.3622726383920925,2.311913469922737,32.471480490310455
105,0.8475,82.84093547177054,-1.429008312143241,0.35708815921946085,2.2717340114162727,31.818229482925478
105,0.85,83.0696755651734,-1.4302387017650924,0.3519955130324081,2.23236154351705,31.18022537588114
105,0.8525,83.29861054270974,-1.4314444603748813,0.34699265152771136,2.193777268003796,30.557053617046325
105,0.855,83.5277365093466,-1.4326261594669405,0.34207757537741645,2.155962897057896,29.948312060674606
105,0.8575,83.7570496602461,-1.4337843550638374,0.33724833385320874,2.1189006379571986,29.35361064400766
105,0.86,83.98654627832735,-1.4349195881820138,0.3325030243343572,2.0825731781755663,28.772571061923827
105,0.8625,84.21622273190194,-1.436032385284706,0.3278397917153523,2.0469636708894074,28.204826441211573
105,0.865,84.44607547238064,-1.437123258722158,0.32325682772781245,2.012055720890939,27.65002101584416
105,0.8675,84.67610103204993,-1.4381927071591876,0.31875237018984204,1.9778333709060014,27.107809804449687
105,0.87,84.90629602191547,-1.439241215990209,0.314324702194654,1.9442810883132986,26.57785829099994
105,0.8725,85.13665712961141,-1.440269257741871,0.30997215124908434,1.9113837522601325,26.05984210959371
105,0.875,85.36718111737277,-1.4412772924634596,0.3056930883715045,1.8791266411692793,25.553446734075152
105,0.8775000000000001,85.59786482006965,-1.4422657681052975,0.3014859271576365,1.8474954206304757,25.058367173108962
105,0.88,85.82870514330074,-1.4432351208853307,0.29734912282182957,1.8164761316694191,24.574307671225586
105,0.8825000000000001,86.05969906154478,-1.4441857756441736,0.29328117122050557,1.7860551793864419,24.100981416253852
105,0.885,86.29084361636781,-1.4451181461888525,0.2892806078637339,1.7562193219567261,23.638110253476288
105,0.8875000000000001,86.52213591468455,-1.446032635625511,0.2853460069201695,1.7269556599836353,23.18542440676481
105,0.89,86.75357312707222,-1.4469296366813786,0.28147598021994946,1.6982516261958853,22.742662206888987
105,0.8925000000000001,86.98515248613484,-1.4478095320162487,0.27766917625959997,1.6700949754800343,22.30956982713323
105,0.895,87.2168712849168,-1.4486726945237904,0.2739242792124373,1.6424737752387064,21.885901026305028
105,0.8975,87.44872687536368,-1.4495194876229556,0.27024000794750364,1.6153763960654093,21.471416899173946
105,0.9,87.68071666682894,-1.4503502655397895,0.2666151150596609,1.5887915027267283,21.065885634343577
105,0.9025,87.91283812462504,-1.4511653735799221,0.263048385913052,1.5627080454424767,20.669082279522506
105,0.905,88.14508876861728,-1.4519651483920404,0.2595386376998267,1.5371152514547037,20.28078851413438
105,0.9075,88.37746617185931,-1.4527499182226136,0.25608471851571357,1.512002616876368,19.900792429182182
105,0.91,88.60996795926842,-1.4535200031621631,0.2526855064537367,1.4873598988107868,19.528888314260534
105,0.9125,88.84259180633988,-1.454275715383352,0.24933990871713516,1.4631771077327405,19.1648764515929
105,0.915,89.07533543789859,-1.455017359371159,0.24604686075234009,1.4394445001229057,18.808562916957523
105,0.9175,89.30819662688683,-1.4557452321454132,0.24280532540265293,1.4161525713467873,18.459759387352836
105,0.92,89.5411731931873,-1.4564596234759393,0.2396142920830937,1.3932920487699438,18.11828295524338
105,0.9225,89.77426300247977,-1.45716081609058,0.23647277597677416,1.3708538851014453,17.783955949223106
105,0.925,90.00746396513057,-1.4578490858763282,0.23337981725296977,1.348829251957489,17.456605760923377
105,0.9275,90.24077403511363,-1.458524702073823,0.23033448030697823,1.3272095336376626,17.136064677991712
105,0.93,90.47419120896235,-1.4591879274654325,0.22733585302175194,1.3059863211061558,16.822169722964645
105,0.9325,90.70771352475076,-1.4598390185571577,0.22438304605119694,1.2851514061709617,16.514762497856353
105,0.935,90.94133906110349,-1.4604782257545716,0.221475192124948,1.2646967758537109,16.213689034283703
105,0.9375,91.17506593623345,-1.4611057935330138,0.2186114453743786,1.244614606943557,15.918799648950307
105,0.9400000000000001,91.4088923070062,-1.4617219606022371,0.21579098067954625,1.2248972607284154,15.629948804312988
105,0.9425,91.64281636803022,-1.4623269600657105,0.21301299303672874,1.2055372778972702,15.346994974256502
105,0.9450000000000001,91.87683635077242,-1.462921019574772,0.210276696946152,1.1865273736072908,15.069800514603429
105,0.9475,92.11095052269766,-1.463504361477817,0.20758132581950428,1.1678604327098725,14.79823153829146
105,0.9500000000000001,92.34515718643205,-1.4640772029646878,0.2049261314067979,1.1495295051300036,14.532157795052704
105,0.9525,92.57945467894864,-1.464639756206466,0.20231038324208797,1.1315278013930792,14.271452555431424
105,0.9550000000000001,92.8138413707755,-1.4651922284908037,0.1997333681076073,1.1138486882942757,14.015992498985078
105,0.9575,93.04831566522473,-1.4657348223529678,0.19719438951579665,1.0964856847050277,13.76565760651281
105,0.96,93.28287599764245,-1.4662677357027565,0.19469276720874137,1.079432457511786,13.520331056162595
105,0.9625,93.51752083467848,-1.4667911619474268,0.19222783667452475,1.0626828176823455,13.279899123272951
105,0.965,93.75224867357555,-1.4673052901107797,0.1897989486799727,1.0462307164550548,13.044251083807087
105,0.9675,93.98705804147727,-1.4678103049485443,0.18740546881930156,1.030070241646588,12.813279121244369
105,0.97,94.22194749475422,-1.468306387060188,0.1850467770781664,1.0141956140739865,12.586878236797375
105,0.9725,94.45691561834757,-1.4687937129972815,0.1827222674126155,0.998601184086996,12.364946162827252
105,0.975,94.69196102512998,-1.4692724553685461,0.1804313473424484,0.9832814282065425,12.147383279333805
105,0.9775,94.92708235528293,-1.4697427829416903,0.17817343755852189,0.9682309458659117,11.934092533403522
105,0.98,95.16227827568994,-1.4702048607421652,0.1759479715435099,0.9534444562507175,11.724979361500036
105,0.9825,95.39754747934575,-1.4706588501489282,0.1737543952056571,0.9389167952343109,11.51995161448717
105,0.985,95.63288868478011,-1.4711049089873343,0.17159216652508746,0.9246429124052977,11.318919485279803
105,0.9875,95.86830063549668,-1.4715431916192556,0.16946075521220824,0.9106178681838328,11.121795439019467
105,0.99,96.10378209942569,-1.471973849030507,0.16735964237778875,0.8968368310237549,10.928494145677462
105,0.9925,96.33933186839074,-1.4723970289157071,0.16528832021428982,0.8832950746973839,10.738932414991071
105,0.995,96.57494875758879,-1.4728128757606131,0.1632462916880492,0.8699879756603842,10.55302913364324
105,0.9975,96.81063160508312,-1.4732215309220726,0.1612330702419092,0.8569110104936674,10.370705204597646
105,1.0,97.046379271309,-1.4736231327056284,0.1592481795079158,0.8440597534198923,10.191883488506612
105,1.0025,97.2821906385915,-1.4740178164408773,0.1572911530297171,0.8314298738919189,10.016488747111667
105,1.0050000000000001,97.51806461067531,-1.4744057145546614,0.15536153399430352,0.8190171342508336,9.844447588560108
105,1.0075,97.75400011226584,-1.4747869566421508,0.15345887497273736,0.806817387451159,9.67568841456342
105,1.01,97.98999608858192,-1.4751616695359075,0.15158273766953917,0.7948265748509533,9.510141369327034
105,1.0125,98.22605150491897,-1.4755299773729746,0.1497326926804234,0.7830407240648178,9.34773829018464
105,1.0150000000000001,98.46216534622317,-1.4758920016600827,0.14790831925803263,0.771455946877357,9.188412659869531
105,1.0175,98.69833661667546,-1.4762478613370136,0.14610920508542535,0.7600684372155571,9.032099560364117
105,1.02,98.93456433928598,-1.476597672838197,0.14433494605697086,0.7488744691776863,8.878735628264259
105,1.0225,99.17084755549796,-1.4769415501525875,0.1425851460664165,0.7378703951172054,8.728259011603859
105,1.025,99.40718532480106,-1.477279604881884,0.1408594168018386,0.7270526437797168,8.580609328083447
105,1.0275,99.64357672435413,-1.4776119462971482,0.13915737754721566,0.7164177184912636,8.435727624649914
105,1.03,99.88002084861645,-1.4779386813938626,0.13747865499039547,0.705962195396391,8.293556338378085
105,1.0325,100.11651680898828,-1.4782599149454936,0.13582288303718618,0.6956827217442155,8.15403925860377
105,1.035,100.35306373345922,-1.4785757495555867,0.13418970263138377,0.685576014221229,8.017121490264476
105,1.0375,100.58966076626537,-1.478886285708469,0.13257876158046458,0.6756388573289948,7.882749418400098
105,1.04,100.82630706755393,-1.479191621818571,0.13098971438678533,0.6658681018057133,7.75087067377428
105,1.0425,101.06300181305613,-1.4794918542784399,0.12942222208404036,0.6562606630899384,7.6214340995725625
105,1.045,101.29974419376737,-1.4797870775054585,0.12787595207880803,0.646813519825334,7.494389719139869
105,1.0475,101.53653341563482,-1.4800773839873402,0.1263505779969919,0.6375237124051195,7.369688704719138
105,1.05,101.77336869925232,-1.4803628643264066,0.12484577953497174,0.6283883415549665,7.247283347154822
105,1.0525,102.01024927956206,-1.4806436072827112,0.12336124231530568,0.6194045669532405,7.1271270265273285
105,1.055,102.24717440556334,-1.4809196998160232,0.12189665774678327,0.6105696058872522,7.009174183683322
105,1.0575,102.48414334002771,-1.4811912271267265,0.12045172288872905,0.6018807319447579,6.893380292633307
105,1.06,102.72115535922066,-1.48145827269565,0.11902614031933131,0.5933352737392075,6.779701833781775
105,1.0625,102.95820975262968,-1.4817209183228708,0.11761961800791484,0.5849306136681393,6.6680962679642795
105,1.065,103.19530582269832,-1.481979244165518,0.11623186919097236,0.5766641867034263,6.558522011260758
105,1.0675000000000001,103.43244288456633,-1.4822333287746068,0.11486261225184186,0.5685334792125821,6.4509384105592655
105,1.07,103.66962026581544,-1.4824832491309325,0.11351157060389,0.5605360278101501,6.345305719843619
105,1.0725,103.90683730622116,-1.4827290806800546,0.1121784725770776,0.5526694182382514,6.241585077179947
105,1.075,104.14409335750965,-1.4829708973663873,0.1108630513078036,0.5449312842755895,6.1397384823791725
105,1.0775000000000001,104.38138778312037,-1.483208771666444,0.10956504463187525,0.5373193066737899,6.0397287753102225
105,1.08,104.61871995797367,-1.48344277462123,0.10828419498054585,0.5298312121206481,5.941519614844765
105,1.0825,104.85608926824382,-1.4836729758678393,0.1070202492794621,0.5224647722291476,5.845075458409251
105,1.085,105.09349511113673,-1.483899443670257,0.10577295885045898,0.5152178025517735,5.750361542126081
105,1.0875000000000001,105.33093689467273,-1.4841222449493987,0.10454207931608597,0.5080881616192551,5.657343861523161
105,1.09,105.56841403747399,-1.4843414453124044,0.10332737050676676,0.5010737500030504,5.5659891527927545
105,1.0925,105.80592596855658,-1.4845571090812186,0.10212859637052665,0.49417250940101043,5.476264874582748
105,1.095,106.04347212712725,-1.4847692993204578,0.10094552488516077,0.4873824217453391,5.388139190300694
105,1.0975,106.28105196238418,-1.4849780778646082,0.09977792797281074,0.4807015083325349,5.301580950916517
105,1.1,106.51866493332258,-1.4851835053445515,0.09862558141681568,0.4741278289743457,5.216559678244796
105,1.1025,106.75631050854392,-1.4853856412134534,0.09748826478081339,0.46765948116949185,5.133045548693852
105,1.105,106.99398816606967,-1.4855845437720225,0.09636576132997414,0.4612945992953021,5.051009377464299
105,1.1075,107.23169739315891,-1.4857802701931593,0.09525785795432369,0.4550313538188857,4.970422603184091
105,1.11,107.46943768612977,-1.485972876546024,0.09416434509407665,0.44886795052723194,4.891257272965591
105,1.1125,107.70720855018465,-1.4861624178195085,0.09308501666691547,0.44280262977571805,4.813486027871301
105,1.115,107.94500949923929,-1.4863489479451693,0.09201966999716017,0.43683366575458277,4.737082088775765
105,1.1175,108.18284005575548,-1.4865325198196015,0.0909681057467435,0.4309593657727324,4.66201924260996
105,1.12,108.42069975057706,-1.4867131853262918,0.08993012784797912,0.4251780695586608,4.588271828978526
105,1.1225,108.65858812276957,-1.4868909953569474,0.08890554343800783,0.4194881485776971,4.515814727135282
105,1.125,108.89650471946335,-1.4870659998323295,0.08789416279492332,0.413888005365463,4.444623343308715
105,1.1275,109.1344490956997,-1.4872382477225974,0.0868957992754875,0.4083760728768716,4.374673598364767
105,1.1300000000000001,109.37242081428045,-1.4874077870671758,0.08591026925440394,0.40295081385037756,4.305941915797518
105,1.1325,109.61041944562051,-1.4875746649941544,0.08493739206509514,0.3976107201870385,4.238405210037445
105,1.135,109.84844456760375,-1.4877389277392512,0.083976989941934,0.3923543123439601,4.1720408750674585
105,1.1375,110.08649576544151,-1.4879006206643166,0.08302888796390316,0.38718013874187474,4.106826773338334
105,1.1400000000000001,110.32457263153442,-1.4880597882754298,0.0820929139996024,0.382086775186257,4.042741224972724
105,1.1425,110.56267476533667,-1.4882164742405655,0.0811688986536112,0.3770728243019058,3.9797629972515
105,1.145,110.80080177322354,-1.488370721406863,0.08025667521411868,0.3721369149803739,3.917871294371652
105,1.1475,111.03895326836128,-1.4885225718174961,0.07935607960181831,0.36727770184011255,3.85704574746949
105,1.1500000000000001,111.27712887057986,-1.4886720667281594,0.07846695032001269,0.3624938646988936,3.7972664049004243
105,1.1525,111.51532820624816,-1.4888192466231807,0.07758912840589068,0.35778410805821326,3.7385137227677285
105,1.155,111.75355090815195,-1.4889641512312672,0.07672245738296217,0.35314716059944284,3.6807685556939176
105,1.1575,111.9917966153742,-1.4891068195408983,0.07586678321458241,0.34858177469126406,3.6240121478260567
105,1.16,112.23006497317775,-1.4892472898153644,0.07502195425857763,0.34408672590833383,3.5682261240702804
105,1.1625,112.46835563289062,-1.48938559960748,0.07418782122289484,0.3396608125606315,3.5133924815467363
105,1.165,112.70666825179333,-1.4895217857739542,0.0733642371222888,0.3353028552334742,3.4594935812606478
105,1.1675,112.94500249300876,-1.489655884489446,0.0725510572359828,0.33101169633772454,3.406512139981677
105,1.17,113.18335802539406,-1.4897879312603108,0.07174813906629651,0.32678619967006656,3.354431222326669
105,1.1725,113.42173452343489,-1.4899179609380295,0.07095534229820472,0.32262524998304054,3.303234233039567
105,1.175,113.66013166714158,-1.4900460077323558,0.07017252875980351,0.31852775256460236,3.2529049094630507
105,1.1775,113.89854914194753,-1.490172105224156,0.06939956238366277,0.3144926328270055,3.2034273141966843
105,1.18,114.13698663860968,-1.4902962863779787,0.06863630916902277,0.3105188359046783,3.154785827935549
105,1.1825,114.37544385311075,-1.4904185835543422,0.06788263714484738,0.3066053262610528,3.1069651424859406
105,1.185,114.61392048656363,-1.490539028521754,0.06713841633366283,0.3027510873038859,3.0599502539510555
105,1.1875,114.85241624511761,-1.4906576524684652,0.06640351871620705,0.29895512100910726,3.0137264560840338
105,1.19,115.09093083986646,-1.490774486013975,0.06567781819683499,0.29521644755280485,2.968279333802302
105,1.1925000000000001,115.32946398675831,-1.4908895592202736,0.06496119056967596,0.29153410495124604,2.923594756859485
105,1.195,115.56801540650731,-1.491002901602852,0.06425351348551799,0.2879071487087146,2.8796588736703845
105,1.1975,115.80658482450714,-1.4911145421414709,0.06355466641939625,0.28433465147293957,2.8364581052846596
105,1.2,116.04517197074605,-1.4912245092906862,0.06286453063888306,0.28081570269804096,2.7939791395059137
105,1.2025000000000001,116.28377657972375,-1.4913328309901677,0.062182989173030515,0.2773494083146293,2.752208925150878
105,1.205,116.52239839036967,-1.4914395346747775,0.06150992678198833,0.2739348904071113,2.7111346664466884
105,1.2075,116.7610371459632,-1.4915446472844431,0.06084522992724074,0.27057128689781873,2.670743817560816
105,1.21,116.99969259405512,-1.4916481952738136,0.06018878674247526,0.2672577512379554,2.631024077261401
105,1.2125000000000001,117.23836448639078,-1.491750204621715,0.05954048700505334,0.2639934521051122,2.591963383703884
105,1.215,117.47705257883467,-1.4918507008403996,0.058900222108065774,0.2607775731072156,2.55354990934052
105,1.2175,117.71575663129651,-1.4919497089845997,0.05826788503297411,0.2576093124928065,2.5157720559502077
105,1.22,117.95447640765886,-1.4920472536603946,0.05764337032279512,0.2544878828673815,2.478618449784257
105,1.2225,118.19321167570581,-1.4921433590338802,0.0570265740558506,0.25141251091582983,2.442077936826587
105,1.225,118.43196220705352,-1.4922380488396683,0.05641739382003032,0.24838243713061908,2.406139578163725
105,1.2275,118.6707277770816,-1.4923313463891936,0.05581572868759106,0.24539691554579834,2.3707926454632777
105,1.23,118.90950816486625,-1.4924232745788586,0.055221479190450194,0.24245521347651688,2.3360266165568198
105,1.2325,119.14830315311443,-1.4925138558979985,0.054634547295978664,0.23955661126403602,2.301831171125253
105,1.235,119.38711252809935,-1.4926031124366852,0.054054836383274366,0.23670040202606216,2.268196186483672
105,1.2375,119.62593607959717,-1.4926910658933659,0.05348225121990513,0.2338858914122809,2.235111733463232
105,1.24,119.86477360082495,-1.4927777375823439,0.05291669793911492,0.23111239736500477,2.202568072387718
105,1.2425,120.10362488837988,-1.492863148441102,0.052358084017466555,0.2283792498847391,2.1705556491417624
105,1.245,120.34248974217944,-1.4929473190374787,0.05180631825293929,0.22568579080069004,2.1390650913295683
105,1.2475,120.58136796540279,-1.4930302695766902,0.05126131074343307,0.22303137354592023,2.1080872045202814
105,1.25,120.82025936443351,-1.4931120199082117,0.05072297286570578,0.22041536293723163,2.077612968579309
105,1.2525,121.05916374880297,-1.493192589532515,0.05019121725470788,0.2178371349595263,2.0476335340823693
105,1.2550000000000001,121.29808093113523,-1.493271997607668,0.04966595778331761,0.21529607655462232,2.0181402188107023
105,1.2575,121.53701072709258,-1.4933502629557998,0.04914710954246433,0.21279158541440213,1.9891245043252799
105,1.26,121.77595295532248,-1.4934274040694318,0.04863458882162657,0.2103230697781671,1.960578032617851
105,1.2625,122.0149074374052,-1.4935034391176818,0.04812831308971074,0.20788994823419205,1.932492602837518
105,1.2650000000000001,122.25387399780264,-1.4935783859523362,0.047628200976275514,0.20549164952523838,1.9048601680898827
105,1.2675,122.49285246380794,-1.4936522621138093,0.04713417225312728,0.20312761235811533,1.8776728323083276
105,1.27,122.7318426654962,-1.4937250848369674,0.046646147816245924,0.20079728521703336,1.8509228471943326
105,1.2725,122.9708444356761,-1.4937968710568503,0.04616404966805773,0.19850012618078816,1.8246026092261154
105,1.2750000000000001,123.20985760984225,-1.4938676374142617,0.04568780090003481,0.19623560274361862,1.7987046567333964
105,1.2775,123.44888202612863,-1.4939374002612604,0.04521732567561446,0.1940031916396805,1.7732216670367074
105,1.28,123.68791752526278,-1.4940061756665286,0.04475254921344238,0.1918023786710848,1.7481464536500928
105,1.2825,123.926963950521,-1.4940739794206455,0.044293397770910535,0.18963265853933745,1.7234719635448092
105,1.285,124.16602114768406,-1.4941408270412426,0.04383979862801274,0.18749353468023836,1.6991912744736881
105,1.2875,124.4050889649942,-1.4942067337780627,0.04339168007147843,0.18538451910200326,1.6752975923534321
105,1.29,124.64416725311234,-1.4942717146179159,0.04294897137920967,0.18330513222670064,1.6517842487046566
105,1.2925,124.88325586507673,-1.494335784289538,0.04251160280498955,0.18125490273479616,1.6286446981472975
105,1.295,125.12235465626182,-1.4943989572683494,0.042079505563471876,0.17923336741282384,1.6058725159506868
105,1.2975,125.36146348433819,-1.4944612477811228,0.04165261181543896,0.17724007100407796,1.5834613956366916
105,1.3,125.60058220923311,-1.4945226698105545,0.041230854653323185,0.17527456606226183,1.561405146634724
105,1.3025,125.83971069309183,-1.4945832370997483,0.040814168086990565,0.1733364128080573,1.5396976919875163
105,1.305,126.0788488002397,-1.4946429631566098,0.04040248702976835,0.17142517898848963,1.5183330661060024
105,1.3075,126.31799639714475,-1.494701861258152,0.039995747284734186,0.16954043973913246,1.4973054125729923
105,1.31,126.5571533523811,-1.4947599444547202,0.039593885531231506,0.16768177744895213,1.4766089819933663
105,1.3125,126.79631953659319,-1.4948172255741288,0.039196839311635416,0.1658487816278787,1.4562381298907816
105,1.315,127.03549482246025,-1.4948737172257207,0.0388045470183431,0.16404104877693412,1.436187314649024
105,1.3175000000000001,127.27467908466191,-1.4949294318043465,0.038416947880994215,0.16225818226092453,1.41645109549734
105,1.32,127.51387219984396,-1.4949843814942616,0.03803398195391407,0.16049979218362506,1.3970241305386248
105,1.3225,127.75307404658517,-1.495038578272957,0.03765559010377119,0.1587654952653813,1.377901174819333
105,1.325,127.99228450536435,-1.4950920339149016,0.037281713997457104,0.1570549147231454,1.3590770784405866
105,1.3275000000000001,128.23150345852832,-1.4951447599952252,0.03691229609016215,0.15536768015278218,1.3405467847087378
105,1.33,128.47073079026012,-1.4951967678933218,0.0365472796136681,0.15370342741372184,1.3223053283253763
105,1.3325,128.7099663865481,-1.4952480687963803,0.0361866085648361,0.15206179851582532,1.304347833615246
105,1.335,128.94921013515548,-1.4952986737028617,0.03583022769428744,0.15044244150842773,1.286669512791256
105,1.3375000000000001,129.18846192559025,-1.495348593425888,0.03547808249528707,0.14884501037156678,1.2692656642562303
105,1.34,129.42772164907598,-1.4953978385965854,0.03513011919280264,0.1472691649092635,1.252131670939724
105,1.3425,129.6669891985228,-1.4954464196673465,0.034786284732761956,0.1457145706449108,1.2352629986700459
105,1.345,129.90626446849924,-1.495494346915043,0.034446526771478005,0.144180898718621,1.218655194579728
105,1.3475,130.14554735520423,-1.4955416304441687,0.034110793665265135,0.1426678257866079,1.2023038855446424
105,1.35,130.3848377564399,-1.4955882801899238,0.03377903446021537,0.14117503392243044,1.1862047766550252
105,1.3525,130.62413557158456,-1.4956343059212436,0.03345119888215963,0.139702210520201,1.1703536497186855
105,1.355,130.8634407015665,-1.4956797172437635,0.03312723732678192,0.1382490481995744,1.1547463617946612
105,1.3575,131.1027530488381,-1.4957245236027314,0.03280710084990747,0.13681524471260004,1.1393788437574912
105,1.36,131.3420725173503,-1.4957687342858645,0.03249074115795008,0.13540050285234415,1.124247098891006
105,1.3625,131.58139901252758,-1.4958123584261498,0.032178110598511,0.1340045303632207,1.1093472015108246
105,1.365,131.82073244124362,-1.4958554050045918,0.03186916215114065,0.132627039853065,1.094675295615399
105,1.3675,132.06007271179703,-1.495897882852911,0.03156384941824304,0.13126774870684388,1.0802275935643941
105,1.37,132.29941973388776,-1.495939800656186,0.031262126616139356,0.12992637900203682,1.0660003747844418
105,1.3725,132.5387734185937,-1.4959811669554497,0.030963948566265706,0.1286026574255762,1.0519899845009166
105,1.375,132.77813367834815,-1.4960219901502378,0.030669270686521293,0.12729631519238208,1.0381928324957952
105,1.3775,133.01750042691702,-1.4960622785010795,0.03037804898275714,0.12600708796544546,1.0246053918907814
105,1.3800000000000001,133.25687357937701,-1.4961020401319565,0.030090240040398092,0.12473471577738865,1.0112241979549872
105,1.3825,133.4962530520939,-1.4961412830327028,0.029805801016200503,0.12347894295351033,0.998045846936791
105,1.385,133.7356387627012,-1.4961800150613669,0.029524689630144266,0.12223951803627879,0.9850669949193828
105,1.3875,133.9750306300794,-1.4962182439465235,0.029246864157457305,0.1210161937112618,0.9722843566994979
105,1.3900000000000001,134.2144285743354,-1.4962559772895498,0.028972283420758794,0.11980872673439819,0.9596947046884543
105,1.3925,134.45383251678214,-1.4962932225668542,0.02870090678233559,0.11861687786066231,0.9472948678355657
105,1.395,134.69324237991904,-1.4963299871320603,0.028432694136539576,0.11744041177406554,0.9350817305731082
105,1.3975,134.93265808741236,-1.4963662782181584,0.028167605902303567,0.1162790970189422,0.9230522317823757
105,1.4,135.17207956407623,-1.496402102939609,0.027905603015774386,0.11513270593251275,0.9112033637803882
143,0.0,38.816242111356935,-0.0178571428571428,0.0,41.49999999999999,83.0
143,0.0025,38.819001548586364,-0.02156383155230985,9.270031250507838e-06,41.39621271653534,83.05948000455024
143,0.005,38.822280107021584,-0.025273152307856334,3.710621208639818e-05,41.292351735380024,83.11791507353193
143,0.0075,38.82607815187795,-0.02898505831080218,8.354661617006352e-05,41.18841836729754,83.17529787597435
143,0.01,38.83039604179422,-0.032699502423531784,0.00014862789500023205,41.0844139321411,83.23162120012995
143,0.0125,38.8352341287875,-0.03641643718924522,0.00023238526216307832,40.980339758701135,83.28687795924726
143,0.015,38.840592758208885,-0.040135814837669634,0.0003348524780257,40.87619718454526,83.34106119750756
143,0.0175,38.846472268700076,-0.04385758729104017,0.00045606183490069557,40.77198755585088,83.39416409612717
143,0.02,38.852872992150715,-0.04758170617035785,0.0005960441427116367,40.66771222723,83.44617997962914
143,0.0225,38.859795253656664,-0.051308122801929056,0.0007548287151903365,40.563372561545975,83.49710232228907
143,0.025,38.86723937147926,-0.055036788224198704,0.0009324433566378975,40.458969929722436,83.5469247547556
143,0.0275,38.87520565700546,-0.05876765319488254,0.0011289143492826876,40.35450571054328,83.59564107085026
143,0.03,38.883694414709105,-0.06250066819840693,0.0013442664412695645,40.249981290444616,83.64324523455068
143,0.0325,38.89270594211316,-0.06623578345366335,0.0015785228353157976,40.14539806329742,83.68973138715707
143,0.035,38.90224052975313,-0.06997294892208904,0.0018317051780704185,40.04075743018151,83.73509385464769
143,0.0375,38.91229846114158,-0.07371211431607859,0.0021038335502148865,39.93606079914979,83.77932715522392
143,0.04,38.922880012733884,-0.07745322910773857,0.00239492645734425,39.83130958498332,83.82242600704873
143,0.0425,38.933985453895225,-0.08119624253798934,0.0027050008216692,39.72650520893632,83.86438533618002
143,0.045,38.94561504686888,-0.08494110362602729,0.0030340719745807496,39.62164909847124,83.90520028470222
143,0.0475,38.95776904674587,-0.08868776117915415,0.003382153650120487,39.516742686983676,83.94486621905696
143,0.05,38.97044770143597,-0.09243616380298335,0.003749257979400699,39.411787413516464,83.98337873857565
143,0.0525,38.98365125164029,-0.09618625991202959,0.004135395486020032,39.30678472246317,84.02073368421654
143,0.055,38.99737993082518,-0.099937997740696,0.004540575082521569,39.201736063260505,84.05692714750673
143,0.0575,39.01163396519791,-0.10369132535466306,0.004964804067941593,39.09664289006945,84.09195547969125
143,0.06,39.026413573683776,-0.10744619066269123,0.005408088126498793,38.99150666144465,84.12581530109233
143,0.0625,39.04171896790505,-0.1112025414288464,0.005870431327474711,38.88632883999231,84.15850351067746
143,0.065,39.05755035216158,-0.11496032528515686,0.006351836126337963,38.7811108920156,84.19001729584045
143,0.0675,39.07390792341321,-0.1187194897447117,0.006852303367165843,38.67585428714808,84.220354142395
143,0.07,39.09079187126408,-0.12247998221521003,0.0073718322864184714,38.57056049797413,84.24951184478252
143,0.0725,39.10820237794886,-0.12624175001297108,0.007910420518122034,38.465230999636816,84.27748851649635
143,0.075,39.12613961832092,-0.1300047403774144,0.008468064100518759,38.3598672694324,84.3042826007201
143,0.0775,39.14460375984267,-0.1337689004860194,0.0090447574842433,38.25447078639146,84.32989288118623
143,0.08,39.163594962577896,-0.13753417746977475,0.009640493542085791,38.14904303084631,84.35431849325067
143,0.0825,39.18311337918642,-0.14130051842912789,0.010255263580403897,38.043585483984415,84.37755893518725
143,0.085,39.20315915492094,-0.14506787045044198,0.010889057352247291,37.93809962738763,84.39961407970216
143,0.08750000000000001,39.22373242762624,-0.14883618062297307,0.011541863072259443,37.83258694255675,84.42048418566904
143,0.09,39.244833327740814,-0.15260539605637624,0.012213667433422922,37.72704891042146,84.4401699100844
143,0.0925,39.26646197830102,-0.15637546389874935,0.01290445562571618,37.62148701083501,84.45867232024615
143,0.095,39.28861849494768,-0.16014633135522618,0.01361421135675082,37.51590272205366,84.47599290615466
143,0.0975,39.311302985935455,-0.1639179457071284,0.014342916874459906,37.41029752020041,84.49213359313659
143,0.1,39.33451555214488,-0.16769025433168486,0.015090552991909605,37.30467287871282,84.50709675469378
143,0.10250000000000001,39.35825628709719,-0.1714632047223317,0.015857099114307296,37.19903026777471,84.52088522557607
143,0.105,39.38252527697206,-0.17523674450959875,0.01664253326828159,37.09337115373125,84.53350231508111
143,0.1075,39.40732260062827,-0.17901082148259598,0.01744683213351047,36.98769699848731,84.54495182058075
143,0.11,39.43264832962746,-0.18278538361110888,0.018269971076775447,36.88200925888895,84.5552380412748
143,0.1125,39.458502528261036,-0.186560379068313,0.019111924188521517,36.77630938608724,84.56436579217421
143,0.115,39.4848852535802,-0.19033575625411697,0.019972664322003952,36.67059882488471,84.5723404183154
143,0.11750000000000001,39.511796555429456,-0.1941114638191465,0.02085216313510435,36.56487901306391,84.5791678092055
143,0.12,39.53923647648334,-0.19788745068937746,0.02175039113490052,36.45915138069743,84.58485441350203
143,0.1225,39.56720505228679,-0.20166366609143066,0.022667317725076165,36.353417349439944,84.58940725392856
143,0.125,39.59570231129903,-0.20544005957853642,0.023602911256257585,36.24767833180098,84.59283394242719
143,0.1275,39.62472827494113,-0.2092165810571824,0.024557139079367508,36.141935730398885,84.59514269555281
143,0.13,39.6542829576474,-0.21299318081445232,0.02552996760208653,36.036190937195336,84.5963423501092
143,0.1325,39.68436636692063,-0.21676980954607042,0.026521362348515883,35.93044533271003,84.5964423790325
143,0.135,39.71497850339126,-0.22054641838515882,0.02753128802213617,35.82470028521556,84.59545290752402
143,0.1375,39.74611936088072,-0.22432295893172108,0.028559708572159146,35.718957149911795,84.59338472943666
143,0.14,39.777788926468865,-0.22809938328286394,0.029606587263371863,35.61321726807982,84.5902493239196
143,0.14250000000000002,39.80998718056577,-0.2318756440637668,0.030671886749574336,35.50748196621454,84.58605887232564
143,0.145,39.84271409698782,-0.2356516944594123,0.031755569150714445,35.401752555136454,84.58082627538687
143,0.1475,39.875969643038395,-0.2394274882470909,0.03285759613382628,35.29603032908146,84.5745651706646
143,0.15,39.909753779593075,-0.24320297982968866,0.0339779289978799,35.19031656476871,84.56728995027888
143,0.1525,39.94406646118964,-0.24697812426977458,0.035116528762654586,35.08461252044631,84.5590157789264
143,0.155,39.97890763612283,-0.2507528773244981,0.036273356261748727,34.978919434914054,84.54975861219266
143,0.1575,40.014277246544076,-0.25452719548131114,0.03744837223984473,34.8732385265233,84.53953521516975
143,0.16,40.05017522856631,-0.2583010359945279,0.038641537454346855,34.76757099215321,84.52836318138374
143,0.1625,40.08660151237393,-0.2620743569227374,0.0398528127815184,34.661918006163354,84.51626095204847
143,0.165,40.12355602233806,-0.26584711716708226,0.041082159327242004,34.5562807193217,84.50324783564929
143,0.1675,40.161038677137235,-0.26961927651042,0.04232953854253711,34.450660257708236,84.48934402787535
143,0.17,40.19904938988365,-0.27339079565738167,0.04359491234396647,34.345057721593314,84.47457063190734
143,0.17250000000000001,40.23758806825505,-0.2771616362753446,0.044878243239072614,34.239474184290344,84.45894967907803
143,0.17500000000000002,40.276654614632456,-0.28093176103633694,0.04617949445698639,34.13391069098256,84.44250414991795
143,0.1775,40.31624892624378,-0.28470113365988753,0.047498630084356876,34.02836825752315,84.42525799560357
143,0.18,40.356370895313546,-0.28846971895684775,0.04883561520675502,33.922847869208255,84.4072361598235
143,0.1825,40.39702040921881,-0.29223748287419404,0.050190416055710396,33.81735047952256,84.38846460108185
143,0.185,40.43819735065138,-0.29600439254083943,0.051563000161544754,33.71187700885649,84.36897031545672
143,0.1875,40.479901597786586,-0.2997704163144708,0.05295333651217348,33.60642834319483,84.34878135983544
143,0.19,40.52213302445863,-0.30353552382943316,0.05436139571805174,33.50100533277587,84.32792687564813
143,0.1925,40.564891500342746,-0.3072996860456874,0.05578715018344903,33.39560879072076,84.3064371131225
143,0.195,40.60817689114426,-0.3110628752988615,0.057230574284243545,33.29023949163187,84.28434345608515
143,0.1975,40.65198905879477,-0.31482506535142113,0.058691644552435196,33.18489817016021,84.26167844733524
143,0.2,40.696327861655526,-0.31858623144498754,0.06017033986758474,33.07958551954035,84.23847581461862
143,0.2025,40.74119315472827,-0.32234635035382814,0.061666641655394545,32.97430219009281,84.21477049723137
143,0.20500000000000002,40.78658478987363,-0.3261054004395501,0.06318053409365695,32.869048787692584,84.19059867328468
143,0.20750000000000002,40.83250261603718,-0.32986336170702535,0.06471200432580476,32.76382587220329,84.16599778766303
143,0.21,40.87894647948359,-0.3336202158615812,0.06626104268231028,32.65863395587573,84.14100658071149
143,0.2125,40.92591622403866,-0.33737594636748713,0.06782764291018857,32.55347350171037,84.11566511768716
143,0.215,40.973411691339834,-0.34113053850777575,0.06941180241087397,32.44834492178229,84.09001481901444
143,0.2175,41.021432721095024,-0.3448839794454313,0.07101352248675018,32.34324857552792,84.06409849138349
143,0.22,41.06997915135023,-0.3486362582859886,0.0726328085966291,32.238184767992315,84.03796035973615
143,0.2225,41.11905081876591,-0.3523873661415773,0.07426967062048313,32.13315374803583,84.01164610018039
143,0.225,41.168647558902514,-0.35613729619646006,0.07592412313375665,32.02815570649911,83.9852028738839
143,0.2275,41.21876920651522,-0.3598860437741049,0.0775961856915909,31.923190774325064,83.95867936199184
143,0.23,41.26941559585825,-0.36363360640584075,0.07928588312331862,31.81825902063646,83.93212580162273
143,0.2325,41.320586560998834,-0.36737998390114507,0.08099324583759694,31.71336045076794,83.90559402299324
143,0.23500000000000001,41.372281936141206,-0.37112517841961495,0.08271831013856831,31.608495004250784,83.87913748772883
143,0.23750000000000002,41.424501555960745,-0.3748691945446759,0.08446111855345594,31.503662552749073,83.85281132841719
143,0.24,41.477245255948546,-0.37861203935908516,0.08622172017202094,31.398862897945612,83.82667238946482
143,0.2425,41.53051287276677,-0.3823537225222901,0.08800017099832816,31.294095769375872,83.80077926931878
143,0.245,41.58430424461486,-0.38609425634970185,0.08979653431529051,31.18936082220835,83.77519236411943
143,0.2475,41.638619211607086,-0.38983365589395186,0.09161088106248104,31.084657634969346,83.7499739128487
143,0.25,41.69345761616151,-0.3935719390281983,0.0934432902277308,30.979985707210442,83.7251880440468
143,0.2525,41.74881930340088,-0.3973091265315552,0.09529384925304869,30.87534445711646,83.70090082416588
143,0.255,41.80470412156551,-0.4010452421767156,0.0971626544554296,30.770733219051955,83.6771803076364
143,0.2575,41.86111192243866,-0.4047803128198536,0.09904981146314193,30.666151241044098,83.654096588722
143,0.26,41.9180425617847,-0.4085143684928782,0.10095543566811262,30.561597682199405,83.63172185524121
143,0.2625,41.975495899800265,-0.41224744249813294,0.10287965269505613,30.45707161005228,83.61013044423608
143,0.265,42.03347180157889,-0.41597957150562115,0.10482259888802493,30.352571997842613,83.589398899671
143,0.2675,42.09197013758948,-0.4197107956528584,0.106784421815086,30.248097721719965,83.56960603224479
143,0.27,42.150990784168854,-0.423441158647441,0.10876528079186322,30.143647557871653,83.55083298140384
143,0.2725,42.21053362402896,-0.42717070787243444,0.11076534742471249,30.03922017957184,83.53316327964177
143,0.275,42.27059854677895,-0.4308994944946859,0.1127848061743336,29.934814154148796,83.51668291917595
143,0.2775,42.331185449462666,-0.4346275735761661,0.11482385494065325,29.83042793986734,83.50148042109025
143,0.28,42.392294237111955,-0.438355004188457,0.11688270566984874,29.726059882723206,83.4876469070348
143,0.28250000000000003,42.453924823316214,-0.4420818495304976,0.11896158498441554,29.62170821314607,83.47527617357373
143,0.28500000000000003,42.51607713080863,-0.44580817704971015,0.12106073483721833,29.517371042608126,83.4644647692733
143,0.28750000000000003,42.578751092069695,-0.44953405856663065,0.12318041319049625,29.413046360134338,83.45531207461975
143,0.29,42.64194664994833,-0.4532595704031716,0.12532089472083274,29.308732028711198,83.4479203848589
143,0.2925,42.70566375830133,-0.45698479351465054,0.1274824715511294,29.20442578158979,83.44239499584481
143,0.295,42.769902382651445,-0.4607098136257187,0.1296654540106637,29.100125218479874,83.4388442929867
143,0.2975,42.834662500864894,-0.46443472137033426,0.13187017142433607,28.99582780163065,83.43737984337628
143,0.3,42.89994410384869,-0.46815961243591475,0.134096972932251,28.891530851794393,83.4381164911784
143,0.3025,42.96574719626844,-0.47188458771183023,0.1363462283408024,28.78723154406876,83.44117245636156
143,0.305,43.03207179728731,-0.47560975344237344,0.13861832900646565,28.682926903613538,83.44666943684038
143,0.3075,43.098917941326675,-0.479335221384371,0.1409136887535208,28.578613801237623,83.45473271409521
143,0.31,43.1662856788492,-0.4830611089695863,0.1432327448269597,28.47428894885158,83.46549126232823
143,0.3125,43.23417507716495,-0.4867875394720778,0.1455759588818464,28.369948894781828,83.47907786120601
143,0.315,43.302586221261365,-0.49051464218066787,0.14794381801041623,28.265590018941303,83.49562921222785
143,0.3175,43.371519214657695,-0.4942425525766914,0.15033683580821042,28.16120852785264,83.51528605874917
143,0.32,43.440974180284705,-0.49797141251718285,0.15275555348054706,28.056800449518878,83.53819330967416
143,0.3225,43.51095126139041,-0.5017013704236677,0.15520054099062938,27.952361628137304,83.56450016681924
143,0.325,43.58145062247268,-0.5054325814767208,0.1576723982505793,27.84788771865182,83.59436025592844
143,0.3275,43.65247245023946,-0.5091652078164549,0.16017175635667136,27.743374181139263,83.62793176130617
143,0.33,43.72401695459748,-0.5128994187491001,0.16269927887000318,27.63881627502519,83.6653775640053
143,0.3325,43.79608436967037,-0.5166353909598287,0.1652556631438155,27.5342090531248,83.70686538349182
143,0.335,43.86867495484693,-0.5203733087319811,0.16784164169860213,27.429547355504535,83.75256792267068
143,0.3375,43.94178899586066,-0.5241133641728378,0.17045798364609627,27.324825803160543,83.80266301613293
143,0.34,44.015426805901264,-0.5278557574460796,0.17310549616313153,27.22003879150977,83.85733378144779
143,0.3425,44.089588726759224,-0.5316006970110635,0.17578502601626766,27.115180483690224,83.91676877328351
143,0.34500000000000003,44.164275130004356,-0.5353483998690399,0.17849746113795356,27.010244803666883,83.98116214009997
143,0.34750000000000003,44.23948641819931,-0.5390990918164158,0.18124373225485196,26.90522542914036,84.05071378311027
143,0.35000000000000003,44.31522302614905,-0.5428530077051582,0.18402481456876846,26.800115784255564,84.12562951715128
143,0.3525,44.39148542218726,-0.5466103917104156,0.1868417294904415,26.69490903210836,84.20612123305449
143,0.355,44.46827410950078,-0.5503714976054108,0.1896955464261967,26.58959806704849,84.29240706103563
143,0.3575,44.54558962749297,-0.5541365890436426,0.19258738461721633,26.484175506778005,84.38471153456202
143,0.36,44.62343255318716,-0.5579059398484022,0.19551841503085504,26.378633684244736,84.48326575407317
143,0.3625,44.701803502671076,-0.5616798343095801,0.19848986230308913,26.272964639331754,84.58830754985392
143,0.365,44.7807031325834,-0.565458567487714,0.20150300673078156,26.16716011034401,84.70008164326342
143,0.3675,44.86013214164334,-0.5692424455251777,0.20455918631200443,26.061211525295022,84.81883980543107
143,0.37,44.940091272224294,-0.5730317859643835,0.2076597988321409,25.95510999299726,84.94484101241702
143,0.3725,45.02058131197251,-0.5768269180728086,0.21080630399293673,25.84884629396136,85.07835159572602
143,0.375,45.10160309547175,-0.5806281831746161,0.21400022558102444,25.742410871110742,85.2196453869324
143,0.3775,45.183157505954824,-0.5844359349885763,0.21724315367173844,25.63579382031987,85.3690038550404
143,0.38,45.26524547706277,-0.5882505399719273,0.22053674686325886,25.52898488078604,85.52671623505884
143,0.3825,45.347867994652724,-0.592072377669752,0.2238827345352412,25.42197342524695,85.69307964610881
143,0.385,45.43102609865492,-0.5959018410693568,0.22728291912513182,25.31474845005801,85.86839919721628
143,0.3875,45.51472088497965,-0.5997393369590639,0.23073917841430452,25.20729856514621,86.0529880787583
143,0.39,45.59895350747481,-0.6035852862907224,0.23425346781498585,25.09961198385977,86.24716763733863
143,0.3925,45.68372517993428,-0.6074401245451474,0.23782782264765087,24.99167651273587,86.45126743165855
143,0.395,45.76903717815771,-0.6113043020995824,0.24146436039717836,24.883479541211695,86.6656252667328
143,0.3975,45.85489084206181,-0.6151782845961508,0.24516528293451229,24.775008031307777,86.89058720356117
143,0.4,45.94128757784322,-0.619062553310133,0.2489328786889206,24.666248507316276,87.1265075411222
143,0.4025,46.02822886019285,-0.6229576055167613,0.2527695247541261,24.55718704553069,87.37374876729176
143,0.405,46.115716234561376,-0.6268639548550594,0.2566776889096298,24.447809264058336,87.63268147501456
143,0.40750000000000003,46.20375131947541,-0.630782131687094,0.26065993153642875,24.338100312761366,87.9036842397682
143,0.41000000000000003,46.29233580890347,-0.6347126834508104,0.2647189074040607,24.228044863377303,88.18714345405947
143,0.41250000000000003,46.38147147467088,-0.6386561750044383,0.2688573673034459,24.11762709987573,88.48345311437556
143,0.41500000000000004,46.47116016892203,-0.6426131889602325,0.27307815949740377,24.006830709113487,88.79301455569522
143,0.4175,46.56140382662864,-0.6465843260050967,0.2773842309579061,23.895638871857294,89.11623612832439
143,0.42,46.652204468141676,-0.6505702052053872,0.2817786283561804,23.784034254249157,89.45353281148584
143,0.4225,46.74356420178477,-0.6545714642929478,0.2862644987686189,23.67199899979746,89.80532575774049
143,0.425,46.83548522648615,-0.6585887599291437,0.2908450900581537,23.559514721983973,90.17204176197428
143,0.4275,46.927969834445754,-0.6626227679433845,0.2955237508872478,23.446562497585237,90.55411264832738
143,0.43,47.021020413833824,-0.6666741835423186,0.30030393031504843,23.33312286081508,90.95197456810554
143,0.4325,47.11463945151637,-0.670743721485559,0.3051891769274322,23.219175798404347,91.36606720136965
143,0.435,47.20882953580274,-0.6748321162234784,0.31018313744478504,23.104700745742605,91.79683285458032
143,0.4375,47.30359335920952,-0.67894012199225,0.3152895547483273,22.98967658421701,92.24471544636776
143,0.44,47.398933721234386,-0.683068512860962,0.32051226526170123,22.87408163989307,92.71015937321937
143,0.4425,47.49485353113297,-0.6872180827252578,0.3258551956204051,22.75789368369278,93.19360824663505
143,0.445,47.59135581069067,-0.6913896452415665,0.3313223585575004,22.641089933236145,93.69550349309444
143,0.4475,47.6884436969808,-0.6955840336956071,0.3369178479299234,22.523647056523004,94.21628280803077
143,0.45,47.78612044509926,-0.6998021007984512,0.34264583280573657,22.405541177643368,94.75637845491974
143,0.4525,47.884389430865234,-0.7040447184030281,0.34851055052881563,22.28674788471522,95.3162154005735
143,0.455,47.98325415347616,-0.7083127771335607,0.3545162986738815,22.1672422402603,95.89620927780396
143,0.4575,48.08271823810429,-0.7126071859200392,0.3606674258015302,22.046998794238903,96.49676416679239
143,0.46,48.18278543842095,-0.7169288714294414,0.3669683209200799,21.925991599975646,97.11827018678864
143,0.4625,48.28345963903339,-0.7212787773850575,0.3734234015587767,21.804194233218396,97.76110089018667
143,0.465,48.384744857818035,-0.7256578637649316,0.38003710035525085,21.68157981458192,98.42561045158536
143,0.4675,48.48664524813255,-0.7300671058701099,0.3868138500593169,21.55812103563693,99.11213064518513
143,0.47000000000000003,48.58916510088767,-0.7345074932531205,0.3937580668553028,21.433790188912628,99.82096760478476
143,0.47250000000000003,48.69230884645877,-0.7389800284968684,0.40087413190633303,21.30855920208768,100.55239836176881
143,0.47500000000000003,48.7960810564154,-0.7434857258339574,0.4081663710264988,21.182399676649194,101.30666715782351
143,0.47750000000000004,48.90048644504574,-0.7480256095963381,0.4156390323908031,21.05528293130253,102.08398153070353
143,0.48,49.00552987065154,-0.7526007124851477,0.4232962621984281,20.927180050415856,102.88450817322905
143,0.4825,49.11121633658772,-0.7572120736506603,0.43114207821233136,20.798061937781515,103.70836856781361
143,0.485,49.2175509920192,-0.7618607365724203,0.4391803411077519,20.667899375972233,104.55563440125033
143,0.4875,49.324539132366475,-0.7665477467299118,0.447414723574052,20.536663091562474,105.42632276721909
143,0.49,49.432186199409834,-0.7712741490545003,0.4558486771286068,20.40432382647399,106.32039116702201
143,0.4925,49.54049778102104,-0.7760409851539453,0.46448539661848454,20.270852415689532,107.23773232244122
143,0.495,49.64947961049005,-0.7808492903014655,0.4733277824055273,20.13621987155896,108.17816881832275
143,0.4975,49.75913756541331,-0.7857000901822332,0.4823784002533467,20.000397474897472,109.141447596525
143,0.5,49.86947766610922,-0.7905943973912153,0.4916394389608606,19.863356873045973,110.12723432723277
143,0.5025000000000001,49.98050607352553,-0.7955332076775604,0.5011126658163979,19.7250701850283,111.13510768829792
143,0.505,50.09222908660316,-0.8005174959321995,0.5107993799791438,19.585510113898415,112.1645535882053
143,0.5075000000000001,50.20465313906005,-0.8055482119170302,0.5207003639308388,19.444650066323156,113.21495937344551
143,0.51,50.31778479555906,-0.8106262757360059,0.5308158331800947,19.30246427939183,114.28560806645638
143,0.5125,50.43163074722395,-0.8157525730506217,0.5411453844443403,19.158927954582587,115.37567268581297
143,0.515,50.54619780646785,-0.8209279500447278,0.5516879425800458,19.01401739874762,116.48421070593861
143,0.5175,50.66149290109964,-0.8261532081462827,0.5624417065801863,18.867710171904086,117.61015871918762
143,0.52,50.777523067675084,-0.8314290985165839,0.5734040950084733,18.719985241535653,118.75232736861872
143,0.5225,50.89429544406082,-0.8367563163206844,0.58457169129218,18.570823143020842,119.90939662502996
143,0.525,51.01181726118202,-0.8421354947960987,0.5959401893487815,18.420206145709237,121.07991148673653
143,0.5275,51.13009583392652,-0.8475671991405056,0.6075043400752536,18.268118424065843,122.26227818499746
143,0.53,51.249138551182256,-0.8530519202429429,0.6192578992819225,18.114546233197604,123.45476098180012
143,0.5325,51.36895286498745,-0.8585900682869324,0.6311935777040935,17.959478087965888,124.65547964973173
143,0.535,51.489546278778356,-0.8641819662580337,0.6433029937731406,17.802904944775065,125.86240772572582
143,0.5375,51.61092633472337,-0.8698278433924297,0.6555766298730319,17.64482038501197,127.07337163141949
143,0.54,51.733100600138236,-0.875527828607319,0.6680037928470067,17.485220798995062,128.28605075251158
143,0.5425,51.85607665298274,-0.8812819439579366,0.680572579550731,17.32410556917778,129.49797856770266
143,0.545,51.97986206644618,-0.8870900981700387,0.6932698482713135,17.16147725123892,130.70654491437944
143,0.5475,52.10446439263564,-0.8929520803004406,0.7060811968443713,16.997341751587662,131.90899947302114
143,0.55,52.22989114538899,-0.8988675535817255,0.7189909483024358,16.83170849971168,133.1024565452443
143,0.5525,52.35614978224245,-0.904836049510373,0.7319821448757634,16.664590613709557,134.28390119135236
143,0.555,52.48324768559116,-0.910856962240279,0.7450365511398117,16.49600505727219,135.45019678217497
143,0.5575,52.61119214308994,-0.9169295433457777,0.7581346670609106,16.32597278631822,136.5980940068322
143,0.56,52.73999032735057,-0.9230528970198215,0.7712557516320457,16.154518883445,137.72424136286529
143,0.5625,52.869649275001095,-0.9292259757737585,0.784377857713482,15.981672678334762,138.8251971380306
143,0.5650000000000001,53.00017586518221,-0.9354475767051733,0.7974778785978025,15.807467852255147,139.89744287407606
143,0.5675,53.131576797564584,-0.9417163383993389,0.8105316067057396,15.63194252481852,140.9373982821989
143,0.5700000000000001,53.26385856998065,-0.9480307385280138,0.8235138046886592,15.455139321215613,141.94143755790984
143,0.5725,53.3970274557724,-0.9543890922064612,0.8363982890663373,15.27710541821909,142.90590701997257
143,0.5750000000000001,53.53108948096582,-0.9607895511656757,0.8491580263665753,15.097892567361079,143.82714397437644
143,0.5775,53.66605040138937,-0.9672301037918546,0.8617652415579474,14.917557093828073,144.70149668033224
143,0.58,53.801915679861544,-0.9737085760791216,0.8741915383813971,14.736159869784595,145.5253452715762
143,0.5825,53.93869046357804,-0.9802226335344448,0.8864080309932435,14.553766261035548,146.29512346330677
143,0.585,54.07637956183402,-0.9867697840656297,0.898385486135324,14.370446046162371,147.00734085346818
143,0.5875,54.214987424221015,-0.9933473818742853,0.910094474851067,14.186273307520015,147.65860560734376
143,0.59,54.35451811943978,-0.9999526323658282,0.9215055325738355,14.001326293756815,148.24564729714103
143,0.5925,54.49497531487204,-1.0065825980780823,0.9325893262301922,13.815687253813696,148.7653396539465
143,0.595,54.63636225705294,-1.0132342056189354,0.9433168268304748,13.62944224266981,149.21472297862184
143,0.5975,54.77868175318432,-1.019904253592038,0.953659485866929,13.442680899422934,149.59102595136085
143,0.6,54.921936153824866,-1.0265894214778262,0.9635894137096692,13.255496198620865,149.89168657705966
143,0.6025,55.06612733688799,-1.0332862794254605,0.9730795580874648,13.06798417608711,150.11437200571072
143,0.605,55.21125669307109,-1.0399912988997435,0.9821038806668775,12.880243630807186,150.2569969738273
143,0.6075,55.35732511283148,-1.0467008641160074,0.9906375297029495,12.692375804751793,150.3177406245394
143,0.61,55.50433297501379,-1.0534112841854602,0.9986570067295248,12.50448404280711,150.29506148039073
143,0.6125,55.65228013722246,-1.0601188058838769,1.006140325288738,12.316673435251454,150.1877103637999
143,0.615,55.80116592802,-1.066819626947879,1.0130671597678096,12.129050445459391,149.99474108532576
143,0.6175,55.95098914101759,-1.0735099097956888,1.0194189825164748,11.941722525720714,149.71551874883397
143,0.62,56.10174803091002,-1.080185795563175,1.0251791875585992,11.754797724231103,149.34972555484273
143,0.6225,56.253440311491126,-1.0868434183415097,1.0303331993844678,11.568384286437732,148.8973640180776
143,0.625,56.40606315566979,-1.093478919499791,1.0348685655123677,11.382590254005848,148.35875755185305
143,0.6275000000000001,56.55961319749025,-1.1000884619747338,1.0387750317353635,11.19752306470746,147.73454840953087
143,0.63,56.71408653614367,-1.106668244409909,1.0420445992165397,11.01328915652254,147.02569301115196
143,0.6325000000000001,56.869478741942075,-1.113214515029145,1.0446715628583043,10.82999357918394,146.2334547205925
143,0.635,57.02578486420928,-1.1197235851323761,1.0466525306423808,10.64773961629347,145.3593941744022
143,0.6375000000000001,57.18299944102868,-1.1261918421075534,1.0479864239113599,10.466628420988506,144.40535729712855
143,0.64,57.341116510772835,-1.1326157618589001,1.048674458833701,10.286758667950796,143.37346116867005
143,0.6425,57.50012962532691,-1.1389919205598484,1.04872010955626,10.108226224324243,142.2660779364425
143,0.645,57.66003186490528,-1.1453170056480997,1.0481290537962704,9.931123841853214,141.08581698838083
143,0.6475,57.82081585435008,-1.1515878259903576,1.0469091018531542,9.755540872269984,139.83550562162554
143,0.65,57.982473780791175,-1.1578013211550926,1.0450701102253528,9.581563007657419,138.51816845590474
143,0.6525,58.14499741253869,-1.1639545697430258,1.042623881194975,9.409272047195275,137.1370058499872
143,0.655,58.30837811907373,-1.17004479673671,1.0395840498906694,9.23874569137212,135.69537158412092
143,0.6575,58.47260689199749,-1.1760693798422839,1.0359659604548614,9.070057364416048,134.19675007121052
143,0.66,58.63767436679701,-1.1820258548081797,1.0317865330245855,8.90327606537097,132.64473335485945
143,0.6625,58.80357084528332,-1.1879119197168448,1.0270641232851117,8.73846624792834,131.04299814360414
143,0.665,58.97028631855918,-1.1937254382564593,1.0218183763735669,8.575687728819133,129.39528311814064
143,0.6675,59.13781049037418,-1.1994644419898088,1.0160700768968824,8.414995624285353,127.70536673254033
143,0.67,59.30613280072891,-1.2051271316469772,1.0098409967869986,8.256440313884642,125.9770457119
143,0.6725,59.475242449593736,-1.210711877477075,1.003153742649025,8.100067430641898,124.21411442814863
143,0.675,59.645128420613425,-1.216217218701859,0.9960316041677871,7.945917876347952,122.42034531335214
143,0.6775,59.815779504675234,-1.2216418621206688,0.9884984050288222,7.79402786062127,120.59947044645699
143,0.68,59.98718432322553,-1.226984679921674,0.980578357684422,7.644428962193145,118.75516442544901
143,0.6825,60.15933135122775,-1.232244706758846,0.9722959231579529,7.497148210752316,116.8910286129595
143,0.685,60.332208939663516,-1.2374211361575271,0.9636756769337188,7.352208187589239,115.01057681983748
143,0.6875,60.50580533748723,-1.2425133163137712,0.9547421818286573,7.2096271432144015,113.11722246855894
143,0.6900000000000001,60.6801087129541,-1.247520745354088,0.9455198685895828,7.069419130085534,111.21426725691374
143,0.6925,60.855107174250584,-1.2524430661226238,0.9360329248083582,6.93159414856653,109.3048913224842
143,0.6950000000000001,61.03078878936594,-1.2572800605624685,0.9263051926000669,6.796158304250882,107.39214489023081
143,0.6975,61.20714160515249,-1.2620316437565804,0.916360075348309,6.6631139748157455,105.47894136921222
143,0.7000000000000001,61.38415366553164,-1.2666978576920067,0.9062204536889995,6.5324599846238085,103.56805185017134
143,0.7025,61.56181302881094,-1.2712788648086222,0.8959086107812562,6.4041917853585755,101.66210094350444
143,0.705,61.74010778408644,-1.2757749413906871,0.885446166801958,6.278301641060759,99.76356388694664
143,0.7075,61.919026066712085,-1.2801864708561692,0.8748540225006077,6.1547788160272585,97.87476484417891
143,0.71,62.09855607282533,-1.284513936995126,0.8641523115632478,6.033609764136468,95.9978763093471
143,0.7125,62.27868607292554,-1.288757917204529,0.8533603614588147,5.914778318273196,94.13491952811302
143,0.715,62.459404424507426,-1.292919075762866,0.8424966623783098,5.798265878639759,92.28776584319107
143,0.7175,62.640699583758106,-1.29699815718372,0.8315788438260177,5.684051598855838,90.45813887119084
143,0.72,62.822560116331196,-1.3009959796833463,0.8206236583824212,5.572112568866293,88.64761741785415
143,0.7225,63.00497470721625,-1.3049134287931796,0.8096469721294686,5.4624239937909715,86.85763904024184
143,0.725,63.18793216972557,-1.3087514511441383,0.798663761209928,5.354959367964128,85.08950416695546
143,0.7275,63.371421453624365,-1.3125110484457374,0.7876881139825056,5.249690643519351,83.3443806908663
143,0.73,63.55543165243261,-1.3161932716792493,0.7767332382325597,5.146588392981025,81.62330895294303
143,0.7325,63.739952009929965,-1.319799215520651,0.7658114729033357,5.045621965421766,79.92720704043015
143,0.735,63.92497192589671,-1.3233300130057775,0.7549343038240552,4.946759635838232,78.25687632772843
143,0.7375,64.11048096112533,-1.326786830447001,0.7441123829275167,4.849968747483983,76.61300719368629
143,0.74,64.29646884173835,-1.3301708626079505,0.7333555504707545,4.755215846977381,74.99618485456949
143,0.7425,64.48292546284912,-1.3334833281401788,0.7226728597962712,4.6624668120749995,73.40689525756542
143,0.745,64.66984089160196,-1.3367254652833414,0.7120726041982016,4.571686972066441,71.84553098526966
143,0.7475,64.85720536962894,-1.3398985278283995,0.7015623454863048,4.482841220804827,70.31239712707118
143,0.75,65.04500931495963,-1.3430037813414515,0.691148943870524,4.395894122439355,68.80771707866549
143,0.7525000000000001,65.23324332342037,-1.3460424996442495,0.6808385888192959,4.310810009961024,67.33163823601163
143,0.755,65.42189816955829,-1.3490159615459885,0.6706368305754017,4.227553076712324,65.88423755488355
143,0.7575000000000001,65.61096480712526,-1.3519254478198495,0.6605486120433947,4.146087461044214,64.46552695170206
143,0.76,65.8004343691549,-1.3547722384167145,0.6505783007923033,4.066377324331999,63.075458525569566
143,0.7625000000000001,65.99029816766594,-1.3575576099077094,0.6407297209458963,3.9883869225841355,61.713929585329
143,0.765,66.18054769302286,-1.3602828331465855,0.6310061847602916,3.9120806718956107,60.380787469052635
143,0.7675000000000001,66.3711746129842,-1.362949171142434,0.6214105237146594,3.8374232080118444,59.07583414660472
143,0.77,66.5621707714671,-1.3655578771329147,0.6119451189653488,3.764379440278395,57.798830598852305
143,0.7725,66.75352818705558,-1.3681101928479096,0.6026119310365834,3.6929146002585314,56.549500969698556
143,0.775,66.94523905127858,-1.3706073469534519,0.5934125286421275,3.6229942853033443,55.32753648942207
143,0.7775,67.13729572668194,-1.3730505536656867,0.5843481165517932,3.5545844973607665,54.132599169819045
143,0.78,67.32969074471791,-1.3754410115247506,0.5754195624344792,3.487651677306985,52.964325273390585
143,0.7825,67.52241680347336,-1.3777799023185433,0.5666274226255971,3.4221627350807897,51.822328560313466
143,0.785,67.71546676525749,-1.3800683901465833,0.5579719667812231,3.3580850758956675,50.706203318184905
143,0.7875,67.90883365406745,-1.382307620614389,0.5494532013943448,3.295386622797115,49.615527180582816
143,0.79,68.10251065295004,-1.3844987201490913,0.541070892160021,3.234035835825458,48.54986374132538
143,0.7925,68.29649110127536,-1.3866427954273388,0.5328245851864146,3.1740017280345016,47.50876497198972
143,0.795,68.49076849193781,-1.388740932906891,0.5247136270574122,3.1152538786070445,46.49177345075761
143,0.7975,68.68533646849825,-1.3907941984536438,0.5167371837601727,3.057762443297973,45.498424411033184
143,0.8,68.88018882228025,-1.3928036370562649,0.5088942584973408,3.0014981624245807,44.52824761851731
143,0.8025,69.07531948943192,-1.3947702726209532,0.5011837084091613,2.94643236661331,43.580769085568704
143,0.805,69.2707225479644,-1.3966951078392695,0.4936042602351537,2.89253698050046,42.6555126317173
143,0.8075,69.46639221477639,-1.3985791241223577,0.48615452494870637,2.839784524573986,41.75200129916331
143,0.81,69.6623228426739,-1.4004232815952926,0.4788330114007648,2.7881481153318104,40.869758631981135
143,0.8125,69.85850891739291,-1.4022285191456423,0.47163813901106133,2.737601463922022,40.0083098275892
143,0.8150000000000001,70.0549450546325,-1.4039957545207469,0.464568249546845,2.6881188734190804,39.1671827688258
143,0.8175,70.2516259971045,-1.4057258844685556,0.4576216180301942,2.6396752348804386,38.34590894472538
143,0.8200000000000001,70.4485466116058,-1.4074197849172305,0.4507964628155268,2.5922460223175463,37.544024267801156
143,0.8225,70.64570188611809,-1.4090783111890672,0.44409095487916456,2.5458072867061166,36.76106979533924
143,0.8250000000000001,70.8430869269399,-1.4107022982446087,0.43750322636258143,2.500335649150953,35.99659236187997
143,0.8275,71.04069695585451,-1.4122925609531383,0.4310313784105721,2.455808293312133,35.25014512973344
143,0.8300000000000001,71.23852730733756,-1.4138498943860414,0.42467348834479896,2.412202957190842,34.52128806402778
143,0.8325,71.43657342580693,-1.4153750741298103,0.4184276162123041,2.3694979243653105,33.80958833844876
143,0.835,71.6348308629178,-1.4168688566157133,0.412291810747483,2.327672014760024,33.11462067748438
143,0.8375,71.83329527490491,-1.4183319794634408,0.4062641147847404,2.2867045750236583,32.43596764064401
143,0.84,72.03196241997354,-1.41976516183623,0.4003425701577998,2.2465754685855677,31.773219853793638
143,0.8425,72.23082815574111,-1.4211691048052333,0.39452522212015584,2.20726506545349,31.12597619241691
143,0.845,72.42988843673018,-1.4225444917210754,0.3888101233197448,2.1687542318098876,30.493843921299266
143,0.8475,72.62913931191392,-1.423891988590756,0.3831953373593767,2.131024319458837,29.876438794824402
143,0.85,72.82857692231461,-1.425212244458218,0.3776789419729693,2.0940571551698897,29.273385121780322
143,0.8525,73.02819749865562,-1.4265058917870914,0.37225903184610204,2.0578350299614425,28.684315798290985
143,0.855,73.2279973590669,-1.4277735468442505,0.3669337211078904,2.0223406883609814,28.108872312221695
143,0.8575,73.42797290684447,-1.4290158100829993,0.3617011455196858,1.9875573176760195,27.546704722151354
143,0.86,73.62812062826305,-1.4302332665247923,0.3565594643846634,1.9534685373058092,26.997471613765754
143,0.8625,73.82843709044228,-1.4314264861385655,0.35150686220089916,1.9200583881201694,26.460840036295366
143,0.865,74.02891893926576,-1.4325960242168179,0.346541550079192,1.887311321929099,25.93648542141034
143,0.8675,74.22956289735245,-1.4337424217477341,0.3416617669455094,1.8552121910634474,25.42409148678059
143,0.87,74.43036576207977,-1.4348662057826853,0.3368657805466938,1.8237462380847973,24.923350126324287
143,0.8725,74.63132440365794,-1.435967889798581,0.332151888276767,1.7928990856397409,24.433961288986396
143,0.875,74.8324357632546,-1.4370479740545683,0.32751841784006747,1.762656726472097,23.95563284773065
143,0.8775000000000001,75.03369685116887,-1.4381069459427107,0.32296372776625903,1.733005513604099,23.488080460269646
143,0.88,75.23510474505424,-1.4391452803322784,0.31848620779122844,1.7039321506961989,23.031027422919415
143,0.8825000000000001,75.43665658818901,-1.4401634399073895,0.31408427911683756,1.6754236825930955,22.584204518829814
143,0.885,75.63834958779363,-1.441161875497769,0.3097563945615757,1.6474674860624798,22.147349861723313
143,0.8875000000000001,75.84018101339383,-1.442141026402453,0.30550103861320954,1.6200512607313189,21.720208736158355
143,0.89,76.04214819522856,-1.4431013207063021,0.30131672739371046,1.5931630202235456,21.302533435232654
143,0.8925000000000001,76.24424852270177,-1.4440431755892231,0.2972020085459129,1.566791083501756,20.894083096543554
143,0.895,76.44647944287686,-1.4449669976280493,0.29315546105061036,1.5409240664146238,20.49462353713577
143,0.8975,76.648838459013,-1.4458731830910323,0.28917569498211765,1.515550873451099,20.10392708808726
143,0.9,76.85132312914214,-1.4467621182249633,0.28526135120959734,1.4906606897010206,19.721772429305496
143,0.9025,77.0539310646856,-1.447634179534926,0.28141110105093403,1.4662429730220747,19.34794442504561
143,0.905,77.25665992910946,-1.448489734056731,0.2776236458852665,1.4422874464115378,18.982233960593298
143,0.9075,77.45950743661744,-1.449329139622098,0.2738977167298295,1.4187840905812599,18.62443778050431
143,0.91,77.66247135088054,-1.4501527451166514,0.2702320737862131,1.3957231367337724,18.274358328737996
143,0.9125,77.86554948380216,-1.4509608907308313,0.26662550596070606,1.3730950595367297,17.93180359097712
143,0.915,78.06873969431801,-1.4517539082038176,0.26307683036296386,1.350890570293115,17.596586939384245
143,0.9175,78.27203988722955,-1.4525321210605788,0.25958489178684246,1.3291006103037877,17.268526980006595
143,0.92,78.47544801207022,-1.453295844842178,0.2561485621768604,1.3077163444190099,16.947447403005885
143,0.9225,78.67896206200336,-1.4540453873294494,0.2527667400834486,1.2867291547754043,16.63317683586122
143,0.925,78.88258007275122,-1.4547810487601995,0.24943835010979173,1.266130634714415,16.325548699662043
143,0.9275,79.08630012155359,-1.4555031220400534,0.24616234235282006,1.2459125828784932,16.02440106858616
143,0.93,79.29012032615582,-1.4562118929471128,0.24293769184060904,1.2260669974808365,15.729576532632795
143,0.9325,79.49403884382482,-1.4569076403305463,0.23976339796824048,1.2065860707447076,15.440922063663468
143,0.935,79.69805387039273,-1.4575906363032831,0.2366384839339176,1.1874621835080768,15.15828888478296
143,0.9375,79.90216363932679,-1.4582611464289472,0.23356199617695902,1.168687899989476,14.881532343079487
143,0.9400000000000001,80.1063664208254,-1.4589194299031867,0.23053300381907563,1.1502559627107738,14.610511785726837
143,0.9425,80.31066052093881,-1.4595657397295434,0.22755059811020265,1.132159287572795,14.345090439441746
143,0.9450000000000001,80.51504428071438,-1.4602003228900193,0.22461389187996034,1.114390959079455,14.085135293275975
143,0.9475,80.71951607536502,-1.4608234205104857,0.22172201899571878,1.0969442257064,13.830516984716343
143,0.9500000000000001,80.9240743134608,-1.461435268021074,0.2188741338280756,1.0798124954099273,13.581109689055106
143,0.9525,81.12871743614237,-1.4620360953117069,0.21606941072446886,1.0629893312722043,13.33679101198835
143,0.9550000000000001,81.33344391635599,-1.4626261268829026,0.21330704349151816,1.0464684472787245,13.097441885392413
143,0.9575,81.53825225810928,-1.4632055819919978,0.21058624488659825,1.0302437042240538,12.862946466223917
143,0.96,81.74314099574718,-1.4637746747949225,0.2079062461190914,1.014309105742166,12.633192038486456
143,0.9625,81.94810869324738,-1.4643336144836705,0.20526629636160962,0.9986587944572282,12.408068918198833
143,0.965,82.15315394353479,-1.464882605419589,0.20266566227151278,0.9832870482515111,12.187470361303355
143,0.9675,82.35827536781431,-1.465421847262624,0.2001036275228885,0.9681882766465173,11.971292474444517
143,0.97,82.5634716149215,-1.465951535096647,0.19757949234916689,0.9533570172938889,11.75943412855069
143,0.9725,82.7687413606904,-1.466471859550975,0.1950925730964678,0.9387879325727013,11.551796875148533
143,0.975,82.97408330733826,-1.4669830069182308,0.1926422017877181,0.92447580628954,11.348284865338293
143,0.9775,83.17949618286644,-1.4674851592686289,0.19022772569757937,0.9104155404783835,11.14880477136015
143,0.98,83.384978740477,-1.4679784945608263,0.18784850693814706,0.89660215229687,10.95326571067913
143,0.9825,83.5905297580047,-1.4684631867494315,0.18550392205536959,0.8830307710159186,10.761579172517216
143,0.985,83.7961480373638,-1.4689394058892948,0.1831933616361188,0.8696966350997342,10.573658946762507
143,0.9875,84.00183240400915,-1.4694073182366723,0.18091622992579,0.8565950893731747,10.389421055183966
143,0.99,84.2075817064113,-1.4698670863473662,0.17867194445632759,0.8437215822737499,10.208783684883526
143,0.9925,84.4133948155452,-1.4703188691719506,0.17645993568450632,0.8310716631853903,10.031667123915364
143,0.995,84.61927062439185,-1.4707628221481637,0.1742796466403376,0.8186409798514118,9.857993699006496
143,0.9975,84.82520804745296,-1.4711990972905704,0.172130532585407,0.8064252758640317,9.687687715311126
143,1.0,85.03120602027768,-1.4716278432775731,0.17001206068097025,0.7944203882279663,9.520675398134333
143,1.0025,85.2372634990016,-1.4720492055358694,0.16792370966561057,0.7826222449956549,9.356884836561159
143,1.0050000000000001,85.4433794598972,-1.472463326322435,0.1658649695422619,0.7710268629718116,9.196245928929152
143,1.0075,85.64955289893568,-1.4728703448041063,0.16383534127439178,0.7596303454850201,9.038690330083616
143,1.01,85.85578283135986,-1.4732703971348522,0.16183433649112383,0.7484288802241377,8.884151400355783
143,1.0125,86.0620682912676,-1.473663616530804,0.1598614772011035,0.7374187371374761,8.732564156207207
143,1.0150000000000001,86.2684083312056,-1.47405013334312,0.1579162955148758,0.726596266392643,8.58386522248348
143,1.0175,86.47480202177333,-1.4744300751287476,0.1559983333755646,0.7159578963950706,8.43799278622303
143,1.02,86.68124845123668,-1.4748035667191652,0.1541071422976395,0.7055001318633821,8.294886551968293
143,1.0225,86.88774672515102,-1.4751707302871537,0.15224228311354868,0.6952195519596962,8.154487698527605
143,1.025,87.09429596599364,-1.4755316854116776,0.1504033257279934,0.685112808473041,8.016738837137543
143,1.0275,87.30089531280503,-1.475886549140918,0.14858984887965251,0.6751766240542976,7.881583970978661
143,1.03,87.50754392083874,-1.4762354360535406,0.14680143991012148,0.6654077905008682,7.748968455996611
143,1.0325,87.7142409612201,-1.47657845831823,0.14503769453987375,0.6558031670895625,7.618838962984299
143,1.035,87.92098562061263,-1.4769157257515673,0.1432982166510273,0.6463596789561127,7.491143440880795
143,1.0375,88.12777710089287,-1.4772473458742936,0.1415826180767147,0.6370743155197824,7.3658310812446715
143,1.04,88.33461461883272,-1.4775734239660103,0.13989051839686278,0.6279441289517174,7.242852283861239
143,1.0425,88.54149740578949,-1.4778940631183717,0.1382215447401852,0.6189662326855976,7.122158623444033
143,1.045,88.74842470740319,-1.478209364286814,0.13657533159218785,0.6101377999692177,7.00370281739202
143,1.0475,88.95539578330097,-1.478519426340865,0.13495152060901755,0.6014560624557861,6.887438694566544
143,1.05,89.16240990680858,-1.478824346113088,0.1333497604369414,0.5929183088335352,6.773321165050993
143,1.0525,89.36946636466851,-1.4791242184466906,0.13176970653731696,0.5845218834926544,6.661306190860804
143,1.055,89.5765644567648,-1.479419136241851,0.13021102101684484,0.5762641852281757,6.551350757569067
143,1.0575,89.78370349585411,-1.4797091905007929,0.12867337246295427,0.5681426659778016,6.4434128468167255
143,1.06,89.99088280730308,-1.4799944703716583,0.1271564357841493,0.5601548295935651,6.337451409676363
143,1.0625,90.19810172883186,-1.4802750631912054,0.12565989205515374,0.5522982306462423,6.2334263408397375
143,1.065,90.40535961026335,-1.4805510545263731,0.12418342836670403,0.5445704732615552,6.131298453600852
143,1.0675000000000001,90.61265581327837,-1.480822528214745,0.12272673767983407,0.536969209987147,6.031029455606694
143,1.07,90.8199897111761,-1.481089566403949,0.12128951868450967,0.5294921406894239,5.932581925349412
143,1.0725,91.02736068864048,-1.481352249590025,0.1198714756624608,0.5221370114792944,5.8359192893738285
143,1.075,91.23476814151142,-1.4816106566547853,0.11847231835408588,0.5149016136660048,5.741005800176363
143,1.0775000000000001,91.44221147656143,-1.4818648649022088,0.11709176182928367,0.5077837827381617,5.64780651477103
143,1.08,91.64969011127712,-1.4821149500938877,0.11572952636208642,0.5007813973711294,5.556287273899896
143,1.0825,91.85720347364591,-1.4823609864835696,0.1143853373089734,0.493892378460056,5.466414681866146
143,1.085,92.06475100194704,-1.4826030468507956,0.11305892499073769,0.48711468817772074,5.378156086968346
143,1.0875000000000001,92.27233214454773,-1.4828412025336983,0.11175002457778126,0.48044632905643336,5.2914795625151
143,1.09,92.47994635970338,-1.4830755234609512,0.11045837597874333,0.47388534309335995,5.206353888401335
143,1.0925,92.68759311536263,-1.4833060781829097,0.10918372373233841,0.46742981087852997,5.122748533226607
143,1.095,92.8952718889765,-1.4835329339019698,0.10792581690229716,0.4610778507448424,5.040633636937212
143,1.0975,93.10298216731164,-1.4837561565021606,0.10668440897531677,0.45482761793949134,4.959979993974908
143,1.1,93.31072344626793,-1.4839758105779965,0.1054592577619073,0.44867730381609094,4.880759036914717
143,1.1025,93.51849523069981,-1.4841919594626078,0.10425012530005169,0.44262513504700174,4.8029428205761135
143,1.105,93.7262970342417,-1.4844046652551703,0.10305677776158188,0.43666937285522367,4.7265040065916635
143,1.1075,93.93412837913709,-1.4846139888476686,0.10187898536117587,0.4308083122652802,4.651415848417755
143,1.11,94.14198879607136,-1.484819989950978,0.10071652226790288,0.42504028137261063,4.577652176773444
143,1.1125,94.34987782400822,-1.4850227271203278,0.0995691665192086,0.4193636406308283,4.505187385492281
143,1.115,94.55779501002965,-1.4852222577801248,0.09843669993729522,0.41377678215650526,4.433996417775167
143,1.1175,94.76573990917937,-1.4854186382481842,0.09731890804778494,0.40827812905083255,4.364054752829718
143,1.12,94.97371208430948,-1.485611923759366,0.09621558000061284,0.4028661347377679,4.295338392884501
143,1.1225,95.18171110593046,-1.4858021684886358,0.0951265084930685,0.39753928231819363,4.22782385056569
143,1.125,95.38973655206448,-1.4859894255735853,0.09405148969491706,0.392296083939616,4.161488136624478
143,1.1275,95.59778800810157,-1.4861737471363927,0.09299032317553484,0.3871350801810075,4.096308748004151
143,1.1300000000000001,95.80586506665914,-1.4863551843052731,0.09194281183299259,0.3820548394523503,4.032263656235871
143,1.1325,96.01396732744406,-1.4865337872354105,0.09090876182502594,0.3770539574084963,3.9693312961528604
143,1.135,96.22209439711814,-1.486709605129396,0.08988798250182653,0.3721310563769181,3.9074905549126013
143,1.1375,96.43024588916595,-1.486882686257178,0.08888028634060481,0.3672847847990185,3.846720761317808
143,1.1400000000000001,96.63842142376578,-1.4870530779755502,0.08788548888186022,0.3625138166845987,3.787001675426417
143,1.1425,96.84662062766296,-1.4872208267471743,0.0869034086673067,0.3578168510791232,3.728313478441687
143,1.145,97.0548431340462,-1.487385978159161,0.08593386717940585,0.3531926115434789,3.6706367628738787
143,1.1475,97.2630885824261,-1.4875485769412193,0.08497668878245243,0.34863984564585987,3.613952522964927
143,1.1500000000000001,97.4713566185165,-1.4877086669833777,0.08403170066515757,0.3441573244654303,3.55824214536773
143,1.1525,97.679646894118,-1.4878662913533032,0.08309873278469747,0.3397438421075187,3.503487400072883
143,1.155,97.88795906700416,-1.4880214923132142,0.08217761781217277,0.33539821522999863,3.4496704315748765
143,1.1575,98.09629280080985,-1.4881743113364092,0.08126819107943274,0.33111928258054557,3.39677375027041
143,1.16,98.30464776492185,-1.4883247891234093,0.08037029052723114,0.32690590454453894,3.3447802240821525
143,1.1625,98.5130236343719,-1.488472965617742,0.07948375665466009,0.3227569627032485,3.2936730703006325
143,1.165,98.72142008973171,-1.4886188800213525,0.07860843246983541,0.31867135940212465,3.24343584763822
143,1.1675,98.92983681701027,-1.4887625708096828,0.07774416344179104,0.31464801732888636,3.19405244848868
143,1.17,99.1382735075531,-1.488904075746388,0.07689079745353974,0.31068587910114087,3.1455070913859493
143,1.1725,99.34672985794369,-1.4890434318977377,0.07604818475627857,0.30678390686334256,3.097784313656766
143,1.175,99.55520556990673,-1.4891806756466877,0.07521617792468263,0.3029410818927606,3.0508689642605535
143,1.1775,99.76370035021361,-1.4893158427066304,0.07439463181328432,0.29915640421434914,3.004746196812255
143,1.18,99.97221391058943,-1.4894489681348504,0.07358340351387835,0.29542889222418367,2.9594014627816634
143,1.1825,100.18074596762222,-1.4895800863456672,0.07278235231393872,0.29175758232130145,2.914820504864773
143,1.185,100.38929624267365,-1.4897092311232956,0.07199133965601183,0.2881415285477324,2.870989350521934
143,1.1875,100.5978644617919,-1.489836435634411,0.07121022909805703,0.28457980223648816,2.8278943056779657
143,1.19,100.80645035562596,-1.4899617324404522,0.0704388862747097,0.28107149166734297,2.7855219485797216
143,1.1925000000000001,101.01505365934176,-1.490085153509636,0.06967717885943754,0.2776157017301869,2.743859123806461
143,1.195,101.22367411253988,-1.4902067302287225,0.06892497652756704,0.2742115535957832,2.702892936428812
143,1.1975,101.4323114591751,-1.4903264934145102,0.06818215092015009,0.27085818439371845,2.6626107463118833
143,1.2,101.64096544747727,-1.4904444733250928,0.06744857560865414,0.26755474689740466,2.623000162558772
143,1.2025000000000001,101.84963582987395,-1.4905606996708596,0.06672412606044613,0.2643004092159341,2.584049038090245
143,1.205,102.05832236291434,-1.4906752016252636,0.06600867960504957,0.2610943544926161,2.545745464356864
143,1.2075,102.26702480719509,-1.4907880078353553,0.06530211540115706,0.25793578061006156,2.508077766180005
143,1.21,102.47574292728707,-1.4908991464320849,0.0646043144043731,0.254823899901635,2.4710344967180475
143,1.2125000000000001,102.68447649166404,-1.4910086450403897,0.06391515933566243,0.2517579388690977,2.434604432554088
143,1.215,102.89322527263235,-1.4911165307890595,0.06323453465049556,0.2487371379063434,2.398776568902268
143,1.2175,103.10198904626225,-1.4912228303203912,0.06256232650866615,0.24576075102905126,2.363540114929222
143,1.22,103.31076759232036,-1.4913275697996393,0.0618984227447585,0.24282804561010024,2.3288844891873666
143,1.2225,103.51956069420363,-1.4914307749242628,0.061242712839256384,0.23993830212065206,2.294799315157336
143,1.225,103.72836813887444,-1.4915324709329751,0.06059508789026434,0.23709081387669867,2.2612744168961614
143,1.2275,103.93718971679696,-1.4916326826146065,0.059955440585835754,0.2342848867910188,2.228299814788757
143,1.23,104.14602522187482,-1.4917314343167725,0.05932366517688804,0.23151983913037444,2.195865721399782
143,1.2325,104.35487445138997,-1.491828749954363,0.058699657450684055,0.22879500127781943,2.1639625374230267
143,1.235,104.56373720594259,-1.491924653017856,0.05808331470487622,0.2261097155000369,2.1325808477261177
143,1.2375,104.77261328939228,-1.492019166581446,0.057474535722079716,0.22346333571951724,2.101711417487335
143,1.24,104.98150250880042,-1.4921123133110161,0.05687322074498706,0.22085522729156276,2.0713451884230456
143,1.2425,105.19040467437343,-1.4922041154719314,0.05627927145198504,0.2182847667859168,2.04147327510247
143,1.245,105.39931959940735,-1.4922945949366806,0.055692590933276595,0.21575134177295502,2.0120869613480354
143,1.2475,105.60824710023321,-1.4923837731923457,0.05511308366748869,0.21325435061433137,1.9831776967188832
143,1.25,105.81718699616377,-1.4924716713479302,0.05454065549875416,0.21079320225795528,1.9547370930753494
143,1.2525,106.02613910944096,-1.492558310141528,0.05397521361425728,0.20836731603722614,1.9267569212224065
143,1.2550000000000001,106.23510326518453,-1.4926437099473426,0.053416666522229476,0.20597612147440736,1.8992291076299423
143,1.2575,106.44407929134148,-1.4927278907825696,0.05286492403038616,0.20361905808806186,1.87214573122798
143,1.26,106.65306701863668,-1.4928108723141273,0.052319897224789316,0.20129557520443253,1.8454990202747554
143,1.2625,106.86206628052419,-1.4928926738652601,0.05178149844913128,0.19900513177270857,1.8192813492960154
143,1.2650000000000001,107.07107691313972,-1.4929733144219974,0.05124964128442462,0.19674719618406944,1.7934852360935358
143,1.2675,107.2800987552537,-1.493052812639485,0.05072424052908838,0.19452124609441518,1.7681033388211271
143,1.27,107.48913164822554,-1.4931311868481885,0.05020521217942582,0.1923267682507277,1.743128453126571
143,1.2725,107.69817543595849,-1.4932084550599651,0.04969247341047944,0.19016325832096045,1.7185535093576751
143,1.2750000000000001,107.90722996485557,-1.4932846349740225,0.04918594255725166,0.18803022072736356,1.6943715698307371
143,1.2775,108.11629508377611,-1.493359743982742,0.04868553909629022,0.18592716848320467,1.670575826160134
143,1.28,108.3253706439932,-1.4934337991774007,0.04819118362762611,0.1838536230327888,1.6471595966473769
143,1.2825,108.53445649915204,-1.4935068173537605,0.04770279785705105,0.1818091140946925,1.624116323728013
143,1.285,108.74355250522878,-1.493578815017565,0.04722030457873568,0.17979317950817733,1.6014395714752374
143,1.2875,108.95265852049046,-1.4936498083899052,0.046743627658169105,0.177805365082655,1.5791230231584321
143,1.29,109.16177440545539,-1.493719813412493,0.04627269201542278,0.17584522445020018,1.557160478855643
143,1.2925,109.37090002285453,-1.4937888457528217,0.04580742360872702,0.1739123189210058,1.5355458531185127
143,1.295,109.58003523759335,-1.4938569208092243,0.04534774941834974,0.17200621734171795,1.5142731726882939
143,1.2975,109.78917991671453,-1.4939240537158351,0.044893597430778545,0.1701264959566128,1.4933365742619598
143,1.3,109.99833392936134,-1.4939902593474463,0.04444489662318526,0.16827273827150202,1.4727303023067304
143,1.3025,110.20749714674164,-1.4940555523242716,0.04400157694818639,0.16644453492037903,1.4524487069224992
143,1.305,110.41666944209257,-1.4941199470166187,0.04356356931887374,0.16464148353468355,1.4324862417503736
143,1.3075,110.6258506906459,-1.494183457549459,0.04313080559412047,0.16286318861515584,1.412837461926594
143,1.31,110.83504076959395,-1.4942460978069207,0.042703218564153045,0.16110926140623044,1.3934970220806306
143,1.3125,111.04423955805623,-1.4943078814366824,0.04228074193638186,0.15937931977289044,1.3744596743763497
143,1.315,111.25344693704666,-1.4943688218542872,0.041863310321487775,0.1576729880799572,1.3557202665953336
143,1.3175000000000001,111.46266278944132,-1.494428932247366,0.041450859219756324,0.15598989707374178,1.3372737402612496
143,1.32,111.67188699994678,-1.4944882255797851,0.04104332500765618,0.15432968376602296,1.3191151288043768
143,1.3225,111.88111945506921,-1.4945467145957034,0.04064064492465378,0.15269199132028438,1.3012395557652303
143,1.325,112.09036004308379,-1.494604411823565,0.04024275706026274,0.1510764689401835,1.2836422330365047
143,1.3275000000000001,112.2996086540048,-1.494661329579993,0.03984960034132011,0.1494827717601926,1.2663184591423216
143,1.33,112.50886517955624,-1.4947174799736302,0.0394611145194842,0.14791056073835857,1.249263617553912
143,1.3325,112.71812951314301,-1.4947728749088864,0.039077240158953204,0.14635950255115918,1.2324731750409932
143,1.335,112.92740154982249,-1.494827526089629,0.038697918624396796,0.14482926949039635,1.2159426800579167
143,1.3375000000000001,113.13668118627686,-1.4948814450227836,0.038323092069092755,0.14331953936206987,1.1996677611636686
143,1.34,113.34596832078559,-1.494934643021885,0.03795270342327238,0.1418299953872228,1.1836441254751908
143,1.3425,113.55526285319877,-1.4949871312105465,0.03758669638266578,0.14036032610469584,1.1678675571531107
143,1.345,113.76456468491072,-1.4950389205258663,0.03722501539724071,0.13891022527574726,1.1523339159190613
143,1.3475,113.97387371883406,-1.4950900217217675,0.03686760566013703,0.13747939179052282,1.1370391356040626
143,1.35,114.18318985937432,-1.495140445372275,0.036514413096784416,0.13606752957629603,1.1219792227269831
143,1.3525,114.39251301240499,-1.4951902018747323,0.036165384354207804,0.1346743475074892,1.107150255102661
143,1.355,114.60184308524303,-1.4952393014529497,0.035820466790513227,0.13329955931740917,1.092548380478883
143,1.3575,114.81117998662477,-1.4952877541602978,0.03547960846454786,0.13194288351166425,1.0781698152015062
143,1.36,115.02052362668222,-1.4953355698827409,0.035142758125737306,0.13060404328324535,1.0640108429072712
143,1.3625,115.2298739169199,-1.4953827583418138,0.034809865204085404,0.12928276642920067,1.0500678132433472
143,1.365,115.43923077019201,-1.495429329097539,0.03448087980034894,0.12797878526892148,1.0363371406134743
143,1.3675,115.64859410068001,-1.4954752915512866,0.034155752676368896,0.12669183656396316,1.0228153029496618
143,1.37,115.85796382387066,-1.4955206549485935,0.03383443524556381,0.12542166143938638,1.009498840509123
143,1.3725,116.06733985653422,-1.4955654283819075,0.033516879563579655,0.12416800530659519,0.9963843546958161
143,1.375,116.27672211670345,-1.4956096207932994,0.03320303831909188,0.12293061778762171,0.9834685069059943
143,1.3775,116.4861105236526,-1.4956532409771126,0.03289286482475924,0.12170925264084892,0.9707480173973169
143,1.3800000000000001,116.69550499787695,-1.4956962975825667,0.03258631300832404,0.12050366768812652,0.9582196641809211
143,1.3825,116.9049054610726,-1.4957387991163125,0.032283337403857956,0.11931362474326374,0.9458802819360035
143,1.385,117.11431183611683,-1.4957807539449337,0.03198389314314786,0.11813888954185515,0.9337267609463333
143,1.3875,117.3237240470485,-1.4958221702974133,0.03168793594722262,0.11697923167243228,0.9217560460583222
143,1.3900000000000001,117.53314201904912,-1.4958630562675395,0.03139542211801532,0.1158344245089021,0.9099651356600887
143,1.3925,117.74256567842394,-1.4959034198162775,0.0311063085301581,0.11470424514424124,0.8983510806810547
143,1.395,117.95199495258365,-1.4959432687740912,0.030820552622910575,0.11358847432543864,0.8869109836117173
143,1.3975,118.16142977002609,-1.4959826108432264,0.03053811239221629,0.11248689638965019,0.8756419975430761
143,1.4,118.37087006031868,-1.4960214535999452,0.030258946382882405,0.11139929920152894,0.8645413252252117
